REGION,COUNTRY,SECTOR,SUBSECTOR,YEAR,QUARTER,"Dividend, USD"
Canada,Canada,Consumer Cyclical,Auto,2010,10Q3,84533630.4
Canada,Canada,Consumer Cyclical,Auto,2010,10Q4,43623263.88
Canada,Canada,Consumer Cyclical,Auto,2011,11Q1,60869744
Canada,Canada,Consumer Cyclical,Auto,2011,11Q2,60477345
Canada,Canada,Consumer Cyclical,Auto,2011,11Q3,60518240
Canada,Canada,Consumer Cyclical,Auto,2011,11Q4,59205418.5
Canada,Canada,Consumer Cyclical,Auto,2012,12Q1,64187234.65
Canada,Canada,Consumer Cyclical,Auto,2012,12Q2,64203186.85
Canada,Canada,Consumer Cyclical,Auto,2012,12Q3,64214568.55
Canada,Canada,Consumer Cyclical,Auto,2012,12Q4,64137734.65
Canada,Canada,Consumer Cyclical,Auto,2013,13Q1,74676200
Canada,Canada,Consumer Cyclical,Auto,2013,13Q2,74532527.04
Canada,Canada,Consumer Cyclical,Auto,2013,13Q3,72997184.32
Canada,Canada,Consumer Cyclical,Auto,2013,13Q4,71626864.64
Canada,Canada,Consumer Cyclical,Auto,2014,14Q1,84046957.9
Canada,Canada,Consumer Cyclical,Auto,2014,14Q2,82882509.84
Canada,Canada,Consumer Cyclical,Auto,2014,14Q3,80784641.94
Canada,Canada,Consumer Cyclical,Auto,2014,14Q4,78794878.34
Canada,Canada,Consumer Cyclical,Auto,2015,15Q1,90278581.8
Canada,Canada,Consumer Cyclical,Auto,2015,15Q2,90370810.2
Canada,Canada,Consumer Cyclical,Auto,2015,15Q3,90415495.5
Canada,Canada,Consumer Cyclical,Auto,2015,15Q4,88963636.08
Canada,Canada,Consumer Cyclical,Auto,2016,16Q1,100676220.75
Canada,Canada,Consumer Cyclical,Auto,2016,16Q2,99174040.5
Canada,Canada,Consumer Cyclical,Auto,2016,16Q3,97259792.75
Canada,Canada,Consumer Cyclical,Auto,2016,16Q4,96102320.75
Canada,Canada,Consumer Cyclical,Auto,2017,17Q1,105120635.125
Canada,Canada,Consumer Cyclical,Auto,2017,17Q2,104573015.525
Canada,Canada,Consumer Cyclical,Auto,2017,17Q3,101868413.9
Canada,Canada,Consumer Cyclical,Auto,2017,17Q4,99376118.05
Canada,Canada,Consumer Cyclical,Auto,2018,18Q1,118270423.26
Canada,Canada,Consumer Cyclical,Auto,2018,18Q2,116742921.9
Canada,Canada,Consumer Cyclical,Auto,2018,18Q3,113153596.05
Canada,Canada,Consumer Cyclical,Auto,2018,18Q4,110389165.92
Canada,Canada,Consumer Cyclical,Auto,2019,19Q1,118719898.54
Canada,Canada,Consumer Cyclical,Auto,2019,19Q2,117660530.205
Canada,Canada,Consumer Cyclical,Auto,2019,19q3,114676908.15
Canada,Canada,Consumer Cyclical,Auto,2019,19Q4,111656428.395
Canada,Canada,Consumer Cyclical,Auto,2020,20Q1,121300208
Canada,Canada,Consumer Cyclical,Auto,2020,20Q2,121064850.8
Canada,Canada,Consumer Cyclical,Auto,2020,20Q3,119405666.8
Canada,Canada,Consumer Cyclical,Auto,2020,20Q4,119705523.6
Canada,Canada,Consumer Cyclical,Auto,2021,21Q1,129866603.51
Canada,Canada,Consumer Cyclical,Auto,2021,21q2,129650759.85
Canada,Canada,Consumer Cyclical,Auto,2021,21q3,129281887.36
Canada,Canada,Consumer Cyclical,Auto,2021,21Q4,129323779.68
Canada,Canada,Consumer Cyclical,Auto,2022,22q1,134042389.2
Canada,Canada,Consumer Cyclical,Auto,2022,22Q2,131794171.65
Canada,Canada,Consumer Cyclical,Auto,2022,22Q3,130033087.65
Canada,Canada,Consumer Cyclical,Auto,2022,22Q4,128618664.3
Canada,Canada,Consumer Cyclical,Auto,2023,23Q1,131537814.2
Canada,Canada,Consumer Cyclical,Auto,2023,23Q2,131616138.4
Canada,Canada,Consumer Cyclical,Auto,2023,23Q3,131635160.32
Canada,Canada,Consumer Cyclical,Auto,2023,23q4,131726298.74
Canada,Canada,Consumer Cyclical,Auto,2024,24q1,136220613.05
Canada,Canada,Consumer Cyclical,Auto,2024,24q2,136458045.125
Canada,Canada,Consumer Cyclical,Auto,2024,24q3,136480678.875
Canada,Canada,Consumer Cyclical,Auto,2024,24q4,136480678.875
Canada,Canada,Consumer Cyclical,Auto,2025,25Q1,136831770.085
Canada,Canada,Consumer Cyclical,Auto,2025,25q2,136641718.955
Canada,Canada,Consumer Cyclical,General Retail,2011,11Q3,6872549.25600029
Canada,Canada,Consumer Cyclical,General Retail,2011,11Q4,6551115.74562096
Canada,Canada,Consumer Cyclical,General Retail,2012,12Q1,6651899.67942288
Canada,Canada,Consumer Cyclical,General Retail,2012,12Q2,8165782.43545838
Canada,Canada,Consumer Cyclical,General Retail,2012,12Q3,8100199.34167099
Canada,Canada,Consumer Cyclical,General Retail,2012,12Q4,8127675.32409501
Canada,Canada,Consumer Cyclical,General Retail,2013,13Q1,8083715.26632637
Canada,Canada,Consumer Cyclical,General Retail,2013,13Q2,10182770.2982926
Canada,Canada,Consumer Cyclical,General Retail,2013,13Q3,9825548.14822063
Canada,Canada,Consumer Cyclical,General Retail,2013,13Q4,9508954.99837322
Canada,Canada,Consumer Cyclical,General Retail,2014,14Q1,8847889.22564585
Canada,Canada,Consumer Cyclical,General Retail,2014,14Q2,10011193.715329
Canada,Canada,Consumer Cyclical,General Retail,2014,14Q3,9801983.43350346
Canada,Canada,Consumer Cyclical,General Retail,2014,14Q4,9307275.15329329
Canada,Canada,Consumer Cyclical,General Retail,2015,15Q1,8419938.65269939
Canada,Canada,Consumer Cyclical,General Retail,2015,15Q2,9601959.39140869
Canada,Canada,Consumer Cyclical,General Retail,2015,15Q3,8793038.74591516
Canada,Canada,Consumer Cyclical,General Retail,2015,15Q4,8756666.47044214
Canada,Canada,Consumer Cyclical,General Retail,2016,16Q1,7982828.19239513
Canada,Canada,Consumer Cyclical,General Retail,2016,16Q2,9505023.92812058
Canada,Canada,Consumer Cyclical,General Retail,2016,16Q3,9146974.63658366
Canada,Canada,Consumer Cyclical,General Retail,2016,16Q4,8856383.02818624
Canada,Canada,Consumer Cyclical,General Retail,2017,17Q1,8972173.43610351
Canada,Canada,Consumer Cyclical,General Retail,2017,17Q2,9169069.72078502
Canada,Canada,Consumer Cyclical,General Retail,2017,17Q3,9937069.87752695
Canada,Canada,Consumer Cyclical,General Retail,2017,17Q4,9585410.6519522
Canada,Canada,Consumer Cyclical,General Retail,2018,18Q1,10013425.4705262
Canada,Canada,Consumer Cyclical,General Retail,2018,18Q2,10209021.0109738
Canada,Canada,Consumer Cyclical,General Retail,2018,18Q3,10099039.2283681
Canada,Canada,Consumer Cyclical,General Retail,2018,18Q4,9954741.17281523
Canada,Canada,Consumer Cyclical,General Retail,2019,19Q1,9560417.06663051
Canada,Canada,Consumer Cyclical,General Retail,2019,19Q2,10307947.996335
Canada,Canada,Consumer Cyclical,General Retail,2019,19q3,10459158.8751866
Canada,Canada,Consumer Cyclical,General Retail,2019,19Q4,10480364.9872165
Canada,Canada,Consumer Cyclical,General Retail,2020,20Q1,10325618.9029303
Canada,Canada,Consumer Cyclical,General Retail,2020,20Q2,9801576.50509635
Canada,Canada,Consumer Cyclical,General Retail,2020,20Q3,10206657.0323446
Canada,Canada,Consumer Cyclical,General Retail,2020,20Q4,10507448.3275118
Canada,Canada,Consumer Cyclical,General Retail,2021,21Q1,11450320.2285656
Canada,Canada,Consumer Cyclical,General Retail,2021,21q2,12841075.0268857
Canada,Canada,Consumer Cyclical,General Retail,2021,21q3,12186752.0593027
Canada,Canada,Consumer Cyclical,General Retail,2021,21Q4,12157959.4902737
Canada,Canada,Consumer Cyclical,General Retail,2022,22q1,11726322.3010767
Canada,Canada,Consumer Cyclical,General Retail,2022,22Q2,12574328.035303
Canada,Canada,Consumer Cyclical,General Retail,2022,22Q3,12399688.945454
Canada,Canada,Consumer Cyclical,General Retail,2022,22Q4,11754154.3742695
Canada,Canada,Consumer Cyclical,General Retail,2023,23Q1,11882306.2563453
Canada,Canada,Consumer Cyclical,General Retail,2023,23Q2,15034995.4732566
Canada,Canada,Consumer Cyclical,General Retail,2023,23Q3,15127392.1046779
Canada,Canada,Consumer Cyclical,General Retail,2023,23q4,14638202.6756579
Canada,Canada,Consumer Cyclical,General Retail,2024,24q1,14801639.7699597
Canada,Canada,Consumer Cyclical,General Retail,2024,24q2,18747741.2868466
Canada,Canada,Consumer Cyclical,General Retail,2024,24q3,18740500.8592756
Canada,Canada,Consumer Cyclical,General Retail,2024,24q4,18615818.4578826
Canada,Canada,Consumer Cyclical,General Retail,2025,25Q1,18035182.7025174
Canada,Canada,Consumer Cyclical,General Retail,2025,25q2,21055723.8599971
Canada,Canada,Consumer Cyclical,Household services,2015,15Q2,18191198.97
Canada,Canada,Consumer Cyclical,Household services,2015,15Q3,20234567.3
Canada,Canada,Consumer Cyclical,Household services,2015,15Q4,24289334.52
Canada,Canada,Consumer Cyclical,Household services,2016,16Q1,26315484.13
Canada,Canada,Consumer Cyclical,Household services,2016,16Q2,31855654.88
Canada,Canada,Consumer Cyclical,Household services,2016,16Q3,34950738.15
Canada,Canada,Consumer Cyclical,Household services,2016,16Q4,37408550.08
Canada,Canada,Consumer Cyclical,Household services,2017,17Q1,39798813.39
Canada,Canada,Consumer Cyclical,Household services,2017,17Q2,42231237.12
Canada,Canada,Consumer Cyclical,Household services,2017,17Q3,44765315.75
Canada,Canada,Consumer Cyclical,Household services,2017,17Q4,47254500.6
Canada,Canada,Consumer Cyclical,Household services,2018,18Q1,50150854.95
Canada,Canada,Consumer Cyclical,Household services,2018,18Q2,109770203.7
Canada,Canada,Consumer Cyclical,Household services,2018,18Q3,111635121.15
Canada,Canada,Consumer Cyclical,Household services,2018,18Q4,112508298.9
Canada,Canada,Consumer Cyclical,Household services,2019,19Q1,113679157.95
Canada,Canada,Consumer Cyclical,Household services,2019,19Q2,125778074
Canada,Canada,Consumer Cyclical,Household services,2019,19q3,126955771
Canada,Canada,Consumer Cyclical,Household services,2019,19Q4,128080139
Canada,Canada,Consumer Cyclical,Household services,2020,20Q1,149252231.5
Canada,Canada,Consumer Cyclical,Household services,2020,20Q2,311463754.68
Canada,Canada,Consumer Cyclical,Household services,2020,20Q4,157830896.6
Canada,Canada,Consumer Cyclical,Household services,2021,21Q1,158278961.88
Canada,Canada,Consumer Cyclical,Household services,2021,21q2,162705889.85
Canada,Canada,Consumer Cyclical,Household services,2021,21q3,162879970.47
Canada,Canada,Consumer Cyclical,Household services,2021,21Q4,163478360.61
Canada,Canada,Consumer Cyclical,Household services,2022,22q1,167179283.83
Canada,Canada,Consumer Cyclical,Household services,2022,22Q2,167345614.98
Canada,Canada,Consumer Cyclical,Household services,2022,22Q3,166912151.58
Canada,Canada,Consumer Cyclical,Household services,2022,22Q4,165297584.52
Canada,Canada,Consumer Cyclical,Household services,2023,23Q1,165629964.78
Canada,Canada,Consumer Cyclical,Household services,2023,23Q2,169845765.1
Canada,Canada,Consumer Cyclical,Household services,2023,23Q3,171607170.9
Canada,Canada,Consumer Cyclical,Household services,2023,23q4,171815787
Canada,Canada,Consumer Cyclical,Household services,2024,24q1,174820990.3
Canada,Canada,Consumer Cyclical,Household services,2024,24q2,183109083.86
Canada,Canada,Consumer Cyclical,Household services,2024,24q3,183745644.3
Canada,Canada,Consumer Cyclical,Household services,2024,24q4,187720125.62
Canada,Canada,Consumer Cyclical,Household services,2025,25Q1,187750350
Canada,Canada,Consumer Cyclical,Household services,2025,25q2,202872888.94
Canada,Canada,Consumer Defensive,Food Retail,2010,10Q1,44323200.6778913
Canada,Canada,Consumer Defensive,Food Retail,2010,10Q2,103539684.215582
Canada,Canada,Consumer Defensive,Food Retail,2010,10Q3,98422024.6056966
Canada,Canada,Consumer Defensive,Food Retail,2010,10Q4,161227805.420788
Canada,Canada,Consumer Defensive,Food Retail,2011,11Q1,1049772052.79017
Canada,Canada,Consumer Defensive,Food Retail,2011,11Q2,109272556.174731
Canada,Canada,Consumer Defensive,Food Retail,2011,11Q3,109870831.562504
Canada,Canada,Consumer Defensive,Food Retail,2011,11Q4,159583911.830243
Canada,Canada,Consumer Defensive,Food Retail,2012,12Q1,67604393.1672954
Canada,Canada,Consumer Defensive,Food Retail,2012,12Q2,125885105.353238
Canada,Canada,Consumer Defensive,Food Retail,2012,12Q3,124707082.691436
Canada,Canada,Consumer Defensive,Food Retail,2012,12Q4,190577400.634529
Canada,Canada,Consumer Defensive,Food Retail,2013,13Q1,72542572.324365
Canada,Canada,Consumer Defensive,Food Retail,2013,13Q2,132061828.935276
Canada,Canada,Consumer Defensive,Food Retail,2013,13Q3,137455401.215621
Canada,Canada,Consumer Defensive,Food Retail,2013,13Q4,202095588.714176
Canada,Canada,Consumer Defensive,Food Retail,2014,14Q1,73984747.8792764
Canada,Canada,Consumer Defensive,Food Retail,2014,14Q2,133525321.088312
Canada,Canada,Consumer Defensive,Food Retail,2014,14Q3,168704761.780473
Canada,Canada,Consumer Defensive,Food Retail,2014,14Q4,248440289.770134
Canada,Canada,Consumer Defensive,Food Retail,2015,15Q1,69469659.4521417
Canada,Canada,Consumer Defensive,Food Retail,2015,15Q2,146035857.204139
Canada,Canada,Consumer Defensive,Food Retail,2015,15Q3,147187893.99223
Canada,Canada,Consumer Defensive,Food Retail,2015,15Q4,214508890.132857
Canada,Canada,Consumer Defensive,Food Retail,2016,16Q1,64090841.8721885
Canada,Canada,Consumer Defensive,Food Retail,2016,16Q2,145892765.663185
Canada,Canada,Consumer Defensive,Food Retail,2016,16Q3,150914808.542983
Canada,Canada,Consumer Defensive,Food Retail,2016,16Q4,225449900.328639
Canada,Canada,Consumer Defensive,Food Retail,2017,17Q1,69830630.8898848
Canada,Canada,Consumer Defensive,Food Retail,2017,17Q2,148202953.791897
Canada,Canada,Consumer Defensive,Food Retail,2017,17Q3,157505378.103415
Canada,Canada,Consumer Defensive,Food Retail,2017,17Q4,244500642.188418
Canada,Canada,Consumer Defensive,Food Retail,2018,18Q1,78148003.8564933
Canada,Canada,Consumer Defensive,Food Retail,2018,18Q2,156660537.769838
Canada,Canada,Consumer Defensive,Food Retail,2018,18Q3,168237410.821927
Canada,Canada,Consumer Defensive,Food Retail,2018,18Q4,251132477.478721
Canada,Canada,Consumer Defensive,Food Retail,2019,19Q1,96386875.8661942
Canada,Canada,Consumer Defensive,Food Retail,2019,19Q2,179273764.342652
Canada,Canada,Consumer Defensive,Food Retail,2019,19q3,188612731.406099
Canada,Canada,Consumer Defensive,Food Retail,2019,19Q4,274153307.620055
Canada,Canada,Consumer Defensive,Food Retail,2020,20Q1,103741134.904326
Canada,Canada,Consumer Defensive,Food Retail,2020,20Q2,178374435.275923
Canada,Canada,Consumer Defensive,Food Retail,2020,20Q3,184861684.954987
Canada,Canada,Consumer Defensive,Food Retail,2020,20Q4,281412614.572863
Canada,Canada,Consumer Defensive,Food Retail,2021,21Q1,115414116.091678
Canada,Canada,Consumer Defensive,Food Retail,2021,21q2,211237218.027425
Canada,Canada,Consumer Defensive,Food Retail,2021,21q3,207876699.023255
Canada,Canada,Consumer Defensive,Food Retail,2021,21Q4,313017142.474439
Canada,Canada,Consumer Defensive,Food Retail,2022,22q1,122344967.017729
Canada,Canada,Consumer Defensive,Food Retail,2022,22Q2,220003696.617771
Canada,Canada,Consumer Defensive,Food Retail,2022,22Q3,305313705.822264
Canada,Canada,Consumer Defensive,Food Retail,2022,22Q4,415843681.481164
Canada,Canada,Consumer Defensive,Food Retail,2023,23Q1,121376990.975473
Canada,Canada,Consumer Defensive,Food Retail,2023,23Q2,318932409.481096
Canada,Canada,Consumer Defensive,Food Retail,2023,23Q3,438323405.129573
Canada,Canada,Consumer Defensive,Food Retail,2023,23q4,459323521.766676
Canada,Canada,Consumer Defensive,Food Retail,2024,24q1,129820622.544514
Canada,Canada,Consumer Defensive,Food Retail,2024,24q2,350255173.652784
Canada,Canada,Consumer Defensive,Food Retail,2024,24q3,494122219.871946
Canada,Canada,Consumer Defensive,Food Retail,2024,24q4,486491234.006242
Canada,Canada,Consumer Defensive,Food Retail,2025,25Q1,130825362.759499
Canada,Canada,Consumer Defensive,Food Retail,2025,25q2,372959757.040151
Canada,Canada,Financial,Banks,2010,10Q1,2414401325.87475
Canada,Canada,Financial,Banks,2010,10Q2,2487600548.06685
Canada,Canada,Financial,Banks,2010,10Q3,2475722172.56718
Canada,Canada,Financial,Banks,2010,10Q4,2542762243.85488
Canada,Canada,Financial,Banks,2011,11Q1,2633825978.19063
Canada,Canada,Financial,Banks,2011,11Q2,2813278312.93391
Canada,Canada,Financial,Banks,2011,11Q3,2927953301.76621
Canada,Canada,Financial,Banks,2011,11Q4,2832474038.58513
Canada,Canada,Financial,Banks,2012,12Q1,2887305800.81093
Canada,Canada,Financial,Banks,2012,12Q2,3027826788.40241
Canada,Canada,Financial,Banks,2012,12Q3,3057237344.37559
Canada,Canada,Financial,Banks,2012,12Q4,3230271117.62668
Canada,Canada,Financial,Banks,2013,13Q1,3194935011.81672
Canada,Canada,Financial,Banks,2013,13Q2,3296337470.85887
Canada,Canada,Financial,Banks,2013,13Q3,3257222631.0287
Canada,Canada,Financial,Banks,2013,13Q4,3334088527.18127
Canada,Canada,Financial,Banks,2014,14Q1,3172538622.00351
Canada,Canada,Financial,Banks,2014,14Q2,3377022593.09131
Canada,Canada,Financial,Banks,2014,14Q3,3420432646.69503
Canada,Canada,Financial,Banks,2014,14Q4,3394930850.5647
Canada,Canada,Financial,Banks,2015,15Q1,3062402083.54667
Canada,Canada,Financial,Banks,2015,15Q2,3266934051.40495
Canada,Canada,Financial,Banks,2015,15Q3,3068609741.45997
Canada,Canada,Financial,Banks,2015,15Q4,3086198736.42236
Canada,Canada,Financial,Banks,2016,16Q1,2975646196.8193
Canada,Canada,Financial,Banks,2016,16Q2,3350234929.26457
Canada,Canada,Financial,Banks,2016,16Q3,3302357852.1931
Canada,Canada,Financial,Banks,2016,16Q4,3251697541.19128
Canada,Canada,Financial,Banks,2017,17Q1,3357468034.47423
Canada,Canada,Financial,Banks,2017,17Q2,3386187686.76083
Canada,Canada,Financial,Banks,2017,17Q3,3668903826.19678
Canada,Canada,Financial,Banks,2017,17Q4,3691488202.20484
Canada,Canada,Financial,Banks,2018,18Q1,3817277189.07781
Canada,Canada,Financial,Banks,2018,18Q2,3856092358.45183
Canada,Canada,Financial,Banks,2018,18Q3,3849589536.37781
Canada,Canada,Financial,Banks,2018,18Q4,3879624623.21341
Canada,Canada,Financial,Banks,2019,19Q1,3894545834.40795
Canada,Canada,Financial,Banks,2019,19Q2,3983052054.97678
Canada,Canada,Financial,Banks,2019,19q3,4082389551.4716
Canada,Canada,Financial,Banks,2019,19Q4,4155995525.81166
Canada,Canada,Financial,Banks,2020,20Q1,4151804965.89817
Canada,Canada,Financial,Banks,2020,20Q2,4031244216.12686
Canada,Canada,Financial,Banks,2020,20Q3,4224849608.2791
Canada,Canada,Financial,Banks,2020,20Q4,4266367743.20958
Canada,Canada,Financial,Banks,2021,21Q1,4437491269.67931
Canada,Canada,Financial,Banks,2021,21q2,4616237570.34383
Canada,Canada,Financial,Banks,2021,21q3,4499719958.78273
Canada,Canada,Financial,Banks,2021,21Q4,4525230121.86103
Canada,Canada,Financial,Banks,2022,22q1,5038052387.00552
Canada,Canada,Financial,Banks,2022,22Q2,5010031015.27604
Canada,Canada,Financial,Banks,2022,22Q3,5132567674.80021
Canada,Canada,Financial,Banks,2022,22Q4,4908230988.98578
Canada,Canada,Financial,Banks,2023,23Q1,5140077668.40713
Canada,Canada,Financial,Banks,2023,23Q2,5107857316.98023
Canada,Canada,Financial,Banks,2023,23Q3,5332782044.21123
Canada,Canada,Financial,Banks,2023,23q4,5175916175.10534
Canada,Canada,Financial,Banks,2024,24q1,5457251796.73935
Canada,Canada,Financial,Banks,2024,24q2,5372841668.24275
Canada,Canada,Financial,Banks,2024,24q3,5440583128.71942
Canada,Canada,Financial,Banks,2024,24q4,5344620274.62466
Canada,Canada,Financial,Banks,2025,25Q1,5366932857.73054
Canada,Canada,Financial,Banks,2025,25q2,5628062800.27796
Canada,Canada,Financial,General Financial,2010,10Q1,74461766.47
Canada,Canada,Financial,General Financial,2010,10Q2,74606668.89
Canada,Canada,Financial,General Financial,2010,10Q3,74730673.55
Canada,Canada,Financial,General Financial,2010,10Q4,74878411.92
Canada,Canada,Financial,General Financial,2011,11Q1,78660214.49
Canada,Canada,Financial,General Financial,2011,11Q2,81140909.33
Canada,Canada,Financial,General Financial,2011,11Q3,81177453.63
Canada,Canada,Financial,General Financial,2011,11Q4,80903924.92
Canada,Canada,Financial,General Financial,2012,12Q1,80912474.37
Canada,Canada,Financial,General Financial,2012,12Q2,87267005.42
Canada,Canada,Financial,General Financial,2012,12Q3,87352304.2
Canada,Canada,Financial,General Financial,2012,12Q4,109160193.943228
Canada,Canada,Financial,General Financial,2013,13Q1,108464209.500955
Canada,Canada,Financial,General Financial,2013,13Q2,114781724.056706
Canada,Canada,Financial,General Financial,2013,13Q3,114272304.77375
Canada,Canada,Financial,General Financial,2013,13Q4,113811965.264471
Canada,Canada,Financial,General Financial,2014,14Q1,144591068.923376
Canada,Canada,Financial,General Financial,2014,14Q2,120091069.426585
Canada,Canada,Financial,General Financial,2014,14Q3,120323815.813002
Canada,Canada,Financial,General Financial,2014,14Q4,119598150.833086
Canada,Canada,Financial,General Financial,2015,15Q1,124341892.730129
Canada,Canada,Financial,General Financial,2015,15Q2,135337167.130607
Canada,Canada,Financial,General Financial,2015,15Q3,134070122.96756
Canada,Canada,Financial,General Financial,2015,15Q4,134024458.096916
Canada,Canada,Financial,General Financial,2016,16Q1,144675377.318142
Canada,Canada,Financial,General Financial,2016,16Q2,145390710.503579
Canada,Canada,Financial,General Financial,2016,16Q3,145087886.568101
Canada,Canada,Financial,General Financial,2016,16Q4,146958710.500012
Canada,Canada,Financial,General Financial,2017,17Q1,156612111.025292
Canada,Canada,Financial,General Financial,2017,17Q2,158970295.590632
Canada,Canada,Financial,General Financial,2017,17Q3,161185153.530849
Canada,Canada,Financial,General Financial,2017,17Q4,160000424.801203
Canada,Canada,Financial,General Financial,2018,18Q1,169631551.797123
Canada,Canada,Financial,General Financial,2018,18Q2,173616691.65008
Canada,Canada,Financial,General Financial,2018,18Q3,173386721.335047
Canada,Canada,Financial,General Financial,2018,18Q4,173360505.876025
Canada,Canada,Financial,General Financial,2019,19Q1,184847249.310254
Canada,Canada,Financial,General Financial,2019,19Q2,185198176.48968
Canada,Canada,Financial,General Financial,2019,19q3,185687920.822416
Canada,Canada,Financial,General Financial,2019,19Q4,195619195.183663
Canada,Canada,Financial,General Financial,2020,20Q1,215449385.061357
Canada,Canada,Financial,General Financial,2020,20Q2,216077894.623061
Canada,Canada,Financial,General Financial,2020,20Q3,219039344.652943
Canada,Canada,Financial,General Financial,2020,20Q4,219968659.944328
Canada,Canada,Financial,General Financial,2021,21Q1,236420294.671765
Canada,Canada,Financial,General Financial,2021,21q2,240716164.495187
Canada,Canada,Financial,General Financial,2021,21q3,247509207.910719
Canada,Canada,Financial,General Financial,2021,21Q4,247177059.671673
Canada,Canada,Financial,General Financial,2022,22q1,266232293.322658
Canada,Canada,Financial,General Financial,2022,22Q2,266649518.136012
Canada,Canada,Financial,General Financial,2022,22Q3,265354463.543721
Canada,Canada,Financial,General Financial,2022,22Q4,261396638.986938
Canada,Canada,Financial,General Financial,2023,23Q1,281793076.925958
Canada,Canada,Financial,General Financial,2023,23Q2,282657409.349804
Canada,Canada,Financial,General Financial,2023,23Q3,283481073.473362
Canada,Canada,Financial,General Financial,2023,23q4,283782914.01673
Canada,Canada,Financial,General Financial,2024,24q1,325155859.175592
Canada,Canada,Financial,General Financial,2024,24q2,337955636.199262
Canada,Canada,Financial,General Financial,2024,24q3,339328144.915007
Canada,Canada,Financial,General Financial,2024,24q4,337775003.157955
Canada,Canada,Financial,General Financial,2025,25Q1,903115861.70314
Canada,Canada,Financial,General Financial,2025,25q2,905226602.037179
Canada,Canada,Financial,Insurance,2010,10Q1,1063811094.40726
Canada,Canada,Financial,Insurance,2010,10Q2,839362157.324392
Canada,Canada,Financial,Insurance,2010,10Q3,860686209.006535
Canada,Canada,Financial,Insurance,2010,10Q4,884577286.078774
Canada,Canada,Financial,Insurance,2011,11Q1,1112204444.59554
Canada,Canada,Financial,Insurance,2011,11Q2,919928410.040391
Canada,Canada,Financial,Insurance,2011,11Q3,868350475.257273
Canada,Canada,Financial,Insurance,2011,11Q4,881942373.191595
Canada,Canada,Financial,Insurance,2012,12Q1,1110734467.88192
Canada,Canada,Financial,Insurance,2012,12Q2,893768733.626338
Canada,Canada,Financial,Insurance,2012,12Q3,929735693.320542
Canada,Canada,Financial,Insurance,2012,12Q4,922393802.122798
Canada,Canada,Financial,Insurance,2013,13Q1,1105373081.84363
Canada,Canada,Financial,Insurance,2013,13Q2,885446631.795828
Canada,Canada,Financial,Insurance,2013,13Q3,917598177.531619
Canada,Canada,Financial,Insurance,2013,13Q4,885985311.958094
Canada,Canada,Financial,Insurance,2014,14Q1,1066111411.233
Canada,Canada,Financial,Insurance,2014,14Q2,888791661.898148
Canada,Canada,Financial,Insurance,2014,14Q3,898622650.883474
Canada,Canada,Financial,Insurance,2014,14Q4,862170103.948535
Canada,Canada,Financial,Insurance,2015,15Q1,1028613223.77917
Canada,Canada,Financial,Insurance,2015,15Q2,878528729.690606
Canada,Canada,Financial,Insurance,2015,15Q3,816639360.215645
Canada,Canada,Financial,Insurance,2015,15Q4,787388678.866921
Canada,Canada,Financial,Insurance,2016,16Q1,1108387793.82596
Canada,Canada,Financial,Insurance,2016,16Q2,906373090.160757
Canada,Canada,Financial,Insurance,2016,16Q3,890422526.112053
Canada,Canada,Financial,Insurance,2016,16Q4,879113127.497322
Canada,Canada,Financial,Insurance,2017,17Q1,1164992599.6456
Canada,Canada,Financial,Insurance,2017,17Q2,971325506.618602
Canada,Canada,Financial,Insurance,2017,17Q3,1019866850.1917
Canada,Canada,Financial,Insurance,2017,17Q4,1016490508.42477
Canada,Canada,Financial,Insurance,2018,18Q1,1317181080.95112
Canada,Canada,Financial,Insurance,2018,18Q2,1035333057.97263
Canada,Canada,Financial,Insurance,2018,18Q3,1056094022.98608
Canada,Canada,Financial,Insurance,2018,18Q4,1060105282.97404
Canada,Canada,Financial,Insurance,2019,19Q1,1374446121.70204
Canada,Canada,Financial,Insurance,2019,19Q2,1098123756.86811
Canada,Canada,Financial,Insurance,2019,19q3,1087675086.86371
Canada,Canada,Financial,Insurance,2019,19Q4,1115345356.78394
Canada,Canada,Financial,Insurance,2020,20Q1,1354990086.25391
Canada,Canada,Financial,Insurance,2020,20Q2,1221284857.69738
Canada,Canada,Financial,Insurance,2020,20Q3,1249607043.88193
Canada,Canada,Financial,Insurance,2020,20Q4,1295203887.43595
Canada,Canada,Financial,Insurance,2021,21Q1,1596403750.74256
Canada,Canada,Financial,Insurance,2021,21q2,1356267318.20156
Canada,Canada,Financial,Insurance,2021,21q3,1336764447.82956
Canada,Canada,Financial,Insurance,2021,21Q4,1513821253.92888
Canada,Canada,Financial,Insurance,2022,22q1,1817966136.62372
Canada,Canada,Financial,Insurance,2022,22Q2,1533034265.18649
Canada,Canada,Financial,Insurance,2022,22Q3,1466900392.17795
Canada,Canada,Financial,Insurance,2022,22Q4,1455821614.03568
Canada,Canada,Financial,Insurance,2023,23Q1,1781517724.57705
Canada,Canada,Financial,Insurance,2023,23Q2,1591833775.18735
Canada,Canada,Financial,Insurance,2023,23Q3,1568025073.77291
Canada,Canada,Financial,Insurance,2023,23q4,1586827537.77957
Canada,Canada,Financial,Insurance,2024,24q1,2009323930.52261
Canada,Canada,Financial,Insurance,2024,24q2,1647434749.80948
Canada,Canada,Financial,Insurance,2024,24q3,1656013209.48969
Canada,Canada,Financial,Insurance,2024,24q4,1572482024.24739
Canada,Canada,Financial,Insurance,2025,25Q1,1995906293.65497
Canada,Canada,Financial,Insurance,2025,25q2,1762733051.03226
Canada,Canada,Industrial,Machinery,2011,11Q2,10144822.9437279
Canada,Canada,Industrial,Machinery,2011,11Q3,10206359.4840626
Canada,Canada,Industrial,Machinery,2011,11Q4,9648333.28960616
Canada,Canada,Industrial,Machinery,2012,12Q1,11941853.25546
Canada,Canada,Industrial,Machinery,2012,12Q2,19226891.3543999
Canada,Canada,Industrial,Machinery,2012,12Q3,18970161.8666855
Canada,Canada,Industrial,Machinery,2012,12Q4,26403197.7216636
Canada,Canada,Industrial,Machinery,2013,13Q1,26454398.321173
Canada,Canada,Industrial,Machinery,2013,13Q2,26296439.7341989
Canada,Canada,Industrial,Machinery,2013,13Q3,25967826.5143016
Canada,Canada,Industrial,Machinery,2013,13Q4,26261812.0071106
Canada,Canada,Industrial,Machinery,2014,14Q1,24984351.1843407
Canada,Canada,Industrial,Machinery,2014,14Q2,25846155.163317
Canada,Canada,Industrial,Machinery,2014,14Q3,29524248.316113
Canada,Canada,Industrial,Machinery,2014,14Q4,28192967.3992191
Canada,Canada,Industrial,Machinery,2015,15Q1,35161665.2628505
Canada,Canada,Industrial,Machinery,2015,15Q2,34985043.8868954
Canada,Canada,Industrial,Machinery,2015,15Q3,33701853.3414588
Canada,Canada,Industrial,Machinery,2015,15Q4,36293800.3112871
Canada,Canada,Industrial,Machinery,2016,16Q1,32601568.8583587
Canada,Canada,Industrial,Machinery,2016,16Q2,37276587.5165877
Canada,Canada,Industrial,Machinery,2016,16Q3,38986990.7684239
Canada,Canada,Industrial,Machinery,2016,16Q4,38439731.0734293
Canada,Canada,Industrial,Machinery,2017,17Q1,38729333.513172
Canada,Canada,Industrial,Machinery,2017,17Q2,39551537.0388537
Canada,Canada,Industrial,Machinery,2017,17Q3,41438133.4270874
Canada,Canada,Industrial,Machinery,2017,17Q4,42281534.4402067
Canada,Canada,Industrial,Machinery,2018,18Q1,42537801.5657641
Canada,Canada,Industrial,Machinery,2018,18Q2,43228853.902676
Canada,Canada,Industrial,Machinery,2018,18Q3,41469667.7146535
Canada,Canada,Industrial,Machinery,2018,18Q4,42074182.5775811
Canada,Canada,Industrial,Machinery,2019,19Q1,41298533.6674782
Canada,Canada,Industrial,Machinery,2019,19Q2,41514093.6941073
Canada,Canada,Industrial,Machinery,2019,19q3,42612710.6918633
Canada,Canada,Industrial,Machinery,2019,19Q4,42164279.3136049
Canada,Canada,Industrial,Machinery,2020,20Q1,42810625.7920683
Canada,Canada,Industrial,Machinery,2020,20Q2,40517496.7612657
Canada,Canada,Industrial,Machinery,2020,20Q3,44019621.625244
Canada,Canada,Industrial,Machinery,2020,20Q4,45170930.5804127
Canada,Canada,Industrial,Machinery,2021,21Q1,46856167.2758477
Canada,Canada,Industrial,Machinery,2021,21q2,48690112.4359704
Canada,Canada,Industrial,Machinery,2021,21q3,49741295.0545368
Canada,Canada,Industrial,Machinery,2021,21Q4,50475316.2299269
Canada,Canada,Industrial,Machinery,2022,22q1,49831297.5404161
Canada,Canada,Industrial,Machinery,2022,22Q2,50932239.0675945
Canada,Canada,Industrial,Machinery,2022,22Q3,49336784.2964839
Canada,Canada,Industrial,Machinery,2022,22Q4,48109462.4803058
Canada,Canada,Industrial,Machinery,2023,23Q1,49740379.3445954
Canada,Canada,Industrial,Machinery,2023,23Q2,51086584.1413478
Canada,Canada,Industrial,Machinery,2023,23Q3,51910579.9541326
Canada,Canada,Industrial,Machinery,2023,23q4,50086628.9039857
Canada,Canada,Industrial,Machinery,2024,24q1,51293389.2903424
Canada,Canada,Industrial,Machinery,2024,24q2,51345020.8549316
Canada,Canada,Industrial,Machinery,2024,24q3,51775203.271775
Canada,Canada,Industrial,Machinery,2024,24q4,51248891.7746606
Canada,Canada,Industrial,Machinery,2025,25Q1,50816946.4645471
Canada,Canada,Industrial,Machinery,2025,25q2,53639052.3595818
Canada,Canada,Industrial,Support Services,2010,10Q1,251251228.68
Canada,Canada,Industrial,Support Services,2010,10Q2,251498251.97
Canada,Canada,Industrial,Support Services,2010,10Q3,252202906.16
Canada,Canada,Industrial,Support Services,2010,10Q4,252374950.91
Canada,Canada,Industrial,Support Services,2011,11Q1,269445876.525
Canada,Canada,Industrial,Support Services,2011,11Q2,270161244.125
Canada,Canada,Industrial,Support Services,2011,11Q3,271271529.9825
Canada,Canada,Industrial,Support Services,2011,11Q4,268436011.6075
Canada,Canada,Industrial,Support Services,2012,12Q1,276886105.6975
Canada,Canada,Industrial,Support Services,2012,12Q2,277207365.94
Canada,Canada,Industrial,Support Services,2012,12Q3,276884417.8375
Canada,Canada,Industrial,Support Services,2012,12Q4,277347279.585
Canada,Canada,Industrial,Support Services,2013,13Q1,281801278.1975
Canada,Canada,Industrial,Support Services,2013,13Q2,282468860.8725
Canada,Canada,Industrial,Support Services,2013,13Q3,283519939.365
Canada,Canada,Industrial,Support Services,2013,13Q4,282730224.075
Canada,Canada,Industrial,Support Services,2014,14Q1,284564544.56
Canada,Canada,Industrial,Support Services,2014,14Q2,281613747.12
Canada,Canada,Industrial,Support Services,2014,14Q3,280446525.65
Canada,Canada,Industrial,Support Services,2014,14Q4,279824332.25
Canada,Canada,Industrial,Support Services,2015,15Q1,281741742.59
Canada,Canada,Industrial,Support Services,2015,15Q2,279178344.855
Canada,Canada,Industrial,Support Services,2015,15Q3,279807136.86
Canada,Canada,Industrial,Support Services,2015,15Q4,274454685.72
Canada,Canada,Industrial,Support Services,2016,16Q1,277114328.96
Canada,Canada,Industrial,Support Services,2016,16Q2,273557541.6
Canada,Canada,Industrial,Support Services,2016,16Q3,272656533.71
Canada,Canada,Industrial,Support Services,2016,16Q4,268561922.04
Canada,Canada,Industrial,Support Services,2017,17Q1,269127679.015
Canada,Canada,Industrial,Support Services,2017,17Q2,267345627.26
Canada,Canada,Industrial,Support Services,2017,17Q3,265531044.605
Canada,Canada,Industrial,Support Services,2017,17Q4,264189929.24
Canada,Canada,Industrial,Support Services,2018,18Q1,262945082.09
Canada,Canada,Industrial,Support Services,2018,18Q2,263646418.035
Canada,Canada,Industrial,Support Services,2018,18Q3,261830944.365
Canada,Canada,Industrial,Support Services,2018,18Q4,216436859.21
Canada,Canada,Industrial,Support Services,2019,19Q1,200105383.5
Canada,Canada,Industrial,Support Services,2019,19Q2,199726303.5
Canada,Canada,Industrial,Support Services,2019,19q3,201983950.76
Canada,Canada,Industrial,Support Services,2019,19Q4,201594829.8
Canada,Canada,Industrial,Support Services,2020,20Q1,210902185.68
Canada,Canada,Industrial,Support Services,2020,20Q2,213135480.51
Canada,Canada,Industrial,Support Services,2020,20Q3,215637310.07
Canada,Canada,Industrial,Support Services,2020,20Q4,216058916.26
Canada,Canada,Industrial,Support Services,2021,21Q1,227894194.92
Canada,Canada,Industrial,Support Services,2021,21q2,228425720.712
Canada,Canada,Industrial,Support Services,2021,21q3,231860844.345
Canada,Canada,Industrial,Support Services,2021,21Q4,228448524.663
Canada,Canada,Industrial,Support Services,2022,22q1,247592441.748
Canada,Canada,Industrial,Support Services,2022,22Q2,248344525.441
Canada,Canada,Industrial,Support Services,2022,22Q3,249737489.073
Canada,Canada,Industrial,Support Services,2022,22Q4,247915552.992
Canada,Canada,Industrial,Support Services,2023,23Q1,387345455.184
Canada,Canada,Industrial,Support Services,2023,23Q2,284271957.637
Canada,Canada,Industrial,Support Services,2023,23Q3,276337180.42
Canada,Canada,Industrial,Support Services,2023,23q4,277076715.137
Canada,Canada,Industrial,Support Services,2024,24q1,298556073.562
Canada,Canada,Industrial,Support Services,2024,24q2,298123908.926
Canada,Canada,Industrial,Support Services,2024,24q3,301384638.484
Canada,Canada,Industrial,Support Services,2024,24q4,301775632.724
Canada,Canada,Industrial,Support Services,2025,25Q1,326670673.725
Canada,Canada,Industrial,Support Services,2025,25q2,327616464.127
Canada,Canada,Industrial,Transport,2010,10Q1,164610071.721426
Canada,Canada,Industrial,Transport,2010,10Q2,160680551.070207
Canada,Canada,Industrial,Transport,2010,10Q3,166767456.469653
Canada,Canada,Industrial,Transport,2010,10Q4,170444134.035199
Canada,Canada,Industrial,Transport,2011,11Q1,199322180.263532
Canada,Canada,Industrial,Transport,2011,11Q2,201383554.215891
Canada,Canada,Industrial,Transport,2011,11Q3,194263860.517369
Canada,Canada,Industrial,Transport,2011,11Q4,192850774.884984
Canada,Canada,Industrial,Transport,2012,12Q1,215982112.889589
Canada,Canada,Industrial,Transport,2012,12Q2,212218258.845422
Canada,Canada,Industrial,Transport,2012,12Q3,225486409.238352
Canada,Canada,Industrial,Transport,2012,12Q4,222985203.099202
Canada,Canada,Industrial,Transport,2013,13Q1,241437715.568252
Canada,Canada,Industrial,Transport,2013,13Q2,232497782.340577
Canada,Canada,Industrial,Transport,2013,13Q3,235015213.098672
Canada,Canada,Industrial,Transport,2013,13Q4,227167506.665206
Canada,Canada,Industrial,Transport,2014,14Q1,242741114.703645
Canada,Canada,Industrial,Transport,2014,14Q2,248473957.382592
Canada,Canada,Industrial,Transport,2014,14Q3,239464287.592864
Canada,Canada,Industrial,Transport,2014,14Q4,229327801.957998
Canada,Canada,Industrial,Transport,2015,15Q1,247007785.791845
Canada,Canada,Industrial,Transport,2015,15Q2,247950821.899769
Canada,Canada,Industrial,Transport,2015,15Q3,229939431.351403
Canada,Canada,Industrial,Transport,2015,15Q4,219684683.457135
Canada,Canada,Industrial,Transport,2016,16Q1,265571681.416704
Canada,Canada,Industrial,Transport,2016,16Q2,267367236.580232
Canada,Canada,Industrial,Transport,2016,16Q3,278281901.783905
Canada,Canada,Industrial,Transport,2016,16Q4,269510188.071097
Canada,Canada,Industrial,Transport,2017,17Q1,291627252.048626
Canada,Canada,Industrial,Transport,2017,17Q2,294853755.167345
Canada,Canada,Industrial,Transport,2017,17Q3,314163021.610534
Canada,Canada,Industrial,Transport,2017,17Q4,309681733.369632
Canada,Canada,Industrial,Transport,2018,18Q1,328332674.833598
Canada,Canada,Industrial,Transport,2018,18Q2,318298393.265203
Canada,Canada,Industrial,Transport,2018,18Q3,329712892.310015
Canada,Canada,Industrial,Transport,2018,18Q4,313588066.457644
Canada,Canada,Industrial,Transport,2019,19Q1,361505630.979546
Canada,Canada,Industrial,Transport,2019,19Q2,365080016.721975
Canada,Canada,Industrial,Transport,2019,19q3,380708809.414436
Canada,Canada,Industrial,Transport,2019,19Q4,383725301.482634
Canada,Canada,Industrial,Transport,2020,20Q1,374834372.082465
Canada,Canada,Industrial,Transport,2020,20Q2,381017636.73261
Canada,Canada,Industrial,Transport,2020,20Q3,390474053.725385
Canada,Canada,Industrial,Transport,2020,20Q4,418131495.418774
Canada,Canada,Industrial,Transport,2021,21Q1,448335096.749729
Canada,Canada,Industrial,Transport,2021,21q2,454312985.881606
Canada,Canada,Industrial,Transport,2021,21q3,443077679.651519
Canada,Canada,Industrial,Transport,2021,21Q4,442447900.531745
Canada,Canada,Industrial,Transport,2022,22q1,547849513.400268
Canada,Canada,Industrial,Transport,2022,22Q2,531440493.324343
Canada,Canada,Industrial,Transport,2022,22Q3,502973353.067177
Canada,Canada,Industrial,Transport,2022,22Q4,493777461.880749
Canada,Canada,Industrial,Transport,2023,23Q1,523717546.013242
Canada,Canada,Industrial,Transport,2023,23Q2,526635963.337738
Canada,Canada,Industrial,Transport,2023,23Q3,518003594.635915
Canada,Canada,Industrial,Transport,2023,23q4,516460710.845747
Canada,Canada,Industrial,Transport,2024,24q1,532486869.822972
Canada,Canada,Industrial,Transport,2024,24q2,521619831.620412
Canada,Canada,Industrial,Transport,2024,24q3,522568211.677358
Canada,Canada,Industrial,Transport,2024,24q4,497443696.201807
Canada,Canada,Industrial,Transport,2025,25Q1,510704904.499165
Canada,Canada,Industrial,Transport,2025,25q2,537030318.837904
Canada,Canada,Media & Telecommunications,Telecoms,2010,10Q1,519459451.35952
Canada,Canada,Media & Telecommunications,Telecoms,2010,10Q2,568603836.136048
Canada,Canada,Media & Telecommunications,Telecoms,2010,10Q3,540785655.909181
Canada,Canada,Media & Telecommunications,Telecoms,2010,10Q4,573533098.091888
Canada,Canada,Media & Telecommunications,Telecoms,2011,11Q1,585878351.174957
Canada,Canada,Media & Telecommunications,Telecoms,2011,11Q2,645265872.850069
Canada,Canada,Media & Telecommunications,Telecoms,2011,11Q3,680111752.205521
Canada,Canada,Media & Telecommunications,Telecoms,2011,11Q4,635860669.381894
Canada,Canada,Media & Telecommunications,Telecoms,2012,12Q1,641201509.186392
Canada,Canada,Media & Telecommunications,Telecoms,2012,12Q2,687948554.503478
Canada,Canada,Media & Telecommunications,Telecoms,2012,12Q3,680053698.338599
Canada,Canada,Media & Telecommunications,Telecoms,2012,12Q4,717860177.19892
Canada,Canada,Media & Telecommunications,Telecoms,2013,13Q1,722359574.835684
Canada,Canada,Media & Telecommunications,Telecoms,2013,13Q2,820300239.218451
Canada,Canada,Media & Telecommunications,Telecoms,2013,13Q3,811294458.463854
Canada,Canada,Media & Telecommunications,Telecoms,2013,13Q4,815129812.183116
Canada,Canada,Media & Telecommunications,Telecoms,2014,14Q1,788560326.342986
Canada,Canada,Media & Telecommunications,Telecoms,2014,14Q2,808052427.921698
Canada,Canada,Media & Telecommunications,Telecoms,2014,14Q3,839153607.896547
Canada,Canada,Media & Telecommunications,Telecoms,2014,14Q4,797212373.436692
Canada,Canada,Media & Telecommunications,Telecoms,2015,15Q1,800950931.681165
Canada,Canada,Media & Telecommunications,Telecoms,2015,15Q2,785533741.063466
Canada,Canada,Media & Telecommunications,Telecoms,2015,15Q3,783377603.619807
Canada,Canada,Media & Telecommunications,Telecoms,2015,15Q4,765287099.952287
Canada,Canada,Media & Telecommunications,Telecoms,2016,16Q1,715958646.27095
Canada,Canada,Media & Telecommunications,Telecoms,2016,16Q2,806228314.399217
Canada,Canada,Media & Telecommunications,Telecoms,2016,16Q3,821325258.564257
Canada,Canada,Media & Telecommunications,Telecoms,2016,16Q4,805682600.390417
Canada,Canada,Media & Telecommunications,Telecoms,2017,17Q1,808302879.741266
Canada,Canada,Media & Telecommunications,Telecoms,2017,17Q2,826923547.420696
Canada,Canada,Media & Telecommunications,Telecoms,2017,17Q3,885120162.828376
Canada,Canada,Media & Telecommunications,Telecoms,2017,17Q4,906086683.976996
Canada,Canada,Media & Telecommunications,Telecoms,2018,18Q1,915247831.545109
Canada,Canada,Media & Telecommunications,Telecoms,2018,18Q2,923234920.105408
Canada,Canada,Media & Telecommunications,Telecoms,2018,18Q3,899173332.176855
Canada,Canada,Media & Telecommunications,Telecoms,2018,18Q4,918074510.81729
Canada,Canada,Media & Telecommunications,Telecoms,2019,19Q1,894952799.896336
Canada,Canada,Media & Telecommunications,Telecoms,2019,19Q2,929077339.081972
Canada,Canada,Media & Telecommunications,Telecoms,2019,19q3,957189216.266534
Canada,Canada,Media & Telecommunications,Telecoms,2019,19Q4,946665286.207661
Canada,Canada,Media & Telecommunications,Telecoms,2020,20Q1,972885420.96642
Canada,Canada,Media & Telecommunications,Telecoms,2020,20Q2,803031396.857809
Canada,Canada,Media & Telecommunications,Telecoms,2020,20Q3,973121966.000686
Canada,Canada,Media & Telecommunications,Telecoms,2020,20Q4,996217178.384481
Canada,Canada,Media & Telecommunications,Telecoms,2021,21Q1,1059769874.9577
Canada,Canada,Media & Telecommunications,Telecoms,2021,21q2,1109354838.29815
Canada,Canada,Media & Telecommunications,Telecoms,2021,21q3,1136388063.25397
Canada,Canada,Media & Telecommunications,Telecoms,2021,21Q4,1136252041.2417
Canada,Canada,Media & Telecommunications,Telecoms,2022,22q1,1140747885.34776
Canada,Canada,Media & Telecommunications,Telecoms,2022,22Q2,1181187898.05403
Canada,Canada,Media & Telecommunications,Telecoms,2022,22Q3,1159865313.10015
Canada,Canada,Media & Telecommunications,Telecoms,2022,22Q4,1092479906.16616
Canada,Canada,Media & Telecommunications,Telecoms,2023,23Q1,1137957113.28024
Canada,Canada,Media & Telecommunications,Telecoms,2023,23Q2,1182299848.92191
Canada,Canada,Media & Telecommunications,Telecoms,2023,23Q3,1225456092.89465
Canada,Canada,Media & Telecommunications,Telecoms,2023,23q4,1185291610.69493
Canada,Canada,Media & Telecommunications,Telecoms,2024,24q1,1227501254.4143
Canada,Canada,Media & Telecommunications,Telecoms,2024,24q2,1225331092.53696
Canada,Canada,Media & Telecommunications,Telecoms,2024,24q3,1242079991.60631
Canada,Canada,Media & Telecommunications,Telecoms,2024,24q4,1245585819.74326
Canada,Canada,Media & Telecommunications,Telecoms,2025,25Q1,1200202587.31802
Canada,Canada,Media & Telecommunications,Telecoms,2025,25q2,1235486434.387
Canada,Canada,Mining & Chemicals,Mining & Chemicals,2010,10Q1,65708934.08
Canada,Canada,Mining & Chemicals,Mining & Chemicals,2010,10Q2,252783460.8307
Canada,Canada,Mining & Chemicals,Mining & Chemicals,2010,10Q3,288832697.858898
Canada,Canada,Mining & Chemicals,Mining & Chemicals,2010,10Q4,130668040.853146
Canada,Canada,Mining & Chemicals,Mining & Chemicals,2011,11Q1,400374822.776477
Canada,Canada,Mining & Chemicals,Mining & Chemicals,2011,11Q2,223838979.142092
Canada,Canada,Mining & Chemicals,Mining & Chemicals,2011,11Q3,450622557.030966
Canada,Canada,Mining & Chemicals,Mining & Chemicals,2011,11Q4,227533462.195
Canada,Canada,Mining & Chemicals,Mining & Chemicals,2012,12Q1,526297354.17236
Canada,Canada,Mining & Chemicals,Mining & Chemicals,2012,12Q2,381319104.125851
Canada,Canada,Mining & Chemicals,Mining & Chemicals,2012,12Q3,647273002.875199
Canada,Canada,Mining & Chemicals,Mining & Chemicals,2012,12Q4,288800516.13
Canada,Canada,Mining & Chemicals,Mining & Chemicals,2013,13Q1,638593771.3465
Canada,Canada,Mining & Chemicals,Mining & Chemicals,2013,13Q2,430130568.876273
Canada,Canada,Mining & Chemicals,Mining & Chemicals,2013,13Q3,446226508.090766
Canada,Canada,Mining & Chemicals,Mining & Chemicals,2013,13Q4,173773717.92
Canada,Canada,Mining & Chemicals,Mining & Chemicals,2014,14Q1,357366666.348017
Canada,Canada,Mining & Chemicals,Mining & Chemicals,2014,14Q2,221075736.114685
Canada,Canada,Mining & Chemicals,Mining & Chemicals,2014,14Q3,413473790.741794
Canada,Canada,Mining & Chemicals,Mining & Chemicals,2014,14Q4,147055886.835
Canada,Canada,Mining & Chemicals,Mining & Chemicals,2015,15Q1,343474496.553337
Canada,Canada,Mining & Chemicals,Mining & Chemicals,2015,15Q2,180833000.786423
Canada,Canada,Mining & Chemicals,Mining & Chemicals,2015,15Q3,186266256.842694
Canada,Canada,Mining & Chemicals,Mining & Chemicals,2015,15Q4,121911869.563651
Canada,Canada,Mining & Chemicals,Mining & Chemicals,2016,16Q1,79951315.945
Canada,Canada,Mining & Chemicals,Mining & Chemicals,2016,16Q2,151338431.545314
Canada,Canada,Mining & Chemicals,Mining & Chemicals,2016,16Q3,111394585.591437
Canada,Canada,Mining & Chemicals,Mining & Chemicals,2016,16Q4,134570325.537188
Canada,Canada,Mining & Chemicals,Mining & Chemicals,2017,17Q1,100591456.26
Canada,Canada,Mining & Chemicals,Mining & Chemicals,2017,17Q2,211189785.203437
Canada,Canada,Mining & Chemicals,Mining & Chemicals,2017,17Q3,174455996.278633
Canada,Canada,Mining & Chemicals,Mining & Chemicals,2017,17Q4,351797201.300751
Canada,Canada,Mining & Chemicals,Mining & Chemicals,2018,18Q1,130705643.348933
Canada,Canada,Mining & Chemicals,Mining & Chemicals,2018,18Q2,471971055.102891
Canada,Canada,Mining & Chemicals,Mining & Chemicals,2018,18Q3,427262098.656126
Canada,Canada,Mining & Chemicals,Mining & Chemicals,2018,18Q4,459040269.737444
Canada,Canada,Mining & Chemicals,Mining & Chemicals,2019,19Q1,447853443.50863
Canada,Canada,Mining & Chemicals,Mining & Chemicals,2019,19Q2,517146445.524185
Canada,Canada,Mining & Chemicals,Mining & Chemicals,2019,19q3,466921106.967306
Canada,Canada,Mining & Chemicals,Mining & Chemicals,2019,19Q4,504433027.316522
Canada,Canada,Mining & Chemicals,Mining & Chemicals,2020,20Q1,507201427.223407
Canada,Canada,Mining & Chemicals,Mining & Chemicals,2020,20Q2,601586628.518273
Canada,Canada,Mining & Chemicals,Mining & Chemicals,2020,20Q3,574302568.495166
Canada,Canada,Mining & Chemicals,Mining & Chemicals,2020,20Q4,715408923.110976
Canada,Canada,Mining & Chemicals,Mining & Chemicals,2021,21Q1,624305181.581859
Canada,Canada,Mining & Chemicals,Mining & Chemicals,2021,21q2,1012735271.95051
Canada,Canada,Mining & Chemicals,Mining & Chemicals,2021,21q3,964752679.448034
Canada,Canada,Mining & Chemicals,Mining & Chemicals,2021,21Q4,962722994.76209
Canada,Canada,Mining & Chemicals,Mining & Chemicals,2022,22q1,1010479316.25207
Canada,Canada,Mining & Chemicals,Mining & Chemicals,2022,22Q2,1118066236.61918
Canada,Canada,Mining & Chemicals,Mining & Chemicals,2022,22Q3,1122295318.12891
Canada,Canada,Mining & Chemicals,Mining & Chemicals,2022,22Q4,939864168.994105
Canada,Canada,Mining & Chemicals,Mining & Chemicals,2023,23Q1,962307244.568877
Canada,Canada,Mining & Chemicals,Mining & Chemicals,2023,23Q2,1028193790.79821
Canada,Canada,Mining & Chemicals,Mining & Chemicals,2023,23Q3,930970963.657936
Canada,Canada,Mining & Chemicals,Mining & Chemicals,2023,23q4,891382211.679442
Canada,Canada,Mining & Chemicals,Mining & Chemicals,2024,24q1,826433426.572486
Canada,Canada,Mining & Chemicals,Mining & Chemicals,2024,24q2,971948906.262774
Canada,Canada,Mining & Chemicals,Mining & Chemicals,2024,24q3,1092619701.27307
Canada,Canada,Mining & Chemicals,Mining & Chemicals,2024,24q4,899349864.488151
Canada,Canada,Mining & Chemicals,Mining & Chemicals,2025,25Q1,829102354.582348
Canada,Canada,Mining & Chemicals,Mining & Chemicals,2025,25q2,980510741.800813
Canada,Canada,"Oil, Gas & Energy","Oil, Gas & Energy",2010,10Q1,856770638.602292
Canada,Canada,"Oil, Gas & Energy","Oil, Gas & Energy",2010,10Q2,908659509.966458
Canada,Canada,"Oil, Gas & Energy","Oil, Gas & Energy",2010,10Q3,911235259.118455
Canada,Canada,"Oil, Gas & Energy","Oil, Gas & Energy",2010,10Q4,1053788740.59073
Canada,Canada,"Oil, Gas & Energy","Oil, Gas & Energy",2011,11Q1,1112846710.90287
Canada,Canada,"Oil, Gas & Energy","Oil, Gas & Energy",2011,11Q2,1232186917.55911
Canada,Canada,"Oil, Gas & Energy","Oil, Gas & Energy",2011,11Q3,1211541840.52878
Canada,Canada,"Oil, Gas & Energy","Oil, Gas & Energy",2011,11Q4,1173628554.6914
Canada,Canada,"Oil, Gas & Energy","Oil, Gas & Energy",2012,12Q1,1235923961.1612
Canada,Canada,"Oil, Gas & Energy","Oil, Gas & Energy",2012,12Q2,1327330103.32737
Canada,Canada,"Oil, Gas & Energy","Oil, Gas & Energy",2012,12Q3,1369880707.92008
Canada,Canada,"Oil, Gas & Energy","Oil, Gas & Energy",2012,12Q4,1378351368.20751
Canada,Canada,"Oil, Gas & Energy","Oil, Gas & Energy",2013,13Q1,1399421330.3215
Canada,Canada,"Oil, Gas & Energy","Oil, Gas & Energy",2013,13Q2,1518629454.1329
Canada,Canada,"Oil, Gas & Energy","Oil, Gas & Energy",2013,13Q3,1509480253.35214
Canada,Canada,"Oil, Gas & Energy","Oil, Gas & Energy",2013,13Q4,1493368095.79729
Canada,Canada,"Oil, Gas & Energy","Oil, Gas & Energy",2014,14Q1,1591308165.84045
Canada,Canada,"Oil, Gas & Energy","Oil, Gas & Energy",2014,14Q2,1652012108.44457
Canada,Canada,"Oil, Gas & Energy","Oil, Gas & Energy",2014,14Q3,1721758111.98148
Canada,Canada,"Oil, Gas & Energy","Oil, Gas & Energy",2014,14Q4,1648267732.69928
Canada,Canada,"Oil, Gas & Energy","Oil, Gas & Energy",2015,15Q1,1620827613.20993
Canada,Canada,"Oil, Gas & Energy","Oil, Gas & Energy",2015,15Q2,1649498251.44767
Canada,Canada,"Oil, Gas & Energy","Oil, Gas & Energy",2015,15Q3,1515863235.15998
Canada,Canada,"Oil, Gas & Energy","Oil, Gas & Energy",2015,15Q4,1672363253.2604
Canada,Canada,"Oil, Gas & Energy","Oil, Gas & Energy",2016,16Q1,1274690738.51819
Canada,Canada,"Oil, Gas & Energy","Oil, Gas & Energy",2016,16Q2,1575193023.36613
Canada,Canada,"Oil, Gas & Energy","Oil, Gas & Energy",2016,16Q3,1588375063.48938
Canada,Canada,"Oil, Gas & Energy","Oil, Gas & Energy",2016,16Q4,1599580787.48697
Canada,Canada,"Oil, Gas & Energy","Oil, Gas & Energy",2017,17Q1,1731628991.72897
Canada,Canada,"Oil, Gas & Energy","Oil, Gas & Energy",2017,17Q2,2131209878.74846
Canada,Canada,"Oil, Gas & Energy","Oil, Gas & Energy",2017,17Q3,2320844859.5731
Canada,Canada,"Oil, Gas & Energy","Oil, Gas & Energy",2017,17Q4,2324700466.37513
Canada,Canada,"Oil, Gas & Energy","Oil, Gas & Energy",2018,18Q1,2517182765.5306
Canada,Canada,"Oil, Gas & Energy","Oil, Gas & Energy",2018,18Q2,2544739540.81713
Canada,Canada,"Oil, Gas & Energy","Oil, Gas & Energy",2018,18Q3,2566136899.12403
Canada,Canada,"Oil, Gas & Energy","Oil, Gas & Energy",2018,18Q4,2613167820.05467
Canada,Canada,"Oil, Gas & Energy","Oil, Gas & Energy",2019,19Q1,2832757182.50682
Canada,Canada,"Oil, Gas & Energy","Oil, Gas & Energy",2019,19Q2,2901257800.07251
Canada,Canada,"Oil, Gas & Energy","Oil, Gas & Energy",2019,19q3,2962051519.85887
Canada,Canada,"Oil, Gas & Energy","Oil, Gas & Energy",2019,19Q4,2992646114.15188
Canada,Canada,"Oil, Gas & Energy","Oil, Gas & Energy",2020,20Q1,3091877182.26336
Canada,Canada,"Oil, Gas & Energy","Oil, Gas & Energy",2020,20Q2,2733446316.90408
Canada,Canada,"Oil, Gas & Energy","Oil, Gas & Energy",2020,20Q3,2853469979.12464
Canada,Canada,"Oil, Gas & Energy","Oil, Gas & Energy",2020,20Q4,2922182129.25492
Canada,Canada,"Oil, Gas & Energy","Oil, Gas & Energy",2021,21Q1,3063482295.32589
Canada,Canada,"Oil, Gas & Energy","Oil, Gas & Energy",2021,21q2,3296337964.48902
Canada,Canada,"Oil, Gas & Energy","Oil, Gas & Energy",2021,21q3,3261098166.59652
Canada,Canada,"Oil, Gas & Energy","Oil, Gas & Energy",2021,21Q4,3721426708.36443
Canada,Canada,"Oil, Gas & Energy","Oil, Gas & Energy",2022,22q1,3982975498.88386
Canada,Canada,"Oil, Gas & Energy","Oil, Gas & Energy",2022,22Q2,4405081415.78011
Canada,Canada,"Oil, Gas & Energy","Oil, Gas & Energy",2022,22Q3,5666406525.39277
Canada,Canada,"Oil, Gas & Energy","Oil, Gas & Energy",2022,22Q4,4643513718.55367
Canada,Canada,"Oil, Gas & Energy","Oil, Gas & Energy",2023,23Q1,4454366542.20229
Canada,Canada,"Oil, Gas & Energy","Oil, Gas & Energy",2023,23Q2,4467132116.20264
Canada,Canada,"Oil, Gas & Energy","Oil, Gas & Energy",2023,23Q3,4377408993.50354
Canada,Canada,"Oil, Gas & Energy","Oil, Gas & Energy",2023,23q4,4466164277.80256
Canada,Canada,"Oil, Gas & Energy","Oil, Gas & Energy",2024,24q1,4445899235.05359
Canada,Canada,"Oil, Gas & Energy","Oil, Gas & Energy",2024,24q2,4734581246.04704
Canada,Canada,"Oil, Gas & Energy","Oil, Gas & Energy",2024,24q3,4612884920.40418
Canada,Canada,"Oil, Gas & Energy","Oil, Gas & Energy",2024,24q4,4546652832.2263
Canada,Canada,"Oil, Gas & Energy","Oil, Gas & Energy",2025,25Q1,4352732031.61144
Canada,Canada,"Oil, Gas & Energy","Oil, Gas & Energy",2025,25q2,4650140457.82267
Canada,Canada,Technology,Software & IT Services,2010,10Q1,4550917.8
Canada,Canada,Technology,Software & IT Services,2011,11Q1,35007060
Canada,Canada,Technology,Software & IT Services,2012,12Q2,17503530
Canada,Canada,Technology,Software & IT Services,2012,12Q3,21191530
Canada,Canada,Technology,Software & IT Services,2012,12Q4,21191530
Canada,Canada,Technology,Software & IT Services,2013,13Q1,21191530
Canada,Canada,Technology,Software & IT Services,2013,13Q2,21191530
Canada,Canada,Technology,Software & IT Services,2013,13Q3,21191530
Canada,Canada,Technology,Software & IT Services,2013,13Q4,21191530
Canada,Canada,Technology,Software & IT Services,2014,14Q1,21191530
Canada,Canada,Technology,Software & IT Services,2014,14Q2,21191530
Canada,Canada,Technology,Software & IT Services,2014,14Q3,21191530
Canada,Canada,Technology,Software & IT Services,2014,14Q4,21191530
Canada,Canada,Technology,Software & IT Services,2015,15Q1,21191530
Canada,Canada,Technology,Software & IT Services,2015,15Q2,21191530
Canada,Canada,Technology,Software & IT Services,2015,15Q3,21191530
Canada,Canada,Technology,Software & IT Services,2015,15Q4,21191530
Canada,Canada,Technology,Software & IT Services,2016,16Q1,21191530
Canada,Canada,Technology,Software & IT Services,2016,16Q2,21191530
Canada,Canada,Technology,Software & IT Services,2016,16Q3,21191530
Canada,Canada,Technology,Software & IT Services,2016,16Q4,21191530
Canada,Canada,Technology,Software & IT Services,2017,17Q1,21191530
Canada,Canada,Technology,Software & IT Services,2017,17Q2,21191530
Canada,Canada,Technology,Software & IT Services,2017,17Q3,21191530
Canada,Canada,Technology,Software & IT Services,2017,17Q4,21191530
Canada,Canada,Technology,Software & IT Services,2018,18Q1,21191530
Canada,Canada,Technology,Software & IT Services,2018,18Q2,21191530
Canada,Canada,Technology,Software & IT Services,2018,18Q3,21191530
Canada,Canada,Technology,Software & IT Services,2018,18Q4,21191530
Canada,Canada,Technology,Software & IT Services,2019,19Q1,21191530
Canada,Canada,Technology,Software & IT Services,2019,19Q2,445022130
Canada,Canada,Technology,Software & IT Services,2019,19q3,21191530
Canada,Canada,Technology,Software & IT Services,2019,19Q4,21191530
Canada,Canada,Technology,Software & IT Services,2020,20Q1,21191530
Canada,Canada,Technology,Software & IT Services,2020,20Q2,21191530
Canada,Canada,Technology,Software & IT Services,2020,20Q3,21191530
Canada,Canada,Technology,Software & IT Services,2020,20Q4,21191530
Canada,Canada,Technology,Software & IT Services,2021,21Q1,21191530
Canada,Canada,Technology,Software & IT Services,2021,21q2,21191530
Canada,Canada,Technology,Software & IT Services,2021,21q3,21191530
Canada,Canada,Technology,Software & IT Services,2021,21Q4,21191530
Canada,Canada,Technology,Software & IT Services,2022,22q1,21191530
Canada,Canada,Technology,Software & IT Services,2022,22Q2,21191530
Canada,Canada,Technology,Software & IT Services,2022,22Q3,21191530
Canada,Canada,Technology,Software & IT Services,2022,22Q4,21191530
Canada,Canada,Technology,Software & IT Services,2023,23Q1,21191530
Canada,Canada,Technology,Software & IT Services,2023,23Q2,21191530
Canada,Canada,Technology,Software & IT Services,2023,23Q3,21191530
Canada,Canada,Technology,Software & IT Services,2023,23q4,21191530
Canada,Canada,Technology,Software & IT Services,2024,24q1,21191530
Canada,Canada,Technology,Software & IT Services,2024,24q2,21191530
Canada,Canada,Technology,Software & IT Services,2024,24q3,21191530
Canada,Canada,Technology,Software & IT Services,2024,24q4,42464501.2083674
Canada,Canada,Technology,Software & IT Services,2025,25Q1,42363825.3204093
Canada,Canada,Technology,Software & IT Services,2025,25q2,43049711.0814204
Canada,Canada,Utilities,Utilities,2010,10Q1,75014826.9459738
Canada,Canada,Utilities,Utilities,2010,10Q2,77065109.0659726
Canada,Canada,Utilities,Utilities,2010,10Q3,76744487.424992
Canada,Canada,Utilities,Utilities,2010,10Q4,84321771.8513007
Canada,Canada,Utilities,Utilities,2011,11Q1,89729822.2190016
Canada,Canada,Utilities,Utilities,2011,11Q2,92826328.9214385
Canada,Canada,Utilities,Utilities,2011,11Q3,95344931.614059
Canada,Canada,Utilities,Utilities,2011,11Q4,93638282.1594483
Canada,Canada,Utilities,Utilities,2012,12Q1,98803787.3712519
Canada,Canada,Utilities,Utilities,2012,12Q2,95643868.9946782
Canada,Canada,Utilities,Utilities,2012,12Q3,100000970.985765
Canada,Canada,Utilities,Utilities,2012,12Q4,100843758.72365
Canada,Canada,Utilities,Utilities,2013,13Q1,103380329.361046
Canada,Canada,Utilities,Utilities,2013,13Q2,102973819.053228
Canada,Canada,Utilities,Utilities,2013,13Q3,106828051.395966
Canada,Canada,Utilities,Utilities,2013,13Q4,108077463.681208
Canada,Canada,Utilities,Utilities,2014,14Q1,108396931.884764
Canada,Canada,Utilities,Utilities,2014,14Q2,110569835.761659
Canada,Canada,Utilities,Utilities,2014,14Q3,110791622.585065
Canada,Canada,Utilities,Utilities,2014,14Q4,109738096.440634
Canada,Canada,Utilities,Utilities,2015,15Q1,120021010.026047
Canada,Canada,Utilities,Utilities,2015,15Q2,123134425.71563
Canada,Canada,Utilities,Utilities,2015,15Q3,115915521.458089
Canada,Canada,Utilities,Utilities,2015,15Q4,130120875.537335
Canada,Canada,Utilities,Utilities,2016,16Q1,285305746.889158
Canada,Canada,Utilities,Utilities,2016,16Q2,231874635.08081
Canada,Canada,Utilities,Utilities,2016,16Q3,236463273.699532
Canada,Canada,Utilities,Utilities,2016,16Q4,290902402.882829
Canada,Canada,Utilities,Utilities,2017,17Q1,297823473.988318
Canada,Canada,Utilities,Utilities,2017,17Q2,305000925.467364
Canada,Canada,Utilities,Utilities,2017,17Q3,326630649.640058
Canada,Canada,Utilities,Utilities,2017,17Q4,338398473.988759
Canada,Canada,Utilities,Utilities,2018,18Q1,343930277.153605
Canada,Canada,Utilities,Utilities,2018,18Q2,343487202.368989
Canada,Canada,Utilities,Utilities,2018,18Q3,343431988.260929
Canada,Canada,Utilities,Utilities,2018,18Q4,347778797.655009
Canada,Canada,Utilities,Utilities,2019,19Q1,351276777.848251
Canada,Canada,Utilities,Utilities,2019,19Q2,356686716.961521
Canada,Canada,Utilities,Utilities,2019,19q3,360361754.650668
Canada,Canada,Utilities,Utilities,2019,19Q4,380087320.593887
Canada,Canada,Utilities,Utilities,2020,20Q1,377531765.877454
Canada,Canada,Utilities,Utilities,2020,20Q2,380464048.852335
Canada,Canada,Utilities,Utilities,2020,20Q3,397391935.115535
Canada,Canada,Utilities,Utilities,2020,20Q4,421272944.612412
Canada,Canada,Utilities,Utilities,2021,21Q1,433217963.498028
Canada,Canada,Utilities,Utilities,2021,21q2,459714527.058028
Canada,Canada,Utilities,Utilities,2021,21q3,444231296.221842
Canada,Canada,Utilities,Utilities,2021,21Q4,461381733.689795
Canada,Canada,Utilities,Utilities,2022,22q1,463510302.949658
Canada,Canada,Utilities,Utilities,2022,22Q2,466626817.233317
Canada,Canada,Utilities,Utilities,2022,22Q3,452645300.59284
Canada,Canada,Utilities,Utilities,2022,22Q4,464821953.408968
Canada,Canada,Utilities,Utilities,2023,23Q1,462769297.875566
Canada,Canada,Utilities,Utilities,2023,23Q2,475648748.67184
Canada,Canada,Utilities,Utilities,2023,23Q3,473401458.092901
Canada,Canada,Utilities,Utilities,2023,23q4,491938707.439293
Canada,Canada,Utilities,Utilities,2024,24q1,495800683.361803
Canada,Canada,Utilities,Utilities,2024,24q2,501746768.02851
Canada,Canada,Utilities,Utilities,2024,24q3,507424216.151122
Canada,Canada,Utilities,Utilities,2024,24q4,500192740.733741
Canada,Canada,Utilities,Utilities,2025,25Q1,495467693.77722
Canada,Canada,Utilities,Utilities,2025,25q2,525027298.046387
"China, Hong Kong",China,Consumer Cyclical,Auto,2010,10Q2,143529880.226497
"China, Hong Kong",China,Consumer Cyclical,Auto,2011,11Q2,89659789.8065443
"China, Hong Kong",China,Consumer Cyclical,Auto,2011,11Q3,276819349.524442
"China, Hong Kong",China,Consumer Cyclical,Auto,2012,12Q2,74711371.5710302
"China, Hong Kong",China,Consumer Cyclical,Auto,2012,12Q3,474911795.847077
"China, Hong Kong",China,Consumer Cyclical,Auto,2012,12Q4,3212021.5088052
"China, Hong Kong",China,Consumer Cyclical,Auto,2013,13Q2,103900728.257163
"China, Hong Kong",China,Consumer Cyclical,Auto,2013,13Q3,959584678.880627
"China, Hong Kong",China,Consumer Cyclical,Auto,2013,13Q4,5941559.2516368
"China, Hong Kong",China,Consumer Cyclical,Auto,2014,14Q2,192449438.28496
"China, Hong Kong",China,Consumer Cyclical,Auto,2014,14Q3,1866487342.18765
"China, Hong Kong",China,Consumer Cyclical,Auto,2014,14Q4,7885510.6323904
"China, Hong Kong",China,Consumer Cyclical,Auto,2015,15Q2,271634703.158586
"China, Hong Kong",China,Consumer Cyclical,Auto,2015,15Q3,2409597904.72798
"China, Hong Kong",China,Consumer Cyclical,Auto,2015,15Q4,121687574.755015
"China, Hong Kong",China,Consumer Cyclical,Auto,2016,16Q2,521147765.847835
"China, Hong Kong",China,Consumer Cyclical,Auto,2016,16Q3,2359019367.07159
"China, Hong Kong",China,Consumer Cyclical,Auto,2016,16Q4,99860962.4454924
"China, Hong Kong",China,Consumer Cyclical,Auto,2017,17Q2,3410311091.5857
"China, Hong Kong",China,Consumer Cyclical,Auto,2017,17Q3,226218590.905841
"China, Hong Kong",China,Consumer Cyclical,Auto,2018,18Q2,576068258.010082
"China, Hong Kong",China,Consumer Cyclical,Auto,2018,18Q3,3843920448.76903
"China, Hong Kong",China,Consumer Cyclical,Auto,2018,18Q4,29425895.8633221
"China, Hong Kong",China,Consumer Cyclical,Auto,2019,19Q2,437781259.130119
"China, Hong Kong",China,Consumer Cyclical,Auto,2019,19q3,2657605040.87104
"China, Hong Kong",China,Consumer Cyclical,Auto,2020,20Q2,1582352941.63933
"China, Hong Kong",China,Consumer Cyclical,Auto,2020,20Q3,533880342.085636
"China, Hong Kong",China,Consumer Cyclical,Auto,2021,21Q1,134160778.918097
"China, Hong Kong",China,Consumer Cyclical,Auto,2021,21q2,202820005.21108
"China, Hong Kong",China,Consumer Cyclical,Auto,2021,21q3,1802102778.94008
"China, Hong Kong",China,Consumer Cyclical,Auto,2021,21Q4,144345402.757818
"China, Hong Kong",China,Consumer Cyclical,Auto,2022,22Q2,629907718.279699
"China, Hong Kong",China,Consumer Cyclical,Auto,2022,22Q3,1524325647.57413
"China, Hong Kong",China,Consumer Cyclical,Auto,2023,23Q2,295629102.31662
"China, Hong Kong",China,Consumer Cyclical,Auto,2023,23Q3,1463961692.61898
"China, Hong Kong",China,Consumer Cyclical,Auto,2024,24q2,212960573.980714
"China, Hong Kong",China,Consumer Cyclical,Auto,2024,24q3,1939008441.3269
"China, Hong Kong",China,Consumer Cyclical,Auto,2024,24q4,99744965.4205061
"China, Hong Kong",China,Consumer Cyclical,Auto,2025,25q2,373705901.777911
"China, Hong Kong",China,Consumer Cyclical,Clothing & Durables,2010,10Q2,55909827.54
"China, Hong Kong",China,Consumer Cyclical,Clothing & Durables,2010,10Q3,240681498.605574
"China, Hong Kong",China,Consumer Cyclical,Clothing & Durables,2011,11Q2,266474452.657298
"China, Hong Kong",China,Consumer Cyclical,Clothing & Durables,2011,11Q3,104064129.885651
"China, Hong Kong",China,Consumer Cyclical,Clothing & Durables,2012,12Q2,240972422.283664
"China, Hong Kong",China,Consumer Cyclical,Clothing & Durables,2012,12Q3,307293747.331392
"China, Hong Kong",China,Consumer Cyclical,Clothing & Durables,2013,13Q2,362878995.827224
"China, Hong Kong",China,Consumer Cyclical,Clothing & Durables,2013,13Q3,547838530.802093
"China, Hong Kong",China,Consumer Cyclical,Clothing & Durables,2014,14Q2,1146225726.04683
"China, Hong Kong",China,Consumer Cyclical,Clothing & Durables,2014,14Q3,80503170.1604325
"China, Hong Kong",China,Consumer Cyclical,Clothing & Durables,2015,15Q2,296441274.755387
"China, Hong Kong",China,Consumer Cyclical,Clothing & Durables,2015,15Q3,3201152104.73994
"China, Hong Kong",China,Consumer Cyclical,Clothing & Durables,2016,16Q2,315395311.472707
"China, Hong Kong",China,Consumer Cyclical,Clothing & Durables,2016,16Q3,1624372372.75873
"China, Hong Kong",China,Consumer Cyclical,Clothing & Durables,2017,17Q2,364829545.783597
"China, Hong Kong",China,Consumer Cyclical,Clothing & Durables,2017,17Q3,2081067996.33582
"China, Hong Kong",China,Consumer Cyclical,Clothing & Durables,2018,18Q2,664821170.418033
"China, Hong Kong",China,Consumer Cyclical,Clothing & Durables,2018,18Q3,334540867.674293
"China, Hong Kong",China,Consumer Cyclical,Clothing & Durables,2019,19Q1,535178405.779992
"China, Hong Kong",China,Consumer Cyclical,Clothing & Durables,2019,19Q2,269083796.162706
"China, Hong Kong",China,Consumer Cyclical,Clothing & Durables,2019,19q3,1856507269.16571
"China, Hong Kong",China,Consumer Cyclical,Clothing & Durables,2020,20Q2,1332783858.4737
"China, Hong Kong",China,Consumer Cyclical,Clothing & Durables,2020,20Q3,585873722.713733
"China, Hong Kong",China,Consumer Cyclical,Clothing & Durables,2020,20Q4,900512797.3294
"China, Hong Kong",China,Consumer Cyclical,Clothing & Durables,2021,21q2,376629773.620749
"China, Hong Kong",China,Consumer Cyclical,Clothing & Durables,2021,21q3,3686522947.93501
"China, Hong Kong",China,Consumer Cyclical,Clothing & Durables,2022,22q1,104173188.51435
"China, Hong Kong",China,Consumer Cyclical,Clothing & Durables,2022,22Q2,1266518985.96293
"China, Hong Kong",China,Consumer Cyclical,Clothing & Durables,2022,22Q3,2695102069.44158
"China, Hong Kong",China,Consumer Cyclical,Clothing & Durables,2023,23Q1,802937603.91453
"China, Hong Kong",China,Consumer Cyclical,Clothing & Durables,2023,23Q2,423705888.477065
"China, Hong Kong",China,Consumer Cyclical,Clothing & Durables,2023,23Q3,1972760092.17796
"China, Hong Kong",China,Consumer Cyclical,Clothing & Durables,2024,24q2,625242277.994942
"China, Hong Kong",China,Consumer Cyclical,Clothing & Durables,2024,24q3,3557355176.14669
"China, Hong Kong",China,Consumer Cyclical,Clothing & Durables,2025,25q2,667822443.790194
"China, Hong Kong",China,Consumer Cyclical,General Retail,2011,11Q2,3400099.12
"China, Hong Kong",China,Consumer Cyclical,General Retail,2012,12Q2,22330457.065933
"China, Hong Kong",China,Consumer Cyclical,General Retail,2012,12Q3,128936590
"China, Hong Kong",China,Consumer Cyclical,General Retail,2013,13Q1,77395890
"China, Hong Kong",China,Consumer Cyclical,General Retail,2013,13Q2,94657645.511891
"China, Hong Kong",China,Consumer Cyclical,General Retail,2013,13Q3,206342464
"China, Hong Kong",China,Consumer Cyclical,General Retail,2014,14Q1,219203525
"China, Hong Kong",China,Consumer Cyclical,General Retail,2014,14Q2,56487200
"China, Hong Kong",China,Consumer Cyclical,General Retail,2014,14Q3,289020924.256691
"China, Hong Kong",China,Consumer Cyclical,General Retail,2015,15Q1,167658660
"China, Hong Kong",China,Consumer Cyclical,General Retail,2015,15Q2,105196435.564668
"China, Hong Kong",China,Consumer Cyclical,General Retail,2015,15Q3,265776534.758352
"China, Hong Kong",China,Consumer Cyclical,General Retail,2015,15Q4,645107200
"China, Hong Kong",China,Consumer Cyclical,General Retail,2016,16Q2,115488726.122932
"China, Hong Kong",China,Consumer Cyclical,General Retail,2016,16Q3,386859690
"China, Hong Kong",China,Consumer Cyclical,General Retail,2016,16Q4,270343332
"China, Hong Kong",China,Consumer Cyclical,General Retail,2017,17Q2,334358412.293064
"China, Hong Kong",China,Consumer Cyclical,General Retail,2017,17Q3,383641530
"China, Hong Kong",China,Consumer Cyclical,General Retail,2017,17Q4,153584280
"China, Hong Kong",China,Consumer Cyclical,General Retail,2018,18Q2,156313504.133197
"China, Hong Kong",China,Consumer Cyclical,General Retail,2018,18Q3,639388823.476253
"China, Hong Kong",China,Consumer Cyclical,General Retail,2018,18Q4,191496300
"China, Hong Kong",China,Consumer Cyclical,General Retail,2019,19Q2,203541496.516126
"China, Hong Kong",China,Consumer Cyclical,General Retail,2019,19q3,637450200
"China, Hong Kong",China,Consumer Cyclical,General Retail,2019,19Q4,154135668
"China, Hong Kong",China,Consumer Cyclical,General Retail,2020,20Q3,410200267.629938
"China, Hong Kong",China,Consumer Cyclical,General Retail,2020,20Q4,206375712
"China, Hong Kong",China,Consumer Cyclical,General Retail,2021,21q2,381023555.203639
"China, Hong Kong",China,Consumer Cyclical,General Retail,2021,21q3,308113008
"China, Hong Kong",China,Consumer Cyclical,General Retail,2021,21Q4,282082020
"China, Hong Kong",China,Consumer Cyclical,General Retail,2022,22Q2,1766566195.62992
"China, Hong Kong",China,Consumer Cyclical,General Retail,2022,22Q3,789634087.54048
"China, Hong Kong",China,Consumer Cyclical,General Retail,2022,22Q4,282226780
"China, Hong Kong",China,Consumer Cyclical,General Retail,2023,23Q2,907048716.077362
"China, Hong Kong",China,Consumer Cyclical,General Retail,2023,23Q3,1499833805.46586
"China, Hong Kong",China,Consumer Cyclical,General Retail,2023,23q4,319748249.387298
"China, Hong Kong",China,Consumer Cyclical,General Retail,2024,24q1,2565752214
"China, Hong Kong",China,Consumer Cyclical,General Retail,2024,24q2,1846382034.81586
"China, Hong Kong",China,Consumer Cyclical,General Retail,2024,24q3,4643800340.03764
"China, Hong Kong",China,Consumer Cyclical,General Retail,2024,24q4,257178949.07497
"China, Hong Kong",China,Consumer Cyclical,General Retail,2025,25q2,2266344907.76054
"China, Hong Kong",China,Consumer Cyclical,Household services,2016,16Q1,42627032.84
"China, Hong Kong",China,Consumer Cyclical,Household services,2017,17Q4,83052179.8
"China, Hong Kong",China,Consumer Cyclical,Household services,2018,18Q1,38574709.7
"China, Hong Kong",China,Consumer Cyclical,Household services,2018,18Q2,38608041.8
"China, Hong Kong",China,Consumer Cyclical,Household services,2018,18Q3,38324673.2
"China, Hong Kong",China,Consumer Cyclical,Household services,2018,18Q4,45488987.04
"China, Hong Kong",China,Consumer Cyclical,Household services,2019,19Q1,70258846.72
"China, Hong Kong",China,Consumer Cyclical,Household services,2019,19Q2,96854269.044
"China, Hong Kong",China,Consumer Cyclical,Household services,2019,19q3,45219450.6
"China, Hong Kong",China,Consumer Cyclical,Household services,2019,19Q4,45109031.04
"China, Hong Kong",China,Consumer Cyclical,Household services,2020,20Q1,70111226.8
"China, Hong Kong",China,Consumer Cyclical,Household services,2020,20Q2,102579319.05
"China, Hong Kong",China,Consumer Cyclical,Household services,2020,20Q4,50321329.8
"China, Hong Kong",China,Consumer Cyclical,Household services,2021,21Q1,50448842.76
"China, Hong Kong",China,Consumer Cyclical,Household services,2021,21q2,50471842.44
"China, Hong Kong",China,Consumer Cyclical,Household services,2021,21q3,64835629.596
"China, Hong Kong",China,Consumer Cyclical,Household services,2021,21Q4,51375228.84
"China, Hong Kong",China,Consumer Cyclical,Household services,2022,22q1,51070775.88
"China, Hong Kong",China,Consumer Cyclical,Household services,2022,22Q2,119460406.14
"China, Hong Kong",China,Consumer Cyclical,Household services,2022,22Q3,50354503.92
"China, Hong Kong",China,Consumer Cyclical,Household services,2022,22Q4,50211281.4
"China, Hong Kong",China,Consumer Cyclical,Household services,2023,23Q1,54392095.94
"China, Hong Kong",China,Consumer Cyclical,Household services,2023,23Q2,54318289.09
"China, Hong Kong",China,Consumer Cyclical,Household services,2023,23Q3,136756212.6304
"China, Hong Kong",China,Consumer Cyclical,Household services,2023,23q4,53775055.1
"China, Hong Kong",China,Consumer Cyclical,Household services,2024,24q1,367806732.03
"China, Hong Kong",China,Consumer Cyclical,Household services,2024,24q2,62343912.8
"China, Hong Kong",China,Consumer Cyclical,Household services,2024,24q3,855138598.5804
"China, Hong Kong",China,Consumer Cyclical,Household services,2024,24q4,341501400.48124
"China, Hong Kong",China,Consumer Cyclical,Household services,2025,25Q1,599262660.29
"China, Hong Kong",China,Consumer Cyclical,Household services,2025,25q2,89597656.08
"China, Hong Kong",China,Consumer Defensive,"Food, drink & Tobacco",2010,10Q2,265824660.613472
"China, Hong Kong",China,Consumer Defensive,"Food, drink & Tobacco",2010,10Q3,494362345.287726
"China, Hong Kong",China,Consumer Defensive,"Food, drink & Tobacco",2010,10Q4,43265068.3676288
"China, Hong Kong",China,Consumer Defensive,"Food, drink & Tobacco",2011,11Q2,404725979.430545
"China, Hong Kong",China,Consumer Defensive,"Food, drink & Tobacco",2011,11Q3,783544832.995987
"China, Hong Kong",China,Consumer Defensive,"Food, drink & Tobacco",2011,11Q4,46272184.2223245
"China, Hong Kong",China,Consumer Defensive,"Food, drink & Tobacco",2012,12Q2,723324202.8724
"China, Hong Kong",China,Consumer Defensive,"Food, drink & Tobacco",2012,12Q3,1193900370.44616
"China, Hong Kong",China,Consumer Defensive,"Food, drink & Tobacco",2012,12Q4,46456423.938825
"China, Hong Kong",China,Consumer Defensive,"Food, drink & Tobacco",2013,13Q2,2195288156.65565
"China, Hong Kong",China,Consumer Defensive,"Food, drink & Tobacco",2013,13Q3,746046321.377886
"China, Hong Kong",China,Consumer Defensive,"Food, drink & Tobacco",2013,13Q4,40282019.6604111
"China, Hong Kong",China,Consumer Defensive,"Food, drink & Tobacco",2014,14Q2,1425128631.40227
"China, Hong Kong",China,Consumer Defensive,"Food, drink & Tobacco",2014,14Q3,1286223609.10487
"China, Hong Kong",China,Consumer Defensive,"Food, drink & Tobacco",2014,14Q4,34224664.6611606
"China, Hong Kong",China,Consumer Defensive,"Food, drink & Tobacco",2015,15Q2,1655230256.76591
"China, Hong Kong",China,Consumer Defensive,"Food, drink & Tobacco",2015,15Q3,1077955037.93111
"China, Hong Kong",China,Consumer Defensive,"Food, drink & Tobacco",2015,15Q4,3861567614.42318
"China, Hong Kong",China,Consumer Defensive,"Food, drink & Tobacco",2016,16Q2,1338014429.4583
"China, Hong Kong",China,Consumer Defensive,"Food, drink & Tobacco",2016,16Q3,2257747690.14537
"China, Hong Kong",China,Consumer Defensive,"Food, drink & Tobacco",2016,16Q4,215329115.6674
"China, Hong Kong",China,Consumer Defensive,"Food, drink & Tobacco",2017,17Q2,2970466405.6097
"China, Hong Kong",China,Consumer Defensive,"Food, drink & Tobacco",2017,17Q3,1507202954.36375
"China, Hong Kong",China,Consumer Defensive,"Food, drink & Tobacco",2017,17Q4,33244843.9559464
"China, Hong Kong",China,Consumer Defensive,"Food, drink & Tobacco",2018,18Q2,4670336005.54664
"China, Hong Kong",China,Consumer Defensive,"Food, drink & Tobacco",2018,18Q3,1373522040.65709
"China, Hong Kong",China,Consumer Defensive,"Food, drink & Tobacco",2018,18Q4,472967614.286966
"China, Hong Kong",China,Consumer Defensive,"Food, drink & Tobacco",2019,19Q2,5981294093.32675
"China, Hong Kong",China,Consumer Defensive,"Food, drink & Tobacco",2019,19q3,825872599.820659
"China, Hong Kong",China,Consumer Defensive,"Food, drink & Tobacco",2019,19Q4,224810022.937767
"China, Hong Kong",China,Consumer Defensive,"Food, drink & Tobacco",2020,20Q2,7157013518.48612
"China, Hong Kong",China,Consumer Defensive,"Food, drink & Tobacco",2020,20Q3,862434901.652288
"China, Hong Kong",China,Consumer Defensive,"Food, drink & Tobacco",2020,20Q4,409091778.853402
"China, Hong Kong",China,Consumer Defensive,"Food, drink & Tobacco",2021,21q2,6922755089.26478
"China, Hong Kong",China,Consumer Defensive,"Food, drink & Tobacco",2021,21q3,3853908184.46952
"China, Hong Kong",China,Consumer Defensive,"Food, drink & Tobacco",2021,21Q4,518825697.346648
"China, Hong Kong",China,Consumer Defensive,"Food, drink & Tobacco",2022,22Q2,9007472053.53106
"China, Hong Kong",China,Consumer Defensive,"Food, drink & Tobacco",2022,22Q3,2131662157.86638
"China, Hong Kong",China,Consumer Defensive,"Food, drink & Tobacco",2022,22Q4,4516207930.53538
"China, Hong Kong",China,Consumer Defensive,"Food, drink & Tobacco",2023,23Q2,10431479333.7216
"China, Hong Kong",China,Consumer Defensive,"Food, drink & Tobacco",2023,23Q3,2892986388.73475
"China, Hong Kong",China,Consumer Defensive,"Food, drink & Tobacco",2023,23q4,3493359473.20668
"China, Hong Kong",China,Consumer Defensive,"Food, drink & Tobacco",2024,24q2,8896482853.53053
"China, Hong Kong",China,Consumer Defensive,"Food, drink & Tobacco",2024,24q3,6255442229.59092
"China, Hong Kong",China,Consumer Defensive,"Food, drink & Tobacco",2024,24q4,5012822393.93337
"China, Hong Kong",China,Consumer Defensive,"Food, drink & Tobacco",2025,25Q1,2544835757.847
"China, Hong Kong",China,Consumer Defensive,"Food, drink & Tobacco",2025,25q2,8590904501.33954
"China, Hong Kong",China,Consumer Defensive,Household products,2024,24q3,127665440.86611
"China, Hong Kong",China,Financial,Banks,2010,10Q2,4639656429.05661
"China, Hong Kong",China,Financial,Banks,2010,10Q3,7084922380.00711
"China, Hong Kong",China,Financial,Banks,2010,10Q4,0
"China, Hong Kong",China,Financial,Banks,2011,11Q2,1623545024.55823
"China, Hong Kong",China,Financial,Banks,2011,11Q3,12791706191.4984
"China, Hong Kong",China,Financial,Banks,2011,11Q4,128297262.849934
"China, Hong Kong",China,Financial,Banks,2012,12Q2,1751494894.24445
"China, Hong Kong",China,Financial,Banks,2012,12Q3,15515077839.4203
"China, Hong Kong",China,Financial,Banks,2012,12Q4,49655553.699802
"China, Hong Kong",China,Financial,Banks,2013,13Q2,1424291900.44809
"China, Hong Kong",China,Financial,Banks,2013,13Q3,22066729089.0867
"China, Hong Kong",China,Financial,Banks,2014,14Q2,1723989707.03942
"China, Hong Kong",China,Financial,Banks,2014,14Q3,24039526723.355
"China, Hong Kong",China,Financial,Banks,2015,15Q1,84700000
"China, Hong Kong",China,Financial,Banks,2015,15Q2,3791553260.48971
"China, Hong Kong",China,Financial,Banks,2015,15Q3,22197296715.7846
"China, Hong Kong",China,Financial,Banks,2016,16Q1,79650606.8335624
"China, Hong Kong",China,Financial,Banks,2016,16Q2,4042022073.34859
"China, Hong Kong",China,Financial,Banks,2016,16Q3,20245265663.8616
"China, Hong Kong",China,Financial,Banks,2016,16Q4,119256707.790985
"China, Hong Kong",China,Financial,Banks,2017,17Q2,2917000368.25336
"China, Hong Kong",China,Financial,Banks,2017,17Q3,20130254459.685
"China, Hong Kong",China,Financial,Banks,2017,17Q4,125692055.838093
"China, Hong Kong",China,Financial,Banks,2018,18Q2,2238053269.9782
"China, Hong Kong",China,Financial,Banks,2018,18Q3,23397488000.135
"China, Hong Kong",China,Financial,Banks,2019,19Q2,5939123854.57909
"China, Hong Kong",China,Financial,Banks,2019,19q3,21358593409.6258
"China, Hong Kong",China,Financial,Banks,2020,20Q2,2003998275.33769
"China, Hong Kong",China,Financial,Banks,2020,20Q3,28426956397.5206
"China, Hong Kong",China,Financial,Banks,2021,21q2,7499334788.12153
"China, Hong Kong",China,Financial,Banks,2021,21q3,26648481424.6972
"China, Hong Kong",China,Financial,Banks,2021,21Q4,39370003.2953552
"China, Hong Kong",China,Financial,Banks,2022,22Q2,5929453483.7018
"China, Hong Kong",China,Financial,Banks,2022,22Q3,30698900591.7887
"China, Hong Kong",China,Financial,Banks,2023,23Q2,7400380730.12277
"China, Hong Kong",China,Financial,Banks,2023,23Q3,29846078203.4271
"China, Hong Kong",China,Financial,Banks,2024,24q2,24866028816.225
"China, Hong Kong",China,Financial,Banks,2024,24q3,14904252198.6723
"China, Hong Kong",China,Financial,Banks,2024,24q4,2124343189.15096
"China, Hong Kong",China,Financial,Banks,2025,25Q1,12961746283.3503
"China, Hong Kong",China,Financial,Banks,2025,25q2,14823849968.2262
"China, Hong Kong",China,Financial,General Financial,2010,10Q2,65069077.00704
"China, Hong Kong",China,Financial,General Financial,2010,10Q3,26460958.33131
"China, Hong Kong",China,Financial,General Financial,2011,11Q2,454357785.626305
"China, Hong Kong",China,Financial,General Financial,2011,11Q3,87726555.592578
"China, Hong Kong",China,Financial,General Financial,2012,12Q2,46020341.5212208
"China, Hong Kong",China,Financial,General Financial,2012,12Q3,261050194.382947
"China, Hong Kong",China,Financial,General Financial,2013,13Q2,55767189.5877812
"China, Hong Kong",China,Financial,General Financial,2013,13Q3,310081704.345666
"China, Hong Kong",China,Financial,General Financial,2014,14Q2,13247288.445134
"China, Hong Kong",China,Financial,General Financial,2014,14Q3,236718050.827412
"China, Hong Kong",China,Financial,General Financial,2014,14Q4,116630405.295417
"China, Hong Kong",China,Financial,General Financial,2015,15Q1,8855892.3084336
"China, Hong Kong",China,Financial,General Financial,2015,15Q2,498579056.97432
"China, Hong Kong",China,Financial,General Financial,2015,15Q3,181330408.113916
"China, Hong Kong",China,Financial,General Financial,2016,16Q1,30016853.7054828
"China, Hong Kong",China,Financial,General Financial,2016,16Q2,896485492.145104
"China, Hong Kong",China,Financial,General Financial,2016,16Q3,1519066869.39372
"China, Hong Kong",China,Financial,General Financial,2017,17Q1,34328003.51862
"China, Hong Kong",China,Financial,General Financial,2017,17Q2,190952019.762631
"China, Hong Kong",China,Financial,General Financial,2017,17Q3,989686963.612138
"China, Hong Kong",China,Financial,General Financial,2018,18Q1,37709663.14584
"China, Hong Kong",China,Financial,General Financial,2018,18Q2,432118905.49046
"China, Hong Kong",China,Financial,General Financial,2018,18Q3,1116661019.07612
"China, Hong Kong",China,Financial,General Financial,2018,18Q4,85098161.5406007
"China, Hong Kong",China,Financial,General Financial,2019,19Q1,18878153.059296
"China, Hong Kong",China,Financial,General Financial,2019,19Q2,321124036.025971
"China, Hong Kong",China,Financial,General Financial,2019,19q3,706899643.500642
"China, Hong Kong",China,Financial,General Financial,2019,19Q4,169507651.456408
"China, Hong Kong",China,Financial,General Financial,2020,20Q2,440698479.519528
"China, Hong Kong",China,Financial,General Financial,2020,20Q3,972754156.860605
"China, Hong Kong",China,Financial,General Financial,2020,20Q4,380121051.734165
"China, Hong Kong",China,Financial,General Financial,2021,21Q1,49785079.66836
"China, Hong Kong",China,Financial,General Financial,2021,21q2,396347799.218832
"China, Hong Kong",China,Financial,General Financial,2021,21q3,2353618851.02765
"China, Hong Kong",China,Financial,General Financial,2022,22q1,77061946.226562
"China, Hong Kong",China,Financial,General Financial,2022,22Q2,795375259.010588
"China, Hong Kong",China,Financial,General Financial,2022,22Q3,2762789683.69136
"China, Hong Kong",China,Financial,General Financial,2023,23Q1,98699496.69635
"China, Hong Kong",China,Financial,General Financial,2023,23Q2,726038177.631485
"China, Hong Kong",China,Financial,General Financial,2023,23Q3,1297629783.28168
"China, Hong Kong",China,Financial,General Financial,2024,24q1,83248781.79156
"China, Hong Kong",China,Financial,General Financial,2024,24q2,567240799.197523
"China, Hong Kong",China,Financial,General Financial,2024,24q3,1663237844.73707
"China, Hong Kong",China,Financial,General Financial,2024,24q4,553784196.077116
"China, Hong Kong",China,Financial,General Financial,2025,25Q1,156867092.635873
"China, Hong Kong",China,Financial,General Financial,2025,25q2,988317752.318853
"China, Hong Kong",China,Financial,Insurance,2010,10Q3,1055265588.59349
"China, Hong Kong",China,Financial,Insurance,2011,11Q2,124301624.232022
"China, Hong Kong",China,Financial,Insurance,2011,11Q3,707362374.54631
"China, Hong Kong",China,Financial,Insurance,2011,11Q4,121673639.108309
"China, Hong Kong",China,Financial,Insurance,2012,12Q2,128932370.678778
"China, Hong Kong",China,Financial,Insurance,2012,12Q3,462517484.857379
"China, Hong Kong",China,Financial,Insurance,2012,12Q4,199965652.706263
"China, Hong Kong",China,Financial,Insurance,2013,13Q2,151301727.529247
"China, Hong Kong",China,Financial,Insurance,2013,13Q3,331462070.239122
"China, Hong Kong",China,Financial,Insurance,2013,13Q4,267741450.958406
"China, Hong Kong",China,Financial,Insurance,2014,14Q3,959323071.02117
"China, Hong Kong",China,Financial,Insurance,2014,14Q4,127031216.513789
"China, Hong Kong",China,Financial,Insurance,2015,15Q3,1784214396.69357
"China, Hong Kong",China,Financial,Insurance,2016,16Q3,1583308967.0516
"China, Hong Kong",China,Financial,Insurance,2016,16Q4,224229775.8164
"China, Hong Kong",China,Financial,Insurance,2017,17Q3,1468979353.16262
"China, Hong Kong",China,Financial,Insurance,2017,17Q4,559220622.08543
"China, Hong Kong",China,Financial,Insurance,2018,18Q3,2710499584.60232
"China, Hong Kong",China,Financial,Insurance,2018,18Q4,671988089.903574
"China, Hong Kong",China,Financial,Insurance,2019,19Q2,1224161448.84326
"China, Hong Kong",China,Financial,Insurance,2019,19q3,1022360917.05723
"China, Hong Kong",China,Financial,Insurance,2019,19Q4,795568195.517608
"China, Hong Kong",China,Financial,Insurance,2020,20Q2,1837346097.67465
"China, Hong Kong",China,Financial,Insurance,2020,20Q3,1565130587.2974
"China, Hong Kong",China,Financial,Insurance,2020,20Q4,908411108.947523
"China, Hong Kong",China,Financial,Insurance,2021,21q2,2163822170.71655
"China, Hong Kong",China,Financial,Insurance,2021,21q3,1522546111.91685
"China, Hong Kong",China,Financial,Insurance,2021,21Q4,1035572235.56464
"China, Hong Kong",China,Financial,Insurance,2022,22Q2,1710950431.28757
"China, Hong Kong",China,Financial,Insurance,2022,22Q3,1968555759.14429
"China, Hong Kong",China,Financial,Insurance,2022,22Q4,1007732509.58082
"China, Hong Kong",China,Financial,Insurance,2023,23Q2,401622627.837892
"China, Hong Kong",China,Financial,Insurance,2023,23Q3,2946883367.69448
"China, Hong Kong",China,Financial,Insurance,2023,23q4,946777728.169609
"China, Hong Kong",China,Financial,Insurance,2024,24q3,3177497683.33764
"China, Hong Kong",China,Financial,Insurance,2024,24q4,1463886410.27268
"China, Hong Kong",China,Financial,Insurance,2025,25Q1,76386491.6152015
"China, Hong Kong",China,Health,Healthcare,2010,10Q3,12443263.1999971
"China, Hong Kong",China,Health,Healthcare,2011,11Q2,617891.1654
"China, Hong Kong",China,Health,Healthcare,2011,11Q3,18144334.7675968
"China, Hong Kong",China,Health,Healthcare,2012,12Q2,2845862.356545
"China, Hong Kong",China,Health,Healthcare,2012,12Q3,26811350.4278432
"China, Hong Kong",China,Health,Healthcare,2013,13Q2,5478295.04346672
"China, Hong Kong",China,Health,Healthcare,2013,13Q3,75265321.93236
"China, Hong Kong",China,Health,Healthcare,2014,14Q2,88305459.4935596
"China, Hong Kong",China,Health,Healthcare,2015,15Q2,108652914.961649
"China, Hong Kong",China,Health,Healthcare,2016,16Q3,129414704.05613
"China, Hong Kong",China,Health,Healthcare,2017,17Q2,30964298.2904052
"China, Hong Kong",China,Health,Healthcare,2017,17Q3,102041045.7381
"China, Hong Kong",China,Health,Healthcare,2018,18Q2,85768092.2748189
"China, Hong Kong",China,Health,Healthcare,2018,18Q3,109319787.758062
"China, Hong Kong",China,Health,Healthcare,2019,19Q2,89948159.144408
"China, Hong Kong",China,Health,Healthcare,2019,19q3,114645160.678073
"China, Hong Kong",China,Health,Healthcare,2020,20Q2,174963082.66188
"China, Hong Kong",China,Health,Healthcare,2020,20Q3,121036200.715276
"China, Hong Kong",China,Health,Healthcare,2021,21q2,298032172.6329
"China, Hong Kong",China,Health,Healthcare,2021,21q3,142368218.603856
"China, Hong Kong",China,Health,Healthcare,2022,22Q2,627037606.9244
"China, Hong Kong",China,Health,Healthcare,2022,22Q3,222732924.673427
"China, Hong Kong",China,Health,Healthcare,2023,23Q2,879070896.585967
"China, Hong Kong",China,Health,Healthcare,2023,23Q3,165480115.506347
"China, Hong Kong",China,Health,Healthcare,2023,23q4,729430092.704
"China, Hong Kong",China,Health,Healthcare,2024,24q2,414594233.502163
"China, Hong Kong",China,Health,Healthcare,2024,24q3,843081483.969393
"China, Hong Kong",China,Health,Healthcare,2024,24q4,289461933.501852
"China, Hong Kong",China,Health,Healthcare,2025,25q2,508734493.798942
"China, Hong Kong",China,Health,Pharmaceuticals,2010,10Q1,9093403.253432
"China, Hong Kong",China,Health,Pharmaceuticals,2010,10Q2,4681095.07952
"China, Hong Kong",China,Health,Pharmaceuticals,2010,10Q3,25217607.828471
"China, Hong Kong",China,Health,Pharmaceuticals,2011,11Q2,18367141.41618
"China, Hong Kong",China,Health,Pharmaceuticals,2011,11Q3,39124115.311524
"China, Hong Kong",China,Health,Pharmaceuticals,2012,12Q2,78523464.0503081
"China, Hong Kong",China,Health,Pharmaceuticals,2013,13Q2,86951651.269882
"China, Hong Kong",China,Health,Pharmaceuticals,2013,13Q3,65336113.2622632
"China, Hong Kong",China,Health,Pharmaceuticals,2014,14Q2,103542426.527679
"China, Hong Kong",China,Health,Pharmaceuticals,2014,14Q3,83719075.1690664
"China, Hong Kong",China,Health,Pharmaceuticals,2015,15Q2,82474163.530119
"China, Hong Kong",China,Health,Pharmaceuticals,2015,15Q3,167392106.299719
"China, Hong Kong",China,Health,Pharmaceuticals,2016,16Q2,244617862.76372
"China, Hong Kong",China,Health,Pharmaceuticals,2017,17Q2,79622147.0564325
"China, Hong Kong",China,Health,Pharmaceuticals,2017,17Q3,223309659.792368
"China, Hong Kong",China,Health,Pharmaceuticals,2018,18Q2,114569474.582637
"China, Hong Kong",China,Health,Pharmaceuticals,2018,18Q3,340718325.420363
"China, Hong Kong",China,Health,Pharmaceuticals,2019,19Q1,143982952.535037
"China, Hong Kong",China,Health,Pharmaceuticals,2019,19Q2,354124991.066037
"China, Hong Kong",China,Health,Pharmaceuticals,2019,19q3,102473088.32446
"China, Hong Kong",China,Health,Pharmaceuticals,2020,20Q2,506792218.729509
"China, Hong Kong",China,Health,Pharmaceuticals,2020,20Q3,111954322.037797
"China, Hong Kong",China,Health,Pharmaceuticals,2021,21q2,677778586.197514
"China, Hong Kong",China,Health,Pharmaceuticals,2021,21q3,192159494.125442
"China, Hong Kong",China,Health,Pharmaceuticals,2022,22Q2,410169068.831198
"China, Hong Kong",China,Health,Pharmaceuticals,2022,22Q3,365797442.491328
"China, Hong Kong",China,Health,Pharmaceuticals,2023,23Q2,736211074.710596
"China, Hong Kong",China,Health,Pharmaceuticals,2023,23Q3,319956115.079918
"China, Hong Kong",China,Health,Pharmaceuticals,2024,24q2,932465021.16374
"China, Hong Kong",China,Health,Pharmaceuticals,2024,24q3,244145862.056212
"China, Hong Kong",China,Health,Pharmaceuticals,2024,24q4,547084542.565641
"China, Hong Kong",China,Health,Pharmaceuticals,2025,25q2,537393332.465971
"China, Hong Kong",China,Industrial,Machinery,2010,10Q1,5605057.12923
"China, Hong Kong",China,Industrial,Machinery,2010,10Q2,285740395.093964
"China, Hong Kong",China,Industrial,Machinery,2010,10Q3,196678789.047741
"China, Hong Kong",China,Industrial,Machinery,2010,10Q4,62183502.4965399
"China, Hong Kong",China,Industrial,Machinery,2011,11Q1,14230683.4480272
"China, Hong Kong",China,Industrial,Machinery,2011,11Q2,335053539.333207
"China, Hong Kong",China,Industrial,Machinery,2011,11Q3,412881408.620617
"China, Hong Kong",China,Industrial,Machinery,2012,12Q2,450568683.564737
"China, Hong Kong",China,Industrial,Machinery,2012,12Q3,903996419.120636
"China, Hong Kong",China,Industrial,Machinery,2012,12Q4,7671527.54514432
"China, Hong Kong",China,Industrial,Machinery,2013,13Q2,318766130.533853
"China, Hong Kong",China,Industrial,Machinery,2013,13Q3,1294457733.38936
"China, Hong Kong",China,Industrial,Machinery,2013,13Q4,7875207.85759488
"China, Hong Kong",China,Industrial,Machinery,2014,14Q2,938903742.553453
"China, Hong Kong",China,Industrial,Machinery,2014,14Q3,611247537.529255
"China, Hong Kong",China,Industrial,Machinery,2014,14Q4,56012227.0690435
"China, Hong Kong",China,Industrial,Machinery,2015,15Q2,1780172245.68542
"China, Hong Kong",China,Industrial,Machinery,2015,15Q3,229856390.747883
"China, Hong Kong",China,Industrial,Machinery,2015,15Q4,473096664.338637
"China, Hong Kong",China,Industrial,Machinery,2016,16Q2,1878107517.39935
"China, Hong Kong",China,Industrial,Machinery,2016,16Q3,870458374.946433
"China, Hong Kong",China,Industrial,Machinery,2016,16Q4,14414885.25312
"China, Hong Kong",China,Industrial,Machinery,2017,17Q2,2101436829.95259
"China, Hong Kong",China,Industrial,Machinery,2017,17Q3,942202210.442049
"China, Hong Kong",China,Industrial,Machinery,2017,17Q4,66862621.0956655
"China, Hong Kong",China,Industrial,Machinery,2018,18Q2,1859549212.52443
"China, Hong Kong",China,Industrial,Machinery,2018,18Q3,1722186892.12694
"China, Hong Kong",China,Industrial,Machinery,2018,18Q4,608141404.420611
"China, Hong Kong",China,Industrial,Machinery,2019,19Q2,1218742617.5052
"China, Hong Kong",China,Industrial,Machinery,2019,19q3,2293299609.51324
"China, Hong Kong",China,Industrial,Machinery,2019,19Q4,708823732.355874
"China, Hong Kong",China,Industrial,Machinery,2020,20Q2,1256866345.25023
"China, Hong Kong",China,Industrial,Machinery,2020,20Q3,2330093855.89317
"China, Hong Kong",China,Industrial,Machinery,2020,20Q4,633184953.593564
"China, Hong Kong",China,Industrial,Machinery,2021,21q2,2975772147.14981
"China, Hong Kong",China,Industrial,Machinery,2021,21q3,2708507307.73034
"China, Hong Kong",China,Industrial,Machinery,2021,21Q4,634616176.068507
"China, Hong Kong",China,Industrial,Machinery,2022,22Q2,3246604114.77317
"China, Hong Kong",China,Industrial,Machinery,2022,22Q3,2954785032.15414
"China, Hong Kong",China,Industrial,Machinery,2022,22Q4,775711689.864186
"China, Hong Kong",China,Industrial,Machinery,2023,23Q2,5200112640.90232
"China, Hong Kong",China,Industrial,Machinery,2023,23Q3,2452963553.89634
"China, Hong Kong",China,Industrial,Machinery,2023,23q4,808427639.12248
"China, Hong Kong",China,Industrial,Machinery,2024,24q2,4906129723.49083
"China, Hong Kong",China,Industrial,Machinery,2024,24q3,4668459659.05819
"China, Hong Kong",China,Industrial,Machinery,2024,24q4,1161813195.44233
"China, Hong Kong",China,Industrial,Machinery,2025,25Q1,718373135.610445
"China, Hong Kong",China,Industrial,Machinery,2025,25q2,4567071823.74401
"China, Hong Kong",China,Industrial,Transport,2010,10Q2,560864651.323509
"China, Hong Kong",China,Industrial,Transport,2010,10Q3,331651285.658506
"China, Hong Kong",China,Industrial,Transport,2010,10Q4,586430.871
"China, Hong Kong",China,Industrial,Transport,2011,11Q2,1633946076.81052
"China, Hong Kong",China,Industrial,Transport,2011,11Q3,821648251.856103
"China, Hong Kong",China,Industrial,Transport,2011,11Q4,43903755.0555798
"China, Hong Kong",China,Industrial,Transport,2012,12Q2,1383044.0715
"China, Hong Kong",China,Industrial,Transport,2012,12Q3,1356724969.96314
"China, Hong Kong",China,Industrial,Transport,2012,12Q4,29306998.5534842
"China, Hong Kong",China,Industrial,Transport,2013,13Q2,991217034.469447
"China, Hong Kong",China,Industrial,Transport,2013,13Q3,201648521.94645
"China, Hong Kong",China,Industrial,Transport,2013,13Q4,1416401.33728
"China, Hong Kong",China,Industrial,Transport,2014,14Q2,1039169145.77087
"China, Hong Kong",China,Industrial,Transport,2014,14Q3,159653288.80375
"China, Hong Kong",China,Industrial,Transport,2014,14Q4,48815013.83508
"China, Hong Kong",China,Industrial,Transport,2015,15Q2,1170493498.69826
"China, Hong Kong",China,Industrial,Transport,2015,15Q3,175200242.072841
"China, Hong Kong",China,Industrial,Transport,2015,15Q4,60076156.512
"China, Hong Kong",China,Industrial,Transport,2016,16Q2,151671656.854678
"China, Hong Kong",China,Industrial,Transport,2016,16Q3,1156266770.11808
"China, Hong Kong",China,Industrial,Transport,2016,16Q4,62810950.5417102
"China, Hong Kong",China,Industrial,Transport,2017,17Q2,550140648.657141
"China, Hong Kong",China,Industrial,Transport,2017,17Q3,383351885.900935
"China, Hong Kong",China,Industrial,Transport,2017,17Q4,13391976.5558
"China, Hong Kong",China,Industrial,Transport,2018,18Q2,1085694789.98258
"China, Hong Kong",China,Industrial,Transport,2018,18Q3,452878788.179043
"China, Hong Kong",China,Industrial,Transport,2019,19Q2,1088751834.34457
"China, Hong Kong",China,Industrial,Transport,2019,19q3,363708711.572082
"China, Hong Kong",China,Industrial,Transport,2019,19Q4,41437712.4492625
"China, Hong Kong",China,Industrial,Transport,2020,20Q1,1001269275.2
"China, Hong Kong",China,Industrial,Transport,2020,20Q2,332691349.53063
"China, Hong Kong",China,Industrial,Transport,2020,20Q3,1315646078.45015
"China, Hong Kong",China,Industrial,Transport,2020,20Q4,30601292.2233
"China, Hong Kong",China,Industrial,Transport,2021,21q2,1315487036.08893
"China, Hong Kong",China,Industrial,Transport,2021,21q3,1240332980.65378
"China, Hong Kong",China,Industrial,Transport,2021,21Q4,2810021130
"China, Hong Kong",China,Industrial,Transport,2022,22Q2,2471530798.56175
"China, Hong Kong",China,Industrial,Transport,2022,22Q3,1799653959.59017
"China, Hong Kong",China,Industrial,Transport,2022,22Q4,4913766025.71833
"China, Hong Kong",China,Industrial,Transport,2023,23Q2,4077790134.76132
"China, Hong Kong",China,Industrial,Transport,2023,23Q3,1451907517.57447
"China, Hong Kong",China,Industrial,Transport,2023,23q4,803184907.555958
"China, Hong Kong",China,Industrial,Transport,2024,24q2,599245462.79663
"China, Hong Kong",China,Industrial,Transport,2024,24q3,2669344326.58822
"China, Hong Kong",China,Industrial,Transport,2024,24q4,2129928031.18588
"China, Hong Kong",China,Industrial,Transport,2025,25q2,1505870545.86193
"China, Hong Kong",China,Media & Telecommunications,Media,2010,10Q2,93878023.52016
"China, Hong Kong",China,Media & Telecommunications,Media,2011,11Q2,129824171.658275
"China, Hong Kong",China,Media & Telecommunications,Media,2012,12Q2,178046806.350472
"China, Hong Kong",China,Media & Telecommunications,Media,2013,13Q2,238082128.40034
"China, Hong Kong",China,Media & Telecommunications,Media,2014,14Q2,288768518.403852
"China, Hong Kong",China,Media & Telecommunications,Media,2015,15Q2,435396988.269302
"China, Hong Kong",China,Media & Telecommunications,Media,2016,16Q2,588071592.080021
"China, Hong Kong",China,Media & Telecommunications,Media,2017,17Q2,741991552.675061
"China, Hong Kong",China,Media & Telecommunications,Media,2017,17Q3,348060128.9253
"China, Hong Kong",China,Media & Telecommunications,Media,2018,18Q2,1171111368.69193
"China, Hong Kong",China,Media & Telecommunications,Media,2019,19Q2,1214272152.70688
"China, Hong Kong",China,Media & Telecommunications,Media,2019,19q3,213449870.12216
"China, Hong Kong",China,Media & Telecommunications,Media,2020,20Q2,1638138393.36113
"China, Hong Kong",China,Media & Telecommunications,Media,2020,20Q3,351511227.189432
"China, Hong Kong",China,Media & Telecommunications,Media,2020,20Q4,134749563
"China, Hong Kong",China,Media & Telecommunications,Media,2021,21Q1,41461404
"China, Hong Kong",China,Media & Telecommunications,Media,2021,21q2,2185994812.17056
"China, Hong Kong",China,Media & Telecommunications,Media,2021,21q3,427033999.902614
"China, Hong Kong",China,Media & Telecommunications,Media,2021,21Q4,625626791.2208
"China, Hong Kong",China,Media & Telecommunications,Media,2022,22q1,279864477
"China, Hong Kong",China,Media & Telecommunications,Media,2022,22Q2,2182776729.30579
"China, Hong Kong",China,Media & Telecommunications,Media,2022,22Q3,526683946.2701
"China, Hong Kong",China,Media & Telecommunications,Media,2022,22Q4,300595179
"China, Hong Kong",China,Media & Telecommunications,Media,2023,23Q1,484951263.02984
"China, Hong Kong",China,Media & Telecommunications,Media,2023,23Q2,3257459383.8263
"China, Hong Kong",China,Media & Telecommunications,Media,2023,23Q3,920828319.97576
"China, Hong Kong",China,Media & Telecommunications,Media,2023,23q4,342056628.144
"China, Hong Kong",China,Media & Telecommunications,Media,2024,24q1,746201716.97232
"China, Hong Kong",China,Media & Telecommunications,Media,2024,24q2,4435733908.86133
"China, Hong Kong",China,Media & Telecommunications,Media,2024,24q3,1163541649.34534
"China, Hong Kong",China,Media & Telecommunications,Media,2024,24q4,300595218.672
"China, Hong Kong",China,Media & Telecommunications,Media,2025,25Q1,843221415.1368
"China, Hong Kong",China,Media & Telecommunications,Media,2025,25q2,5739707161.24462
"China, Hong Kong",China,Media & Telecommunications,Telecoms,2010,10Q2,167086420.346303
"China, Hong Kong",China,Media & Telecommunications,Telecoms,2011,11Q3,85219031.9602752
"China, Hong Kong",China,Media & Telecommunications,Telecoms,2012,12Q3,111497975.314847
"China, Hong Kong",China,Media & Telecommunications,Telecoms,2013,13Q3,137909557.91624
"China, Hong Kong",China,Media & Telecommunications,Telecoms,2014,14Q2,181181986.986356
"China, Hong Kong",China,Media & Telecommunications,Telecoms,2015,15Q3,229874286.538388
"China, Hong Kong",China,Media & Telecommunications,Telecoms,2016,16Q2,182498235.187657
"China, Hong Kong",China,Media & Telecommunications,Telecoms,2018,18Q2,63346957.4222053
"China, Hong Kong",China,Media & Telecommunications,Telecoms,2019,19Q2,179980617.936867
"China, Hong Kong",China,Media & Telecommunications,Telecoms,2020,20Q2,279256431.63691
"China, Hong Kong",China,Media & Telecommunications,Telecoms,2021,21q2,480013197.885808
"China, Hong Kong",China,Media & Telecommunications,Telecoms,2021,21Q4,235171375.223992
"China, Hong Kong",China,Media & Telecommunications,Telecoms,2022,22Q2,364944248.554591
"China, Hong Kong",China,Media & Telecommunications,Telecoms,2022,22Q4,283638871.483713
"China, Hong Kong",China,Media & Telecommunications,Telecoms,2023,23Q2,218301766.855975
"China, Hong Kong",China,Media & Telecommunications,Telecoms,2023,23Q3,182728614.831592
"China, Hong Kong",China,Media & Telecommunications,Telecoms,2023,23q4,344221357.419064
"China, Hong Kong",China,Media & Telecommunications,Telecoms,2024,24q2,245649587.145151
"China, Hong Kong",China,Media & Telecommunications,Telecoms,2024,24q3,223274147.470923
"China, Hong Kong",China,Media & Telecommunications,Telecoms,2024,24q4,488585823.437002
"China, Hong Kong",China,Media & Telecommunications,Telecoms,2025,25q2,198552040.025415
"China, Hong Kong",China,Mining & Chemicals,Mining & Chemicals,2010,10Q2,787408841.995025
"China, Hong Kong",China,Mining & Chemicals,Mining & Chemicals,2010,10Q3,13542098.36535
"China, Hong Kong",China,Mining & Chemicals,Mining & Chemicals,2011,11Q1,23356059.672
"China, Hong Kong",China,Mining & Chemicals,Mining & Chemicals,2011,11Q2,1125019415.83844
"China, Hong Kong",China,Mining & Chemicals,Mining & Chemicals,2011,11Q3,138575530.107531
"China, Hong Kong",China,Mining & Chemicals,Mining & Chemicals,2011,11Q4,65502374.122044
"China, Hong Kong",China,Mining & Chemicals,Mining & Chemicals,2012,12Q2,1302445728.33846
"China, Hong Kong",China,Mining & Chemicals,Mining & Chemicals,2012,12Q3,272412859.569899
"China, Hong Kong",China,Mining & Chemicals,Mining & Chemicals,2013,13Q1,18977507.6561532
"China, Hong Kong",China,Mining & Chemicals,Mining & Chemicals,2013,13Q2,1047495039.72375
"China, Hong Kong",China,Mining & Chemicals,Mining & Chemicals,2013,13Q3,379093944.513728
"China, Hong Kong",China,Mining & Chemicals,Mining & Chemicals,2014,14Q2,1021208589.47646
"China, Hong Kong",China,Mining & Chemicals,Mining & Chemicals,2014,14Q3,293910829.474928
"China, Hong Kong",China,Mining & Chemicals,Mining & Chemicals,2015,15Q2,1088521196.03996
"China, Hong Kong",China,Mining & Chemicals,Mining & Chemicals,2015,15Q3,185670142.400422
"China, Hong Kong",China,Mining & Chemicals,Mining & Chemicals,2016,16Q2,538076532.524707
"China, Hong Kong",China,Mining & Chemicals,Mining & Chemicals,2016,16Q3,106007936.61382
"China, Hong Kong",China,Mining & Chemicals,Mining & Chemicals,2017,17Q2,1220362474.21459
"China, Hong Kong",China,Mining & Chemicals,Mining & Chemicals,2017,17Q3,121661010.557889
"China, Hong Kong",China,Mining & Chemicals,Mining & Chemicals,2017,17Q4,31043190.354683
"China, Hong Kong",China,Mining & Chemicals,Mining & Chemicals,2018,18Q1,1176273962.45278
"China, Hong Kong",China,Mining & Chemicals,Mining & Chemicals,2018,18Q2,2516291211.01869
"China, Hong Kong",China,Mining & Chemicals,Mining & Chemicals,2018,18Q3,180396083.529864
"China, Hong Kong",China,Mining & Chemicals,Mining & Chemicals,2019,19Q2,2973662701.07654
"China, Hong Kong",China,Mining & Chemicals,Mining & Chemicals,2019,19q3,540042378.957373
"China, Hong Kong",China,Mining & Chemicals,Mining & Chemicals,2020,20Q2,2488642908.14143
"China, Hong Kong",China,Mining & Chemicals,Mining & Chemicals,2020,20Q3,185505658.734643
"China, Hong Kong",China,Mining & Chemicals,Mining & Chemicals,2020,20Q4,165871403.061606
"China, Hong Kong",China,Mining & Chemicals,Mining & Chemicals,2021,21q2,3897849010.15594
"China, Hong Kong",China,Mining & Chemicals,Mining & Chemicals,2021,21q3,314145659.217041
"China, Hong Kong",China,Mining & Chemicals,Mining & Chemicals,2021,21Q4,1721473904.54458
"China, Hong Kong",China,Mining & Chemicals,Mining & Chemicals,2022,22Q2,5548702364.45022
"China, Hong Kong",China,Mining & Chemicals,Mining & Chemicals,2022,22Q3,420793842.713339
"China, Hong Kong",China,Mining & Chemicals,Mining & Chemicals,2022,22Q4,1283873520.44082
"China, Hong Kong",China,Mining & Chemicals,Mining & Chemicals,2023,23Q2,2218473633.69658
"China, Hong Kong",China,Mining & Chemicals,Mining & Chemicals,2023,23Q3,680737837.120783
"China, Hong Kong",China,Mining & Chemicals,Mining & Chemicals,2023,23q4,741350096.75198
"China, Hong Kong",China,Mining & Chemicals,Mining & Chemicals,2024,24q1,40304498.4988547
"China, Hong Kong",China,Mining & Chemicals,Mining & Chemicals,2024,24q2,3431238083.24471
"China, Hong Kong",China,Mining & Chemicals,Mining & Chemicals,2024,24q3,1375580136.37794
"China, Hong Kong",China,Mining & Chemicals,Mining & Chemicals,2024,24q4,773274204.912577
"China, Hong Kong",China,Mining & Chemicals,Mining & Chemicals,2025,25Q1,83437258.07164
"China, Hong Kong",China,Mining & Chemicals,Mining & Chemicals,2025,25q2,3784345749.18691
"China, Hong Kong",China,"Oil, Gas & Energy","Oil, Gas & Energy",2010,10Q2,4290435933.42848
"China, Hong Kong",China,"Oil, Gas & Energy","Oil, Gas & Energy",2010,10Q3,625591833.893919
"China, Hong Kong",China,"Oil, Gas & Energy","Oil, Gas & Energy",2010,10Q4,4997386927.41173
"China, Hong Kong",China,"Oil, Gas & Energy","Oil, Gas & Energy",2011,11Q2,6615640062.49648
"China, Hong Kong",China,"Oil, Gas & Energy","Oil, Gas & Energy",2011,11Q3,596777561.240152
"China, Hong Kong",China,"Oil, Gas & Energy","Oil, Gas & Energy",2011,11Q4,5363288206.64008
"China, Hong Kong",China,"Oil, Gas & Energy","Oil, Gas & Energy",2012,12Q2,535319708.214892
"China, Hong Kong",China,"Oil, Gas & Energy","Oil, Gas & Energy",2012,12Q3,6571696163.3525
"China, Hong Kong",China,"Oil, Gas & Energy","Oil, Gas & Energy",2012,12Q4,5074254878.22137
"China, Hong Kong",China,"Oil, Gas & Energy","Oil, Gas & Energy",2013,13Q2,963593516.70717
"China, Hong Kong",China,"Oil, Gas & Energy","Oil, Gas & Energy",2013,13Q3,5479233785.69855
"China, Hong Kong",China,"Oil, Gas & Energy","Oil, Gas & Energy",2013,13Q4,5510485184.6439
"China, Hong Kong",China,"Oil, Gas & Energy","Oil, Gas & Energy",2014,14Q2,675858008.18707
"China, Hong Kong",China,"Oil, Gas & Energy","Oil, Gas & Energy",2014,14Q3,12018787164.1843
"China, Hong Kong",China,"Oil, Gas & Energy","Oil, Gas & Energy",2015,15Q2,472184755.523642
"China, Hong Kong",China,"Oil, Gas & Energy","Oil, Gas & Energy",2015,15Q3,4116696625.14932
"China, Hong Kong",China,"Oil, Gas & Energy","Oil, Gas & Energy",2015,15Q4,2062778412.48977
"China, Hong Kong",China,"Oil, Gas & Energy","Oil, Gas & Energy",2016,16Q2,234811988.165322
"China, Hong Kong",China,"Oil, Gas & Energy","Oil, Gas & Energy",2016,16Q3,1275289351.96304
"China, Hong Kong",China,"Oil, Gas & Energy","Oil, Gas & Energy",2016,16Q4,677841333.114224
"China, Hong Kong",China,"Oil, Gas & Energy","Oil, Gas & Energy",2017,17Q2,635635258.210027
"China, Hong Kong",China,"Oil, Gas & Energy","Oil, Gas & Energy",2017,17Q3,3257882700.35282
"China, Hong Kong",China,"Oil, Gas & Energy","Oil, Gas & Energy",2017,17Q4,2196069073.00665
"China, Hong Kong",China,"Oil, Gas & Energy","Oil, Gas & Energy",2018,18Q2,1603234630.72704
"China, Hong Kong",China,"Oil, Gas & Energy","Oil, Gas & Energy",2018,18Q3,3895573574.282
"China, Hong Kong",China,"Oil, Gas & Energy","Oil, Gas & Energy",2018,18Q4,2744492991.75643
"China, Hong Kong",China,"Oil, Gas & Energy","Oil, Gas & Energy",2019,19Q2,989842617.849644
"China, Hong Kong",China,"Oil, Gas & Energy","Oil, Gas & Energy",2019,19q3,3885687112.33674
"China, Hong Kong",China,"Oil, Gas & Energy","Oil, Gas & Energy",2019,19Q4,3037436879.56954
"China, Hong Kong",China,"Oil, Gas & Energy","Oil, Gas & Energy",2020,20Q2,683746874.611789
"China, Hong Kong",China,"Oil, Gas & Energy","Oil, Gas & Energy",2020,20Q3,3315647150.50995
"China, Hong Kong",China,"Oil, Gas & Energy","Oil, Gas & Energy",2020,20Q4,2927725891.99168
"China, Hong Kong",China,"Oil, Gas & Energy","Oil, Gas & Energy",2021,21q2,600864160.648755
"China, Hong Kong",China,"Oil, Gas & Energy","Oil, Gas & Energy",2021,21q3,5979320400.14271
"China, Hong Kong",China,"Oil, Gas & Energy","Oil, Gas & Energy",2021,21Q4,4245519745.95785
"China, Hong Kong",China,"Oil, Gas & Energy","Oil, Gas & Energy",2022,22Q2,1175355575.92004
"China, Hong Kong",China,"Oil, Gas & Energy","Oil, Gas & Energy",2022,22Q3,7690635655.48325
"China, Hong Kong",China,"Oil, Gas & Energy","Oil, Gas & Energy",2022,22Q4,6273168887.00782
"China, Hong Kong",China,"Oil, Gas & Energy","Oil, Gas & Energy",2023,23Q2,685249859.896785
"China, Hong Kong",China,"Oil, Gas & Energy","Oil, Gas & Energy",2023,23Q3,13207476357.3292
"China, Hong Kong",China,"Oil, Gas & Energy","Oil, Gas & Energy",2023,23q4,6179755932.47088
"China, Hong Kong",China,"Oil, Gas & Energy","Oil, Gas & Energy",2024,24q2,1754588141.663
"China, Hong Kong",China,"Oil, Gas & Energy","Oil, Gas & Energy",2024,24q3,10265811093.7919
"China, Hong Kong",China,"Oil, Gas & Energy","Oil, Gas & Energy",2024,24q4,6931284519.73527
"China, Hong Kong",China,"Oil, Gas & Energy","Oil, Gas & Energy",2025,25Q1,136264212.9205
"China, Hong Kong",China,"Oil, Gas & Energy","Oil, Gas & Energy",2025,25q2,1535691747.6992
"China, Hong Kong",China,Property,Property,2010,10Q2,183210414.501738
"China, Hong Kong",China,Property,Property,2010,10Q3,179916535.206492
"China, Hong Kong",China,Property,Property,2010,10Q4,105360769.61872
"China, Hong Kong",China,Property,Property,2011,11Q2,325809844.704605
"China, Hong Kong",China,Property,Property,2011,11Q3,148866856.615212
"China, Hong Kong",China,Property,Property,2011,11Q4,207523062.462858
"China, Hong Kong",China,Property,Property,2012,12Q2,408076904.660601
"China, Hong Kong",China,Property,Property,2012,12Q3,303910105.402651
"China, Hong Kong",China,Property,Property,2012,12Q4,47365307.2266923
"China, Hong Kong",China,Property,Property,2013,13Q2,727881916.595897
"China, Hong Kong",China,Property,Property,2013,13Q3,189684660.24756
"China, Hong Kong",China,Property,Property,2013,13Q4,54896594.1007297
"China, Hong Kong",China,Property,Property,2014,14Q2,335470659.545098
"China, Hong Kong",China,Property,Property,2014,14Q3,790583861.136854
"China, Hong Kong",China,Property,Property,2014,14Q4,63898003.6061898
"China, Hong Kong",China,Property,Property,2015,15Q2,373554735.25487
"China, Hong Kong",China,Property,Property,2015,15Q3,1066140388.92614
"China, Hong Kong",China,Property,Property,2015,15Q4,77804885.6217276
"China, Hong Kong",China,Property,Property,2016,16Q2,1163995959.71453
"China, Hong Kong",China,Property,Property,2016,16Q3,435042984.774172
"China, Hong Kong",China,Property,Property,2016,16Q4,527088001.679005
"China, Hong Kong",China,Property,Property,2017,17Q2,498470786.750944
"China, Hong Kong",China,Property,Property,2017,17Q3,1272440859.17164
"China, Hong Kong",China,Property,Property,2017,17Q4,580064948.15062
"China, Hong Kong",China,Property,Property,2018,18Q2,917031698.88964
"China, Hong Kong",China,Property,Property,2018,18Q3,1393901824.35132
"China, Hong Kong",China,Property,Property,2018,18Q4,674293079.202479
"China, Hong Kong",China,Property,Property,2019,19Q2,851506463.382855
"China, Hong Kong",China,Property,Property,2019,19q3,2602738389.25092
"China, Hong Kong",China,Property,Property,2019,19Q4,755779379.228757
"China, Hong Kong",China,Property,Property,2020,20Q2,1369345353.04525
"China, Hong Kong",China,Property,Property,2020,20Q3,2689067227.20484
"China, Hong Kong",China,Property,Property,2020,20Q4,790704988.702688
"China, Hong Kong",China,Property,Property,2021,21q3,4408597142.97567
"China, Hong Kong",China,Property,Property,2021,21Q4,823490170.599839
"China, Hong Kong",China,Property,Property,2022,22Q3,4152613021.81429
"China, Hong Kong",China,Property,Property,2022,22Q4,788831293.543703
"China, Hong Kong",China,Property,Property,2023,23Q1,118319533.85252
"China, Hong Kong",China,Property,Property,2023,23Q2,1012157082.38988
"China, Hong Kong",China,Property,Property,2023,23Q3,1940002116.4373
"China, Hong Kong",China,Property,Property,2023,23q4,962505794.904489
"China, Hong Kong",China,Property,Property,2024,24q2,418542235.371
"China, Hong Kong",China,Property,Property,2024,24q3,3076365307.45057
"China, Hong Kong",China,Property,Property,2024,24q4,898037203.420957
"China, Hong Kong",China,Property,Property,2025,25q2,417325306.68
"China, Hong Kong",China,Technology,IT Hardware,2010,10Q1,878992.08
"China, Hong Kong",China,Technology,IT Hardware,2010,10Q2,67912811.1767894
"China, Hong Kong",China,Technology,IT Hardware,2010,10Q3,56324730.997629
"China, Hong Kong",China,Technology,IT Hardware,2010,10Q4,33482328.0896676
"China, Hong Kong",China,Technology,IT Hardware,2011,11Q2,68447910.200844
"China, Hong Kong",China,Technology,IT Hardware,2011,11Q3,97313780.1811749
"China, Hong Kong",China,Technology,IT Hardware,2011,11Q4,50449523.2304089
"China, Hong Kong",China,Technology,IT Hardware,2012,12Q2,152019342.21447
"China, Hong Kong",China,Technology,IT Hardware,2012,12Q3,189963334.656271
"China, Hong Kong",China,Technology,IT Hardware,2012,12Q4,59936016.5194959
"China, Hong Kong",China,Technology,IT Hardware,2013,13Q2,88421668.6557163
"China, Hong Kong",China,Technology,IT Hardware,2013,13Q3,221864660.570917
"China, Hong Kong",China,Technology,IT Hardware,2013,13Q4,80465380.039044
"China, Hong Kong",China,Technology,IT Hardware,2014,14Q1,78546947.986656
"China, Hong Kong",China,Technology,IT Hardware,2014,14Q2,141440158.877126
"China, Hong Kong",China,Technology,IT Hardware,2014,14Q3,255327952.069465
"China, Hong Kong",China,Technology,IT Hardware,2014,14Q4,85943164.729725
"China, Hong Kong",China,Technology,IT Hardware,2015,15Q2,228924578.014413
"China, Hong Kong",China,Technology,IT Hardware,2015,15Q3,322155787.895444
"China, Hong Kong",China,Technology,IT Hardware,2015,15Q4,86000818.649175
"China, Hong Kong",China,Technology,IT Hardware,2016,16Q2,388540922.679074
"China, Hong Kong",China,Technology,IT Hardware,2016,16Q3,323358003.2583
"China, Hong Kong",China,Technology,IT Hardware,2016,16Q4,108623971.098127
"China, Hong Kong",China,Technology,IT Hardware,2017,17Q2,322706994.980056
"China, Hong Kong",China,Technology,IT Hardware,2017,17Q3,507968051.880177
"China, Hong Kong",China,Technology,IT Hardware,2017,17Q4,92300772.8106288
"China, Hong Kong",China,Technology,IT Hardware,2018,18Q1,15921211.802028
"China, Hong Kong",China,Technology,IT Hardware,2018,18Q2,808366873.726566
"China, Hong Kong",China,Technology,IT Hardware,2018,18Q3,500923563.35401
"China, Hong Kong",China,Technology,IT Hardware,2018,18Q4,92117371.8166656
"China, Hong Kong",China,Technology,IT Hardware,2019,19Q2,680622051.724829
"China, Hong Kong",China,Technology,IT Hardware,2019,19q3,512508317.921113
"China, Hong Kong",China,Technology,IT Hardware,2019,19Q4,96686786.5673875
"China, Hong Kong",China,Technology,IT Hardware,2020,20Q2,723687546.831841
"China, Hong Kong",China,Technology,IT Hardware,2020,20Q3,720507431.153525
"China, Hong Kong",China,Technology,IT Hardware,2020,20Q4,102304993.177232
"China, Hong Kong",China,Technology,IT Hardware,2021,21q2,1419676992.38665
"China, Hong Kong",China,Technology,IT Hardware,2021,21q3,952055533.469729
"China, Hong Kong",China,Technology,IT Hardware,2021,21Q4,123523675.647528
"China, Hong Kong",China,Technology,IT Hardware,2022,22Q2,2411278992.22548
"China, Hong Kong",China,Technology,IT Hardware,2022,22Q3,2143901590.64888
"China, Hong Kong",China,Technology,IT Hardware,2022,22Q4,124650766.184112
"China, Hong Kong",China,Technology,IT Hardware,2023,23Q2,1405410592.71063
"China, Hong Kong",China,Technology,IT Hardware,2023,23Q3,2102770635.84012
"China, Hong Kong",China,Technology,IT Hardware,2023,23q4,463822199.960897
"China, Hong Kong",China,Technology,IT Hardware,2024,24q2,1476714295.86881
"China, Hong Kong",China,Technology,IT Hardware,2024,24q3,2845492206.19829
"China, Hong Kong",China,Technology,IT Hardware,2024,24q4,414166721.809433
"China, Hong Kong",China,Technology,IT Hardware,2025,25Q1,9029235.5785485
"China, Hong Kong",China,Technology,IT Hardware,2025,25q2,1785109134.10969
"China, Hong Kong",China,Technology,Semiconductors,2011,11Q3,376339.91919
"China, Hong Kong",China,Technology,Semiconductors,2012,12Q1,385749.64401
"China, Hong Kong",China,Technology,Semiconductors,2012,12Q2,1416408.21
"China, Hong Kong",China,Technology,Semiconductors,2012,12Q3,6474432.766656
"China, Hong Kong",China,Technology,Semiconductors,2013,13Q2,15763416.272681
"China, Hong Kong",China,Technology,Semiconductors,2014,14Q2,33123383.2488
"China, Hong Kong",China,Technology,Semiconductors,2014,14Q3,7871397.6963215
"China, Hong Kong",China,Technology,Semiconductors,2015,15Q2,55995534.4822684
"China, Hong Kong",China,Technology,Semiconductors,2016,16Q2,25359974.0712549
"China, Hong Kong",China,Technology,Semiconductors,2017,17Q2,52601536.8136974
"China, Hong Kong",China,Technology,Semiconductors,2018,18Q2,160266957.174958
"China, Hong Kong",China,Technology,Semiconductors,2018,18Q3,2404620.64417425
"China, Hong Kong",China,Technology,Semiconductors,2019,19Q2,129142985.517622
"China, Hong Kong",China,Technology,Semiconductors,2019,19q3,6397707.47829324
"China, Hong Kong",China,Technology,Semiconductors,2020,20Q2,244974251.649194
"China, Hong Kong",China,Technology,Semiconductors,2020,20Q3,4933127.3810115
"China, Hong Kong",China,Technology,Semiconductors,2020,20Q4,101240424.35685
"China, Hong Kong",China,Technology,Semiconductors,2021,21q2,495360169.331045
"China, Hong Kong",China,Technology,Semiconductors,2021,21q3,7722251.34314385
"China, Hong Kong",China,Technology,Semiconductors,2022,22Q2,1015290130.46406
"China, Hong Kong",China,Technology,Semiconductors,2022,22Q3,171630037.580013
"China, Hong Kong",China,Technology,Semiconductors,2023,23Q2,2293114760.14956
"China, Hong Kong",China,Technology,Semiconductors,2023,23Q3,149511406.650035
"China, Hong Kong",China,Technology,Semiconductors,2024,24q2,647898376.114116
"China, Hong Kong",China,Technology,Semiconductors,2024,24q3,365806583.762494
"China, Hong Kong",China,Technology,Semiconductors,2024,24q4,33382726.35306
"China, Hong Kong",China,Technology,Semiconductors,2025,25Q1,14379314.80897
"China, Hong Kong",China,Technology,Semiconductors,2025,25q2,82966852.142115
"China, Hong Kong",China,Technology,Software & IT Services,2010,10Q2,4873858.1136
"China, Hong Kong",China,Technology,Software & IT Services,2011,11Q1,3868281.130586
"China, Hong Kong",China,Technology,Software & IT Services,2011,11Q2,10486413.108135
"China, Hong Kong",China,Technology,Software & IT Services,2012,12Q2,11315935.739259
"China, Hong Kong",China,Technology,Software & IT Services,2013,13Q2,22155740.2340815
"China, Hong Kong",China,Technology,Software & IT Services,2013,13Q3,8109093.494055
"China, Hong Kong",China,Technology,Software & IT Services,2014,14Q2,30157987.6283785
"China, Hong Kong",China,Technology,Software & IT Services,2015,15Q2,39382538.5755738
"China, Hong Kong",China,Technology,Software & IT Services,2016,16Q2,45327452.5167873
"China, Hong Kong",China,Technology,Software & IT Services,2017,17Q2,34380830.4024501
"China, Hong Kong",China,Technology,Software & IT Services,2018,18Q2,42794760.4739004
"China, Hong Kong",China,Technology,Software & IT Services,2018,18Q3,194296.70641572
"China, Hong Kong",China,Technology,Software & IT Services,2019,19Q2,46334051.4136445
"China, Hong Kong",China,Technology,Software & IT Services,2019,19q3,3061244.30414172
"China, Hong Kong",China,Technology,Software & IT Services,2019,19Q4,26085193.727634
"China, Hong Kong",China,Technology,Software & IT Services,2020,20Q2,90576667.7287359
"China, Hong Kong",China,Technology,Software & IT Services,2020,20Q3,384812.06650272
"China, Hong Kong",China,Technology,Software & IT Services,2021,21q2,238590755.33451
"China, Hong Kong",China,Technology,Software & IT Services,2022,22Q2,160239455.530726
"China, Hong Kong",China,Technology,Software & IT Services,2022,22Q3,211713730.56512
"China, Hong Kong",China,Technology,Software & IT Services,2022,22Q4,14102560.41344
"China, Hong Kong",China,Technology,Software & IT Services,2023,23Q2,194835554.93728
"China, Hong Kong",China,Technology,Software & IT Services,2023,23Q3,75921682.1581078
"China, Hong Kong",China,Technology,Software & IT Services,2023,23q4,22375575.1500372
"China, Hong Kong",China,Technology,Software & IT Services,2024,24q2,443252961.983568
"China, Hong Kong",China,Technology,Software & IT Services,2024,24q3,36321478.8224722
"China, Hong Kong",China,Technology,Software & IT Services,2024,24q4,31277621.7758506
"China, Hong Kong",China,Technology,Software & IT Services,2025,25q2,275466374.725692
"China, Hong Kong",China,Utilities,Utilities,2010,10Q2,318838196.106607
"China, Hong Kong",China,Utilities,Utilities,2010,10Q3,425496808.931716
"China, Hong Kong",China,Utilities,Utilities,2010,10Q4,36405324.6278736
"China, Hong Kong",China,Utilities,Utilities,2011,11Q2,826860745.251331
"China, Hong Kong",China,Utilities,Utilities,2011,11Q3,7124872.48852156
"China, Hong Kong",China,Utilities,Utilities,2011,11Q4,36523676.1407688
"China, Hong Kong",China,Utilities,Utilities,2012,12Q2,374267749.303383
"China, Hong Kong",China,Utilities,Utilities,2012,12Q3,322853319.312985
"China, Hong Kong",China,Utilities,Utilities,2012,12Q4,86659681.1707276
"China, Hong Kong",China,Utilities,Utilities,2013,13Q2,642978472.8835
"China, Hong Kong",China,Utilities,Utilities,2013,13Q3,646587457.252683
"China, Hong Kong",China,Utilities,Utilities,2013,13Q4,108297950.696319
"China, Hong Kong",China,Utilities,Utilities,2014,14Q2,915356472.415663
"China, Hong Kong",China,Utilities,Utilities,2014,14Q3,751579916.134427
"China, Hong Kong",China,Utilities,Utilities,2014,14Q4,49437475.482912
"China, Hong Kong",China,Utilities,Utilities,2015,15Q2,1553873825.96055
"China, Hong Kong",China,Utilities,Utilities,2015,15Q3,793103891.701057
"China, Hong Kong",China,Utilities,Utilities,2015,15Q4,61919583.929126
"China, Hong Kong",China,Utilities,Utilities,2016,16Q2,766490163.606114
"China, Hong Kong",China,Utilities,Utilities,2016,16Q3,1954192057.29537
"China, Hong Kong",China,Utilities,Utilities,2016,16Q4,77470477.2563225
"China, Hong Kong",China,Utilities,Utilities,2017,17Q2,922353019.05083
"China, Hong Kong",China,Utilities,Utilities,2017,17Q3,2410165628.97736
"China, Hong Kong",China,Utilities,Utilities,2017,17Q4,77072669.19358
"China, Hong Kong",China,Utilities,Utilities,2018,18Q2,1219599405.74111
"China, Hong Kong",China,Utilities,Utilities,2018,18Q3,1981740171.40222
"China, Hong Kong",China,Utilities,Utilities,2018,18Q4,76698597.04203
"China, Hong Kong",China,Utilities,Utilities,2019,19Q2,587863767.180937
"China, Hong Kong",China,Utilities,Utilities,2019,19q3,3458897175.40066
"China, Hong Kong",China,Utilities,Utilities,2019,19Q4,122747503.052944
"China, Hong Kong",China,Utilities,Utilities,2020,20Q2,227027954.9952
"China, Hong Kong",China,Utilities,Utilities,2020,20Q3,4084896581.46859
"China, Hong Kong",China,Utilities,Utilities,2020,20Q4,139657144.533858
"China, Hong Kong",China,Utilities,Utilities,2021,21q2,447118185.6
"China, Hong Kong",China,Utilities,Utilities,2021,21q3,4950625923.88697
"China, Hong Kong",China,Utilities,Utilities,2021,21Q4,281310644.914797
"China, Hong Kong",China,Utilities,Utilities,2022,22Q2,457662474
"China, Hong Kong",China,Utilities,Utilities,2022,22Q3,4209503018.29605
"China, Hong Kong",China,Utilities,Utilities,2022,22Q4,221392552.298582
"China, Hong Kong",China,Utilities,Utilities,2023,23Q2,440060890.5
"China, Hong Kong",China,Utilities,Utilities,2023,23Q3,5229709497.6165
"China, Hong Kong",China,Utilities,Utilities,2023,23q4,416452374.300395
"China, Hong Kong",China,Utilities,Utilities,2024,24q1,307508241.437186
"China, Hong Kong",China,Utilities,Utilities,2024,24q2,446471643.6
"China, Hong Kong",China,Utilities,Utilities,2024,24q3,6394024479.67724
"China, Hong Kong",China,Utilities,Utilities,2024,24q4,653487138.785622
"China, Hong Kong",China,Utilities,Utilities,2025,25Q1,696304638.270662
"China, Hong Kong",China,Utilities,Utilities,2025,25q2,500792940
"China, Hong Kong",Hong Kong,Consumer Cyclical,Household services,2012,12Q1,601996247.69333
"China, Hong Kong",Hong Kong,Consumer Cyclical,Household services,2012,12Q2,601661604.932583
"China, Hong Kong",Hong Kong,Consumer Cyclical,Household services,2013,13Q1,695967995.169713
"China, Hong Kong",Hong Kong,Consumer Cyclical,Household services,2013,13Q2,685484524.8504
"China, Hong Kong",Hong Kong,Consumer Cyclical,Household services,2014,14Q1,1704010484.28216
"China, Hong Kong",Hong Kong,Consumer Cyclical,Household services,2014,14Q2,894915303.538838
"China, Hong Kong",Hong Kong,Consumer Cyclical,Household services,2014,14Q3,383000751.103642
"China, Hong Kong",Hong Kong,Consumer Cyclical,Household services,2014,14Q4,246208003.073802
"China, Hong Kong",Hong Kong,Consumer Cyclical,Household services,2015,15Q1,1029869960.24597
"China, Hong Kong",Hong Kong,Consumer Cyclical,Household services,2015,15Q2,153691305.550093
"China, Hong Kong",Hong Kong,Consumer Cyclical,Household services,2015,15Q3,1041025749.06219
"China, Hong Kong",Hong Kong,Consumer Cyclical,Household services,2015,15Q4,76920930.7531028
"China, Hong Kong",Hong Kong,Consumer Cyclical,Household services,2016,16Q1,1027837231.29833
"China, Hong Kong",Hong Kong,Consumer Cyclical,Household services,2016,16Q2,1122378929.9067
"China, Hong Kong",Hong Kong,Consumer Cyclical,Household services,2016,16Q4,99091850.3636544
"China, Hong Kong",Hong Kong,Consumer Cyclical,Household services,2017,17Q1,1029500727.10353
"China, Hong Kong",Hong Kong,Consumer Cyclical,Household services,2017,17Q2,1177912286.87894
"China, Hong Kong",Hong Kong,Consumer Cyclical,Household services,2017,17Q4,182048881.08462
"China, Hong Kong",Hong Kong,Consumer Cyclical,Household services,2018,18Q1,1021836440.36184
"China, Hong Kong",Hong Kong,Consumer Cyclical,Household services,2018,18Q2,1254959947.08901
"China, Hong Kong",Hong Kong,Consumer Cyclical,Household services,2018,18Q4,275516749.1346
"China, Hong Kong",Hong Kong,Consumer Cyclical,Household services,2019,19Q1,1019290337.1724
"China, Hong Kong",Hong Kong,Consumer Cyclical,Household services,2019,19Q2,1283627631.71868
"China, Hong Kong",Hong Kong,Consumer Cyclical,Household services,2019,19Q4,254274689.491962
"China, Hong Kong",Hong Kong,Consumer Cyclical,Household services,2020,20Q1,1028153908.12686
"China, Hong Kong",Hong Kong,Consumer Cyclical,Household services,2020,20Q2,251691515.597498
"China, Hong Kong",Hong Kong,Consumer Cyclical,Household services,2022,22Q2,166689111.626085
"China, Hong Kong",Hong Kong,Consumer Cyclical,Household services,2023,23q4,111820323.165049
"China, Hong Kong",Hong Kong,Consumer Cyclical,Household services,2024,24q2,167604638.920047
"China, Hong Kong",Hong Kong,Consumer Cyclical,Household services,2024,24q4,281395316.794861
"China, Hong Kong",Hong Kong,Consumer Cyclical,Household services,2025,25q2,536436410.588529
"China, Hong Kong",Hong Kong,Consumer Defensive,"Food, drink & Tobacco",2016,16Q2,235878304.863019
"China, Hong Kong",Hong Kong,Consumer Defensive,"Food, drink & Tobacco",2016,16Q3,94421268.1554825
"China, Hong Kong",Hong Kong,Consumer Defensive,"Food, drink & Tobacco",2017,17Q2,394451832.447389
"China, Hong Kong",Hong Kong,Consumer Defensive,"Food, drink & Tobacco",2017,17Q4,93879499.307517
"China, Hong Kong",Hong Kong,Consumer Defensive,"Food, drink & Tobacco",2018,18Q2,411382342.146195
"China, Hong Kong",Hong Kong,Consumer Defensive,"Food, drink & Tobacco",2018,18Q3,93489304.968444
"China, Hong Kong",Hong Kong,Consumer Defensive,"Food, drink & Tobacco",2019,19q3,282512593.697342
"China, Hong Kong",Hong Kong,Consumer Defensive,"Food, drink & Tobacco",2019,19Q4,93769896.729679
"China, Hong Kong",Hong Kong,Consumer Defensive,"Food, drink & Tobacco",2020,20Q3,503615765.552058
"China, Hong Kong",Hong Kong,Consumer Defensive,"Food, drink & Tobacco",2020,20Q4,95049648.649137
"China, Hong Kong",Hong Kong,Consumer Defensive,"Food, drink & Tobacco",2021,21q3,332002896.607209
"China, Hong Kong",Hong Kong,Consumer Defensive,"Food, drink & Tobacco",2022,22Q3,310598258.751612
"China, Hong Kong",Hong Kong,Consumer Defensive,"Food, drink & Tobacco",2023,23Q3,491656792.439525
"China, Hong Kong",Hong Kong,Consumer Defensive,"Food, drink & Tobacco",2024,24q2,410333323.150897
"China, Hong Kong",Hong Kong,Consumer Defensive,"Food, drink & Tobacco",2024,24q3,164827046.401208
"China, Hong Kong",Hong Kong,Consumer Defensive,"Food, drink & Tobacco",2025,25Q1,296902283.583286
"China, Hong Kong",Hong Kong,Consumer Defensive,"Food, drink & Tobacco",2025,25q2,654611350.152845
"China, Hong Kong",Hong Kong,Financial,Banks,2010,10Q1,467822491.689515
"China, Hong Kong",Hong Kong,Financial,Banks,2010,10Q2,1044108364.94081
"China, Hong Kong",Hong Kong,Financial,Banks,2010,10Q3,815806474.119566
"China, Hong Kong",Hong Kong,Financial,Banks,2010,10Q4,270720816.28204
"China, Hong Kong",Hong Kong,Financial,Banks,2011,11Q1,466515735.708403
"China, Hong Kong",Hong Kong,Financial,Banks,2011,11Q2,1047791587.04213
"China, Hong Kong",Hong Kong,Financial,Banks,2011,11Q3,1124018247.32149
"China, Hong Kong",Hong Kong,Financial,Banks,2011,11Q4,270574529.723252
"China, Hong Kong",Hong Kong,Financial,Banks,2012,12Q1,467843560.196466
"China, Hong Kong",Hong Kong,Financial,Banks,2012,12Q2,1031399853.35429
"China, Hong Kong",Hong Kong,Financial,Banks,2012,12Q3,1014341502.29241
"China, Hong Kong",Hong Kong,Financial,Banks,2012,12Q4,271346067.242264
"China, Hong Kong",Hong Kong,Financial,Banks,2013,13Q2,1707438996.62707
"China, Hong Kong",Hong Kong,Financial,Banks,2013,13Q3,1014253506.85783
"China, Hong Kong",Hong Kong,Financial,Banks,2013,13Q4,271300557.737776
"China, Hong Kong",Hong Kong,Financial,Banks,2014,14Q1,542139501.046945
"China, Hong Kong",Hong Kong,Financial,Banks,2014,14Q2,905472825.386052
"China, Hong Kong",Hong Kong,Financial,Banks,2014,14Q3,1014466471.03344
"China, Hong Kong",Hong Kong,Financial,Banks,2014,14Q4,271262093.37377
"China, Hong Kong",Hong Kong,Financial,Banks,2015,15Q1,567049030.059595
"China, Hong Kong",Hong Kong,Financial,Banks,2015,15Q2,271258560.288394
"China, Hong Kong",Hong Kong,Financial,Banks,2015,15Q3,1055458597.20819
"China, Hong Kong",Hong Kong,Financial,Banks,2015,15Q4,1014785190.92887
"China, Hong Kong",Hong Kong,Financial,Banks,2016,16Q1,1330843356.56962
"China, Hong Kong",Hong Kong,Financial,Banks,2016,16Q2,1195912950.54315
"China, Hong Kong",Hong Kong,Financial,Banks,2016,16Q3,271052295.399293
"China, Hong Kong",Hong Kong,Financial,Banks,2016,16Q4,1981952858.68362
"China, Hong Kong",Hong Kong,Financial,Banks,2017,17Q1,689160742.761311
"China, Hong Kong",Hong Kong,Financial,Banks,2017,17Q2,294239020.861993
"China, Hong Kong",Hong Kong,Financial,Banks,2017,17Q3,1139488905.66109
"China, Hong Kong",Hong Kong,Financial,Banks,2017,17Q4,1160280436.91139
"China, Hong Kong",Hong Kong,Financial,Banks,2018,18Q1,755375330.102246
"China, Hong Kong",Hong Kong,Financial,Banks,2018,18Q2,316750118.308375
"China, Hong Kong",Hong Kong,Financial,Banks,2018,18Q3,1337705178.12779
"China, Hong Kong",Hong Kong,Financial,Banks,2018,18Q4,1052741089.77735
"China, Hong Kong",Hong Kong,Financial,Banks,2019,19Q1,877126161.457272
"China, Hong Kong",Hong Kong,Financial,Banks,2019,19Q2,341391788.594498
"China, Hong Kong",Hong Kong,Financial,Banks,2019,19q3,1586913452.67758
"China, Hong Kong",Hong Kong,Financial,Banks,2019,19Q4,1076156785.02075
"China, Hong Kong",Hong Kong,Financial,Banks,2020,20Q1,986051474.203394
"China, Hong Kong",Hong Kong,Financial,Banks,2020,20Q2,271353049.291936
"China, Hong Kong",Hong Kong,Financial,Banks,2020,20Q3,2159881811.10402
"China, Hong Kong",Hong Kong,Financial,Banks,2020,20Q4,197209010.08236
"China, Hong Kong",Hong Kong,Financial,Banks,2021,21Q1,689045489.233814
"China, Hong Kong",Hong Kong,Financial,Banks,2021,21q2,271017364.120663
"China, Hong Kong",Hong Kong,Financial,Banks,2021,21q3,1961149785.12561
"China, Hong Kong",Hong Kong,Financial,Banks,2021,21Q4,269944168.407394
"China, Hong Kong",Hong Kong,Financial,Banks,2022,22q1,439717504.904229
"China, Hong Kong",Hong Kong,Financial,Banks,2022,22Q2,170566454.896651
"China, Hong Kong",Hong Kong,Financial,Banks,2022,22Q3,1692469040.50578
"China, Hong Kong",Hong Kong,Financial,Banks,2022,22Q4,170486073.980397
"China, Hong Kong",Hong Kong,Financial,Banks,2023,23Q1,487307941.6113
"China, Hong Kong",Hong Kong,Financial,Banks,2023,23Q2,268387061.179347
"China, Hong Kong",Hong Kong,Financial,Banks,2023,23Q3,2210940857.79437
"China, Hong Kong",Hong Kong,Financial,Banks,2023,23q4,269304637.893775
"China, Hong Kong",Hong Kong,Financial,Banks,2024,24q1,782144713.111376
"China, Hong Kong",Hong Kong,Financial,Banks,2024,24q2,292584202.245519
"China, Hong Kong",Hong Kong,Financial,Banks,2024,24q3,2616839369.46426
"China, Hong Kong",Hong Kong,Financial,Banks,2024,24q4,290365095.219964
"China, Hong Kong",Hong Kong,Financial,Banks,2025,25Q1,774600735.019871
"China, Hong Kong",Hong Kong,Financial,Banks,2025,25q2,311883953.185741
"China, Hong Kong",Hong Kong,Financial,General Financial,2010,10Q2,289924951.345845
"China, Hong Kong",Hong Kong,Financial,General Financial,2010,10Q3,262224251.683916
"China, Hong Kong",Hong Kong,Financial,General Financial,2011,11Q2,320050903.963745
"China, Hong Kong",Hong Kong,Financial,General Financial,2011,11Q4,299437715.06977
"China, Hong Kong",Hong Kong,Financial,General Financial,2012,12Q2,290704349.857876
"China, Hong Kong",Hong Kong,Financial,General Financial,2012,12Q3,257902381.52978
"China, Hong Kong",Hong Kong,Financial,General Financial,2013,13Q2,216254462.88834
"China, Hong Kong",Hong Kong,Financial,General Financial,2013,13Q3,270819677.749967
"China, Hong Kong",Hong Kong,Financial,General Financial,2014,14Q2,257752735.71313
"China, Hong Kong",Hong Kong,Financial,General Financial,2014,14Q3,275542906.813488
"China, Hong Kong",Hong Kong,Financial,General Financial,2015,15Q2,324001038.00064
"China, Hong Kong",Hong Kong,Financial,General Financial,2015,15Q3,475841246.439328
"China, Hong Kong",Hong Kong,Financial,General Financial,2016,16Q2,446355950.10827
"China, Hong Kong",Hong Kong,Financial,General Financial,2016,16Q3,346879787.857593
"China, Hong Kong",Hong Kong,Financial,General Financial,2017,17Q2,320554802.287507
"China, Hong Kong",Hong Kong,Financial,General Financial,2017,17Q3,402289712.007321
"China, Hong Kong",Hong Kong,Financial,General Financial,2018,18Q2,450377083.91352
"China, Hong Kong",Hong Kong,Financial,General Financial,2018,18Q3,578656839.847887
"China, Hong Kong",Hong Kong,Financial,General Financial,2019,19Q2,489808832.948715
"China, Hong Kong",Hong Kong,Financial,General Financial,2019,19q3,597176472.155424
"China, Hong Kong",Hong Kong,Financial,General Financial,2020,20Q2,486544947.601869
"China, Hong Kong",Hong Kong,Financial,General Financial,2020,20Q3,606925803.357458
"China, Hong Kong",Hong Kong,Financial,General Financial,2021,21Q1,728022740.050987
"China, Hong Kong",Hong Kong,Financial,General Financial,2021,21q3,764316869.594875
"China, Hong Kong",Hong Kong,Financial,General Financial,2022,22q1,677268546.001406
"China, Hong Kong",Hong Kong,Financial,General Financial,2022,22Q3,557262544.377348
"China, Hong Kong",Hong Kong,Financial,General Financial,2023,23Q1,596214737.932113
"China, Hong Kong",Hong Kong,Financial,General Financial,2023,23Q3,728716342.736512
"China, Hong Kong",Hong Kong,Financial,General Financial,2024,24q1,633610563.833095
"China, Hong Kong",Hong Kong,Financial,General Financial,2024,24q3,709306717.090917
"China, Hong Kong",Hong Kong,Financial,General Financial,2025,25Q1,982279866.305988
"China, Hong Kong",Hong Kong,Financial,Insurance,2011,11Q3,170139198.658
"China, Hong Kong",Hong Kong,Financial,Insurance,2012,12Q2,341345820.904
"China, Hong Kong",Hong Kong,Financial,Insurance,2012,12Q3,191461759.642908
"China, Hong Kong",Hong Kong,Financial,Insurance,2013,13Q2,382679137.035144
"China, Hong Kong",Hong Kong,Financial,Insurance,2013,13Q3,216358347.011968
"China, Hong Kong",Hong Kong,Financial,Insurance,2014,14Q2,444617554.262499
"China, Hong Kong",Hong Kong,Financial,Insurance,2014,14Q3,248665576.79148
"China, Hong Kong",Hong Kong,Financial,Insurance,2015,15Q2,528415731.363956
"China, Hong Kong",Hong Kong,Financial,Insurance,2015,15Q3,291001089.651776
"China, Hong Kong",Hong Kong,Financial,Insurance,2016,16Q2,791282547.863031
"China, Hong Kong",Hong Kong,Financial,Insurance,2016,16Q3,340199661.596886
"China, Hong Kong",Hong Kong,Financial,Insurance,2017,17Q2,987771092.097392
"China, Hong Kong",Hong Kong,Financial,Insurance,2017,17Q3,395247155.488245
"China, Hong Kong",Hong Kong,Financial,Insurance,2018,18Q2,1144877984.1875
"China, Hong Kong",Hong Kong,Financial,Insurance,2018,18Q3,450652585.773945
"China, Hong Kong",Hong Kong,Financial,Insurance,2019,19Q2,1453813354.93837
"China, Hong Kong",Hong Kong,Financial,Insurance,2019,19q3,513645050.778212
"China, Hong Kong",Hong Kong,Financial,Insurance,2020,20Q2,1455481684.91193
"China, Hong Kong",Hong Kong,Financial,Insurance,2020,20Q3,546038295.851738
"China, Hong Kong",Hong Kong,Financial,Insurance,2021,21q2,1563398462.02196
"China, Hong Kong",Hong Kong,Financial,Insurance,2021,21q3,590250370.214008
"China, Hong Kong",Hong Kong,Financial,Insurance,2022,22Q2,1657294419.05572
"China, Hong Kong",Hong Kong,Financial,Insurance,2022,22Q3,612408204.034181
"China, Hong Kong",Hong Kong,Financial,Insurance,2023,23Q2,1680837986.31536
"China, Hong Kong",Hong Kong,Financial,Insurance,2023,23Q3,623232560.096594
"China, Hong Kong",Hong Kong,Financial,Insurance,2024,24q2,1712531254.40678
"China, Hong Kong",Hong Kong,Financial,Insurance,2024,24q3,632057421.106387
"China, Hong Kong",Hong Kong,Financial,Insurance,2025,25q2,1784756730.5336
"China, Hong Kong",Hong Kong,Industrial,Machinery,2010,10Q2,670342124.980598
"China, Hong Kong",Hong Kong,Industrial,Machinery,2010,10Q3,17071280.6503374
"China, Hong Kong",Hong Kong,Industrial,Machinery,2010,10Q4,310305033.50053
"China, Hong Kong",Hong Kong,Industrial,Machinery,2011,11Q2,841897265.698325
"China, Hong Kong",Hong Kong,Industrial,Machinery,2011,11Q3,23219897.3633505
"China, Hong Kong",Hong Kong,Industrial,Machinery,2011,11Q4,699243346.290631
"China, Hong Kong",Hong Kong,Industrial,Machinery,2012,12Q2,880727561.577038
"China, Hong Kong",Hong Kong,Industrial,Machinery,2012,12Q3,34108409.1305016
"China, Hong Kong",Hong Kong,Industrial,Machinery,2012,12Q4,350448494.71078
"China, Hong Kong",Hong Kong,Industrial,Machinery,2013,13Q2,987722253.286746
"China, Hong Kong",Hong Kong,Industrial,Machinery,2013,13Q3,23601316.94019
"China, Hong Kong",Hong Kong,Industrial,Machinery,2013,13Q4,367439895.03131
"China, Hong Kong",Hong Kong,Industrial,Machinery,2014,14Q2,1025533726.32449
"China, Hong Kong",Hong Kong,Industrial,Machinery,2014,14Q3,29503822.8952463
"China, Hong Kong",Hong Kong,Industrial,Machinery,2014,14Q4,389864436.304834
"China, Hong Kong",Hong Kong,Industrial,Machinery,2015,15Q2,1111015688.81424
"China, Hong Kong",Hong Kong,Industrial,Machinery,2015,15Q3,37821403.8826416
"China, Hong Kong",Hong Kong,Industrial,Machinery,2015,15Q4,744891191.122159
"China, Hong Kong",Hong Kong,Industrial,Machinery,2016,16Q2,2049580838.87959
"China, Hong Kong",Hong Kong,Industrial,Machinery,2016,16Q3,413081273.317222
"China, Hong Kong",Hong Kong,Industrial,Machinery,2016,16Q4,386949783.61608
"China, Hong Kong",Hong Kong,Industrial,Machinery,2017,17Q2,1961205435.20582
"China, Hong Kong",Hong Kong,Industrial,Machinery,2017,17Q3,450349658.279362
"China, Hong Kong",Hong Kong,Industrial,Machinery,2017,17Q4,405163631.97094
"China, Hong Kong",Hong Kong,Industrial,Machinery,2018,18Q2,2109272331.72504
"China, Hong Kong",Hong Kong,Industrial,Machinery,2018,18Q3,516827098.622816
"China, Hong Kong",Hong Kong,Industrial,Machinery,2018,18Q4,447895661.681784
"China, Hong Kong",Hong Kong,Industrial,Machinery,2019,19Q2,2398838495.76433
"China, Hong Kong",Hong Kong,Industrial,Machinery,2019,19q3,533746063.164821
"China, Hong Kong",Hong Kong,Industrial,Machinery,2019,19Q4,480624968.156038
"China, Hong Kong",Hong Kong,Industrial,Machinery,2020,20Q2,2411794508.29103
"China, Hong Kong",Hong Kong,Industrial,Machinery,2020,20Q3,430767357.571692
"China, Hong Kong",Hong Kong,Industrial,Machinery,2020,20Q4,403707575.616078
"China, Hong Kong",Hong Kong,Industrial,Machinery,2021,21q2,2076569774.55326
"China, Hong Kong",Hong Kong,Industrial,Machinery,2021,21q3,595421639.83922
"China, Hong Kong",Hong Kong,Industrial,Machinery,2021,21Q4,433777641.08578
"China, Hong Kong",Hong Kong,Industrial,Machinery,2022,22Q2,2440521562.33602
"China, Hong Kong",Hong Kong,Industrial,Machinery,2022,22Q3,632373584.052415
"China, Hong Kong",Hong Kong,Industrial,Machinery,2022,22Q4,291799961.609384
"China, Hong Kong",Hong Kong,Industrial,Machinery,2023,23Q2,1686830404.97927
"China, Hong Kong",Hong Kong,Industrial,Machinery,2023,23Q3,1693189725.3116
"China, Hong Kong",Hong Kong,Industrial,Machinery,2023,23q4,305212551.881742
"China, Hong Kong",Hong Kong,Industrial,Machinery,2024,24q2,1563613232.7225
"China, Hong Kong",Hong Kong,Industrial,Machinery,2024,24q3,822801852.767849
"China, Hong Kong",Hong Kong,Industrial,Machinery,2024,24q4,306797051.808375
"China, Hong Kong",Hong Kong,Industrial,Machinery,2025,25q2,1433062704.48686
"China, Hong Kong",Hong Kong,Industrial,Transport,2010,10Q2,279401350.684062
"China, Hong Kong",Hong Kong,Industrial,Transport,2010,10Q4,104004379.994172
"China, Hong Kong",Hong Kong,Industrial,Transport,2011,11Q2,334120737.293568
"China, Hong Kong",Hong Kong,Industrial,Transport,2011,11Q3,185504841.10278
"China, Hong Kong",Hong Kong,Industrial,Transport,2012,12Q2,380090597.125819
"China, Hong Kong",Hong Kong,Industrial,Transport,2012,12Q3,186583610.23848
"China, Hong Kong",Hong Kong,Industrial,Transport,2013,13Q2,403327078.930152
"China, Hong Kong",Hong Kong,Industrial,Transport,2013,13Q3,186921699.7329
"China, Hong Kong",Hong Kong,Industrial,Transport,2014,14Q3,501360058.635327
"China, Hong Kong",Hong Kong,Industrial,Transport,2014,14Q4,187556488.1443
"China, Hong Kong",Hong Kong,Industrial,Transport,2015,15Q3,602779336.10024
"China, Hong Kong",Hong Kong,Industrial,Transport,2015,15Q4,188660633.37
"China, Hong Kong",Hong Kong,Industrial,Transport,2016,16Q3,2280871432.19051
"China, Hong Kong",Hong Kong,Industrial,Transport,2016,16Q4,190124533.06812
"China, Hong Kong",Hong Kong,Industrial,Transport,2017,17Q3,2285016210.69357
"China, Hong Kong",Hong Kong,Industrial,Transport,2017,17Q4,192194832.94319
"China, Hong Kong",Hong Kong,Industrial,Transport,2018,18Q3,666035528.623756
"China, Hong Kong",Hong Kong,Industrial,Transport,2018,18Q4,194732666.80857
"China, Hong Kong",Hong Kong,Industrial,Transport,2019,19q3,746327052.60981
"China, Hong Kong",Hong Kong,Industrial,Transport,2019,19Q4,196204455.275265
"China, Hong Kong",Hong Kong,Industrial,Transport,2020,20Q3,778556353.539838
"China, Hong Kong",Hong Kong,Industrial,Transport,2020,20Q4,199293866.86825
"China, Hong Kong",Hong Kong,Industrial,Transport,2021,21q3,779461016.362228
"China, Hong Kong",Hong Kong,Industrial,Transport,2021,21Q4,199078721.417555
"China, Hong Kong",Hong Kong,Industrial,Transport,2022,22Q3,804760913.508754
"China, Hong Kong",Hong Kong,Industrial,Transport,2022,22Q4,331678828.222098
"China, Hong Kong",Hong Kong,Industrial,Transport,2023,23Q3,706516212.997754
"China, Hong Kong",Hong Kong,Industrial,Transport,2023,23q4,333616822.098596
"China, Hong Kong",Hong Kong,Industrial,Transport,2024,24q3,708675843.628725
"China, Hong Kong",Hong Kong,Industrial,Transport,2024,24q4,335475266.629947
"China, Hong Kong",Hong Kong,Media & Telecommunications,Telecoms,2012,12Q2,27761781.6441111
"China, Hong Kong",Hong Kong,Media & Telecommunications,Telecoms,2012,12Q3,165998796.340101
"China, Hong Kong",Hong Kong,Media & Telecommunications,Telecoms,2013,13Q2,178363057.164616
"China, Hong Kong",Hong Kong,Media & Telecommunications,Telecoms,2013,13Q3,173778535.856619
"China, Hong Kong",Hong Kong,Media & Telecommunications,Telecoms,2014,14Q2,200274668.939997
"China, Hong Kong",Hong Kong,Media & Telecommunications,Telecoms,2014,14Q3,204955556.735425
"China, Hong Kong",Hong Kong,Media & Telecommunications,Telecoms,2015,15Q2,227595246.128624
"China, Hong Kong",Hong Kong,Media & Telecommunications,Telecoms,2015,15Q3,251956653.014479
"China, Hong Kong",Hong Kong,Media & Telecommunications,Telecoms,2016,16Q2,275612583.669347
"China, Hong Kong",Hong Kong,Media & Telecommunications,Telecoms,2016,16Q3,264465977.537302
"China, Hong Kong",Hong Kong,Media & Telecommunications,Telecoms,2017,17Q2,338728516.364777
"China, Hong Kong",Hong Kong,Media & Telecommunications,Telecoms,2017,17Q3,272597063.479787
"China, Hong Kong",Hong Kong,Media & Telecommunications,Telecoms,2018,18Q2,354737606.415403
"China, Hong Kong",Hong Kong,Media & Telecommunications,Telecoms,2018,18Q3,282182734.448824
"China, Hong Kong",Hong Kong,Media & Telecommunications,Telecoms,2019,19Q2,378270849.052946
"China, Hong Kong",Hong Kong,Media & Telecommunications,Telecoms,2019,19q3,289936991.260507
"China, Hong Kong",Hong Kong,Media & Telecommunications,Telecoms,2020,20Q2,394363594.934751
"China, Hong Kong",Hong Kong,Media & Telecommunications,Telecoms,2020,20Q3,294070973.174675
"China, Hong Kong",Hong Kong,Media & Telecommunications,Telecoms,2021,21q2,399585573.866453
"China, Hong Kong",Hong Kong,Media & Telecommunications,Telecoms,2021,21q3,299126196.444608
"China, Hong Kong",Hong Kong,Media & Telecommunications,Telecoms,2022,22Q2,406446675.213092
"China, Hong Kong",Hong Kong,Media & Telecommunications,Telecoms,2022,22Q3,302832391.093915
"China, Hong Kong",Hong Kong,Media & Telecommunications,Telecoms,2023,23Q2,417959532.337634
"China, Hong Kong",Hong Kong,Media & Telecommunications,Telecoms,2023,23Q3,309884349.105861
"China, Hong Kong",Hong Kong,Media & Telecommunications,Telecoms,2024,24q2,431618544.529342
"China, Hong Kong",Hong Kong,Media & Telecommunications,Telecoms,2024,24q3,319949115.588232
"China, Hong Kong",Hong Kong,Media & Telecommunications,Telecoms,2025,25q2,443012185.54468
"China, Hong Kong",Hong Kong,Property,Property,2010,10Q1,160603615.954403
"China, Hong Kong",Hong Kong,Property,Property,2010,10Q2,761382842.573252
"China, Hong Kong",Hong Kong,Property,Property,2010,10Q3,163053564.042053
"China, Hong Kong",Hong Kong,Property,Property,2010,10Q4,1020542172.38478
"China, Hong Kong",Hong Kong,Property,Property,2011,11Q1,488643285.902254
"China, Hong Kong",Hong Kong,Property,Property,2011,11Q2,511052954.921087
"China, Hong Kong",Hong Kong,Property,Property,2011,11Q3,190903124.237847
"China, Hong Kong",Hong Kong,Property,Property,2011,11Q4,492479697.979155
"China, Hong Kong",Hong Kong,Property,Property,2012,12Q1,1004618712.33304
"China, Hong Kong",Hong Kong,Property,Property,2012,12Q2,629880698.913623
"China, Hong Kong",Hong Kong,Property,Property,2012,12Q3,434983201.142048
"China, Hong Kong",Hong Kong,Property,Property,2012,12Q4,1324492478.73496
"China, Hong Kong",Hong Kong,Property,Property,2013,13Q1,236792398.993901
"China, Hong Kong",Hong Kong,Property,Property,2013,13Q2,675690780.386761
"China, Hong Kong",Hong Kong,Property,Property,2013,13Q3,504320407.033282
"China, Hong Kong",Hong Kong,Property,Property,2013,13Q4,1637411654.25803
"China, Hong Kong",Hong Kong,Property,Property,2014,14Q2,706229585.127759
"China, Hong Kong",Hong Kong,Property,Property,2014,14Q3,568593869.789496
"China, Hong Kong",Hong Kong,Property,Property,2014,14Q4,1736167899.53138
"China, Hong Kong",Hong Kong,Property,Property,2015,15Q1,350541876.665786
"China, Hong Kong",Hong Kong,Property,Property,2015,15Q2,399758163.41063
"China, Hong Kong",Hong Kong,Property,Property,2015,15Q3,634166928.101761
"China, Hong Kong",Hong Kong,Property,Property,2015,15Q4,1939681785.59328
"China, Hong Kong",Hong Kong,Property,Property,2016,16Q1,391843053.426384
"China, Hong Kong",Hong Kong,Property,Property,2016,16Q2,1429895638.56805
"China, Hong Kong",Hong Kong,Property,Property,2016,16Q3,695250444.678359
"China, Hong Kong",Hong Kong,Property,Property,2016,16Q4,1809838922.13967
"China, Hong Kong",Hong Kong,Property,Property,2017,17Q1,410058627.52932
"China, Hong Kong",Hong Kong,Property,Property,2017,17Q2,1542675867.9583
"China, Hong Kong",Hong Kong,Property,Property,2017,17Q3,775162719.229742
"China, Hong Kong",Hong Kong,Property,Property,2017,17Q4,1919204805.96132
"China, Hong Kong",Hong Kong,Property,Property,2018,18Q1,442971941.561568
"China, Hong Kong",Hong Kong,Property,Property,2018,18Q2,2099505373.62587
"China, Hong Kong",Hong Kong,Property,Property,2018,18Q3,853461863.055431
"China, Hong Kong",Hong Kong,Property,Property,2018,18Q4,2108327149.14671
"China, Hong Kong",Hong Kong,Property,Property,2019,19Q1,461474344.81325
"China, Hong Kong",Hong Kong,Property,Property,2019,19Q2,1971072063.09375
"China, Hong Kong",Hong Kong,Property,Property,2019,19q3,935851071.848946
"China, Hong Kong",Hong Kong,Property,Property,2019,19Q4,2246955390.12295
"China, Hong Kong",Hong Kong,Property,Property,2020,20Q1,466745497.0445
"China, Hong Kong",Hong Kong,Property,Property,2020,20Q2,2064078956.40764
"China, Hong Kong",Hong Kong,Property,Property,2020,20Q3,862862687.771231
"China, Hong Kong",Hong Kong,Property,Property,2020,20Q4,2272263093.77838
"China, Hong Kong",Hong Kong,Property,Property,2021,21Q1,466505017.52675
"China, Hong Kong",Hong Kong,Property,Property,2021,21q2,2011237750.91465
"China, Hong Kong",Hong Kong,Property,Property,2021,21q3,899753825.297216
"China, Hong Kong",Hong Kong,Property,Property,2021,21Q4,2599102906.36632
"China, Hong Kong",Hong Kong,Property,Property,2022,22q1,463425365.6095
"China, Hong Kong",Hong Kong,Property,Property,2022,22Q2,2142935699.34104
"China, Hong Kong",Hong Kong,Property,Property,2022,22Q3,900314853.762692
"China, Hong Kong",Hong Kong,Property,Property,2022,22Q4,2344205490.30374
"China, Hong Kong",Hong Kong,Property,Property,2023,23Q1,461435822.306
"China, Hong Kong",Hong Kong,Property,Property,2023,23Q2,2161883147.88265
"China, Hong Kong",Hong Kong,Property,Property,2023,23Q3,894406498.570951
"China, Hong Kong",Hong Kong,Property,Property,2023,23q4,2383232584.2804
"China, Hong Kong",Hong Kong,Property,Property,2024,24q1,351845380.244187
"China, Hong Kong",Hong Kong,Property,Property,2024,24q2,2051005696.89872
"China, Hong Kong",Hong Kong,Property,Property,2024,24q3,920756000.957937
"China, Hong Kong",Hong Kong,Property,Property,2024,24q4,2100602753.1461
"China, Hong Kong",Hong Kong,Property,Property,2025,25Q1,354172123.937392
"China, Hong Kong",Hong Kong,Property,Property,2025,25q2,1953124649.06037
"China, Hong Kong",Hong Kong,Utilities,Utilities,2010,10Q2,1321818530.77978
"China, Hong Kong",Hong Kong,Utilities,Utilities,2010,10Q3,427354429.756729
"China, Hong Kong",Hong Kong,Utilities,Utilities,2010,10Q4,272180632.845692
"China, Hong Kong",Hong Kong,Utilities,Utilities,2011,11Q1,284064076.788468
"China, Hong Kong",Hong Kong,Utilities,Utilities,2011,11Q2,1093280845.89282
"China, Hong Kong",Hong Kong,Utilities,Utilities,2011,11Q3,439889785.570958
"China, Hong Kong",Hong Kong,Utilities,Utilities,2011,11Q4,282506492.132616
"China, Hong Kong",Hong Kong,Utilities,Utilities,2012,12Q1,297462080.907043
"China, Hong Kong",Hong Kong,Utilities,Utilities,2012,12Q2,1452906488.12181
"China, Hong Kong",Hong Kong,Utilities,Utilities,2012,12Q3,463843529.142502
"China, Hong Kong",Hong Kong,Utilities,Utilities,2012,12Q4,299012579.65731
"China, Hong Kong",Hong Kong,Utilities,Utilities,2013,13Q1,318971691.685531
"China, Hong Kong",Hong Kong,Utilities,Utilities,2013,13Q2,1364329047.2915
"China, Hong Kong",Hong Kong,Utilities,Utilities,2013,13Q3,512457812.5502
"China, Hong Kong",Hong Kong,Utilities,Utilities,2013,13Q4,320633959.981928
"China, Hong Kong",Hong Kong,Utilities,Utilities,2014,14Q1,319195787.383941
"China, Hong Kong",Hong Kong,Utilities,Utilities,2014,14Q2,1439031800.13926
"China, Hong Kong",Hong Kong,Utilities,Utilities,2014,14Q3,525784614.180999
"China, Hong Kong",Hong Kong,Utilities,Utilities,2014,14Q4,338559788.438845
"China, Hong Kong",Hong Kong,Utilities,Utilities,2015,15Q1,325762512.04276
"China, Hong Kong",Hong Kong,Utilities,Utilities,2015,15Q2,1554528520.59931
"China, Hong Kong",Hong Kong,Utilities,Utilities,2015,15Q3,561622708.448414
"China, Hong Kong",Hong Kong,Utilities,Utilities,2015,15Q4,358301589.393616
"China, Hong Kong",Hong Kong,Utilities,Utilities,2016,16Q1,2413744378.63245
"China, Hong Kong",Hong Kong,Utilities,Utilities,2016,16Q2,1988273700.60526
"China, Hong Kong",Hong Kong,Utilities,Utilities,2016,16Q3,593533364.172114
"China, Hong Kong",Hong Kong,Utilities,Utilities,2016,16Q4,382311838.892319
"China, Hong Kong",Hong Kong,Utilities,Utilities,2017,17Q1,1729278660.34135
"China, Hong Kong",Hong Kong,Utilities,Utilities,2017,17Q2,1711222561.53032
"China, Hong Kong",Hong Kong,Utilities,Utilities,2017,17Q3,2673451112.73828
"China, Hong Kong",Hong Kong,Utilities,Utilities,2017,17Q4,405670929.485229
"China, Hong Kong",Hong Kong,Utilities,Utilities,2018,18Q1,366999148.249042
"China, Hong Kong",Hong Kong,Utilities,Utilities,2018,18Q2,3408471121.1028
"China, Hong Kong",Hong Kong,Utilities,Utilities,2018,18Q3,635400924.058581
"China, Hong Kong",Hong Kong,Utilities,Utilities,2018,18Q4,433006799.933522
"China, Hong Kong",Hong Kong,Utilities,Utilities,2019,19Q1,383102877.793203
"China, Hong Kong",Hong Kong,Utilities,Utilities,2019,19Q2,1844245589.48146
"China, Hong Kong",Hong Kong,Utilities,Utilities,2019,19q3,643035581.431419
"China, Hong Kong",Hong Kong,Utilities,Utilities,2019,19Q4,463166371.184098
"China, Hong Kong",Hong Kong,Utilities,Utilities,2020,20Q1,387402620.496174
"China, Hong Kong",Hong Kong,Utilities,Utilities,2020,20Q2,1900316535.19401
"China, Hong Kong",Hong Kong,Utilities,Utilities,2020,20Q3,925162723.412426
"China, Hong Kong",Hong Kong,Utilities,Utilities,2020,20Q4,205333633.839052
"China, Hong Kong",Hong Kong,Utilities,Utilities,2021,21Q1,393710634.298787
"China, Hong Kong",Hong Kong,Utilities,Utilities,2021,21q2,1930459693.92481
"China, Hong Kong",Hong Kong,Utilities,Utilities,2021,21q3,941387372.719474
"China, Hong Kong",Hong Kong,Utilities,Utilities,2021,21Q4,204004578.373861
"China, Hong Kong",Hong Kong,Utilities,Utilities,2022,22q1,390759034.145668
"China, Hong Kong",Hong Kong,Utilities,Utilities,2022,22Q2,1885561403.16887
"China, Hong Kong",Hong Kong,Utilities,Utilities,2022,22Q3,924869975.061879
"China, Hong Kong",Hong Kong,Utilities,Utilities,2022,22Q4,204701170.180355
"China, Hong Kong",Hong Kong,Utilities,Utilities,2023,23Q1,389442381.786371
"China, Hong Kong",Hong Kong,Utilities,Utilities,2023,23Q2,1893968423.01035
"China, Hong Kong",Hong Kong,Utilities,Utilities,2023,23Q3,930075986.816782
"China, Hong Kong",Hong Kong,Utilities,Utilities,2023,23q4,203945731.672846
"China, Hong Kong",Hong Kong,Utilities,Utilities,2024,24q1,390823928.999065
"China, Hong Kong",Hong Kong,Utilities,Utilities,2024,24q2,1906787287.05357
"China, Hong Kong",Hong Kong,Utilities,Utilities,2024,24q3,937783747.152666
"China, Hong Kong",Hong Kong,Utilities,Utilities,2024,24q4,204678740.629877
"China, Hong Kong",Hong Kong,Utilities,Utilities,2025,25Q1,409549754.253934
"China, Hong Kong",Hong Kong,Utilities,Utilities,2025,25q2,1900469537.41322
Emerging Markets,Brazil,Consumer Defensive,"Food, drink & Tobacco",2010,10Q2,32420349.9726251
Emerging Markets,Brazil,Consumer Defensive,"Food, drink & Tobacco",2013,13Q2,87414898.4872845
Emerging Markets,Brazil,Consumer Defensive,"Food, drink & Tobacco",2014,14Q1,1665442821.47755
Emerging Markets,Brazil,Consumer Defensive,"Food, drink & Tobacco",2014,14Q2,1010897381.49822
Emerging Markets,Brazil,Consumer Defensive,"Food, drink & Tobacco",2014,14Q3,1115610335.65103
Emerging Markets,Brazil,Consumer Defensive,"Food, drink & Tobacco",2014,14Q4,1341302993.99394
Emerging Markets,Brazil,Consumer Defensive,"Food, drink & Tobacco",2015,15Q1,1787985352.96709
Emerging Markets,Brazil,Consumer Defensive,"Food, drink & Tobacco",2015,15Q2,663533984.255334
Emerging Markets,Brazil,Consumer Defensive,"Food, drink & Tobacco",2015,15Q3,585313396.67196
Emerging Markets,Brazil,Consumer Defensive,"Food, drink & Tobacco",2015,15Q4,588932047.552261
Emerging Markets,Brazil,Consumer Defensive,"Food, drink & Tobacco",2016,16Q1,513479758.902513
Emerging Markets,Brazil,Consumer Defensive,"Food, drink & Tobacco",2016,16Q2,348629290.180467
Emerging Markets,Brazil,Consumer Defensive,"Food, drink & Tobacco",2016,16Q3,632127847.384273
Emerging Markets,Brazil,Consumer Defensive,"Food, drink & Tobacco",2016,16Q4,1801407046.96092
Emerging Markets,Brazil,Consumer Defensive,"Food, drink & Tobacco",2017,17Q1,359324307.205906
Emerging Markets,Brazil,Consumer Defensive,"Food, drink & Tobacco",2017,17Q2,26951768.1557677
Emerging Markets,Brazil,Consumer Defensive,"Food, drink & Tobacco",2017,17Q3,790462971.382424
Emerging Markets,Brazil,Consumer Defensive,"Food, drink & Tobacco",2017,17Q4,1474648695.84626
Emerging Markets,Brazil,Consumer Defensive,"Food, drink & Tobacco",2018,18Q1,337748648.501598
Emerging Markets,Brazil,Consumer Defensive,"Food, drink & Tobacco",2018,18Q2,33817449.3715615
Emerging Markets,Brazil,Consumer Defensive,"Food, drink & Tobacco",2018,18Q3,675078139.814739
Emerging Markets,Brazil,Consumer Defensive,"Food, drink & Tobacco",2018,18Q4,1301098350.1755
Emerging Markets,Brazil,Consumer Defensive,"Food, drink & Tobacco",2019,19Q2,1599228.09630026
Emerging Markets,Brazil,Consumer Defensive,"Food, drink & Tobacco",2019,19Q4,1919000696.26755
Emerging Markets,Brazil,Consumer Defensive,"Food, drink & Tobacco",2020,20Q2,251292114.645056
Emerging Markets,Brazil,Consumer Defensive,"Food, drink & Tobacco",2020,20Q4,1257034960.01725
Emerging Markets,Brazil,Consumer Defensive,"Food, drink & Tobacco",2021,21Q1,222076083.05881
Emerging Markets,Brazil,Consumer Defensive,"Food, drink & Tobacco",2021,21q2,473900568.033823
Emerging Markets,Brazil,Consumer Defensive,"Food, drink & Tobacco",2021,21q3,476656051.725246
Emerging Markets,Brazil,Consumer Defensive,"Food, drink & Tobacco",2021,21Q4,2128145406.43466
Emerging Markets,Brazil,Consumer Defensive,"Food, drink & Tobacco",2022,22Q2,464661281.511416
Emerging Markets,Brazil,Consumer Defensive,"Food, drink & Tobacco",2022,22Q4,2703609605.31371
Emerging Markets,Brazil,Consumer Defensive,"Food, drink & Tobacco",2023,23Q2,455619756.756672
Emerging Markets,Brazil,Consumer Defensive,"Food, drink & Tobacco",2023,23q4,2376745556.48879
Emerging Markets,Brazil,Consumer Defensive,"Food, drink & Tobacco",2024,24q4,2500306924.05872
Emerging Markets,Brazil,Consumer Defensive,"Food, drink & Tobacco",2025,25Q1,367186096.643252
Emerging Markets,Brazil,Consumer Defensive,"Food, drink & Tobacco",2025,25q2,1135934311.19996
Emerging Markets,Brazil,Financial,Banks,2010,10Q1,1444943569.38452
Emerging Markets,Brazil,Financial,Banks,2010,10Q2,568730297.944274
Emerging Markets,Brazil,Financial,Banks,2010,10Q3,819218052.580905
Emerging Markets,Brazil,Financial,Banks,2010,10Q4,1066474012.64144
Emerging Markets,Brazil,Financial,Banks,2011,11Q1,1241325366.10459
Emerging Markets,Brazil,Financial,Banks,2011,11Q2,499182104.376293
Emerging Markets,Brazil,Financial,Banks,2011,11Q3,1078272874.47052
Emerging Markets,Brazil,Financial,Banks,2011,11Q4,660864519.222485
Emerging Markets,Brazil,Financial,Banks,2012,12Q1,1437718926.84521
Emerging Markets,Brazil,Financial,Banks,2012,12Q2,546229948.021404
Emerging Markets,Brazil,Financial,Banks,2012,12Q3,1384948974.27699
Emerging Markets,Brazil,Financial,Banks,2012,12Q4,616303532.858352
Emerging Markets,Brazil,Financial,Banks,2013,13Q1,1379423377.37061
Emerging Markets,Brazil,Financial,Banks,2013,13Q2,551959693.525431
Emerging Markets,Brazil,Financial,Banks,2013,13Q3,1574630885.06433
Emerging Markets,Brazil,Financial,Banks,2013,13Q4,509373854.101633
Emerging Markets,Brazil,Financial,Banks,2014,14Q1,1075813575.90908
Emerging Markets,Brazil,Financial,Banks,2014,14Q2,556528700.370876
Emerging Markets,Brazil,Financial,Banks,2014,14Q3,724862930.356773
Emerging Markets,Brazil,Financial,Banks,2014,14Q4,474999422.561366
Emerging Markets,Brazil,Financial,Banks,2015,15Q1,978079394.392354
Emerging Markets,Brazil,Financial,Banks,2015,15Q2,712711147.790551
Emerging Markets,Brazil,Financial,Banks,2015,15Q3,476767568.213659
Emerging Markets,Brazil,Financial,Banks,2015,15Q4,357051700.436008
Emerging Markets,Brazil,Financial,Banks,2016,16Q1,671269142.137132
Emerging Markets,Brazil,Financial,Banks,2016,16Q2,267449799.208721
Emerging Markets,Brazil,Financial,Banks,2016,16Q3,426789829.939249
Emerging Markets,Brazil,Financial,Banks,2016,16Q4,203775781.487681
Emerging Markets,Brazil,Financial,Banks,2017,17Q1,864607687.420918
Emerging Markets,Brazil,Financial,Banks,2017,17Q2,274943801.663699
Emerging Markets,Brazil,Financial,Banks,2017,17Q3,470488039.43069
Emerging Markets,Brazil,Financial,Banks,2017,17Q4,316292386.824372
Emerging Markets,Brazil,Financial,Banks,2018,18Q1,1041077703.17033
Emerging Markets,Brazil,Financial,Banks,2018,18Q2,268919391.09738
Emerging Markets,Brazil,Financial,Banks,2018,18Q3,443115275.454891
Emerging Markets,Brazil,Financial,Banks,2018,18Q4,446606007.115375
Emerging Markets,Brazil,Financial,Banks,2019,19Q1,1177228830.66509
Emerging Markets,Brazil,Financial,Banks,2019,19Q2,478985232.086092
Emerging Markets,Brazil,Financial,Banks,2019,19q3,708288476.286145
Emerging Markets,Brazil,Financial,Banks,2019,19Q4,1868668764.30864
Emerging Markets,Brazil,Financial,Banks,2020,20Q1,472006409.457835
Emerging Markets,Brazil,Financial,Banks,2020,20Q2,39995123.5363558
Emerging Markets,Brazil,Financial,Banks,2020,20Q3,326051354.650327
Emerging Markets,Brazil,Financial,Banks,2020,20Q4,211034222.044496
Emerging Markets,Brazil,Financial,Banks,2021,21Q1,660258238.952345
Emerging Markets,Brazil,Financial,Banks,2021,21q2,367583882.516039
Emerging Markets,Brazil,Financial,Banks,2021,21q3,799235473.418645
Emerging Markets,Brazil,Financial,Banks,2021,21Q4,523852338.897813
Emerging Markets,Brazil,Financial,Banks,2022,22q1,642699087.153348
Emerging Markets,Brazil,Financial,Banks,2022,22Q2,762716241.790021
Emerging Markets,Brazil,Financial,Banks,2022,22Q3,629030855.202219
Emerging Markets,Brazil,Financial,Banks,2022,22Q4,675808901.757621
Emerging Markets,Brazil,Financial,Banks,2023,23Q1,1206793758.85055
Emerging Markets,Brazil,Financial,Banks,2023,23Q2,710313695.015268
Emerging Markets,Brazil,Financial,Banks,2023,23Q3,922127252.902694
Emerging Markets,Brazil,Financial,Banks,2023,23q4,715783248.938413
Emerging Markets,Brazil,Financial,Banks,2024,24q1,1462541295.88358
Emerging Markets,Brazil,Financial,Banks,2024,24q2,746499485.249913
Emerging Markets,Brazil,Financial,Banks,2024,24q3,726057381.926124
Emerging Markets,Brazil,Financial,Banks,2024,24q4,667578396.008788
Emerging Markets,Brazil,Financial,Banks,2025,25Q1,693100651.923597
Emerging Markets,Brazil,Financial,Banks,2025,25q2,487178173.809555
Emerging Markets,Brazil,Financial,General Financial,2010,10Q1,29016266.0681706
Emerging Markets,Brazil,Financial,General Financial,2010,10Q2,251410926.381321
Emerging Markets,Brazil,Financial,General Financial,2010,10Q3,144463434.332407
Emerging Markets,Brazil,Financial,General Financial,2010,10Q4,141623614.57026
Emerging Markets,Brazil,Financial,General Financial,2011,11Q1,51123232.1889471
Emerging Markets,Brazil,Financial,General Financial,2011,11Q2,260270770.501775
Emerging Markets,Brazil,Financial,General Financial,2011,11Q3,111250402.867039
Emerging Markets,Brazil,Financial,General Financial,2011,11Q4,131869541.855437
Emerging Markets,Brazil,Financial,General Financial,2012,12Q1,141458812.245017
Emerging Markets,Brazil,Financial,General Financial,2012,12Q2,122731844.012257
Emerging Markets,Brazil,Financial,General Financial,2012,12Q3,112104701.788958
Emerging Markets,Brazil,Financial,General Financial,2012,12Q4,229568064.526923
Emerging Markets,Brazil,Financial,General Financial,2013,13Q2,301956552.368636
Emerging Markets,Brazil,Financial,General Financial,2013,13Q3,130701398.14526
Emerging Markets,Brazil,Financial,General Financial,2013,13Q4,101303844.259909
Emerging Markets,Brazil,Financial,General Financial,2014,14Q2,163357589.445522
Emerging Markets,Brazil,Financial,General Financial,2014,14Q3,92880435.5637304
Emerging Markets,Brazil,Financial,General Financial,2014,14Q4,77306828.8514548
Emerging Markets,Brazil,Financial,General Financial,2015,15Q2,134946822.768889
Emerging Markets,Brazil,Financial,General Financial,2015,15Q3,68038119.9475303
Emerging Markets,Brazil,Financial,General Financial,2015,15Q4,204075128.244665
Emerging Markets,Brazil,Financial,General Financial,2016,16Q2,49124004.1033607
Emerging Markets,Brazil,Financial,General Financial,2016,16Q3,67604989.4214396
Emerging Markets,Brazil,Financial,General Financial,2016,16Q4,43021843.0655973
Emerging Markets,Brazil,Financial,General Financial,2017,17Q1,117531524.008703
Emerging Markets,Brazil,Financial,General Financial,2017,17Q2,43313251.6123385
Emerging Markets,Brazil,Financial,General Financial,2017,17Q3,26659771.5689855
Emerging Markets,Brazil,Financial,General Financial,2017,17Q4,51462142.3846284
Emerging Markets,Brazil,Financial,General Financial,2018,18Q1,166756147.54049
Emerging Markets,Brazil,Financial,General Financial,2018,18Q2,56267965.7015564
Emerging Markets,Brazil,Financial,General Financial,2018,18Q3,118637711.56258
Emerging Markets,Brazil,Financial,General Financial,2018,18Q4,93558497.9692141
Emerging Markets,Brazil,Financial,General Financial,2019,19Q1,114610606.681332
Emerging Markets,Brazil,Financial,General Financial,2019,19Q2,102878563.076418
Emerging Markets,Brazil,Financial,General Financial,2019,19q3,160578037.499674
Emerging Markets,Brazil,Financial,General Financial,2019,19Q4,160830517.898567
Emerging Markets,Brazil,Financial,General Financial,2020,20Q1,176040517.720607
Emerging Markets,Brazil,Financial,General Financial,2020,20Q2,247460537.616648
Emerging Markets,Brazil,Financial,General Financial,2020,20Q3,55612147.1810914
Emerging Markets,Brazil,Financial,General Financial,2020,20Q4,291981531.222276
Emerging Markets,Brazil,Financial,General Financial,2021,21Q1,212996545.402724
Emerging Markets,Brazil,Financial,General Financial,2021,21q2,399789731.775522
Emerging Markets,Brazil,Financial,General Financial,2021,21q3,250052438.127977
Emerging Markets,Brazil,Financial,General Financial,2021,21Q4,380346845.986532
Emerging Markets,Brazil,Financial,General Financial,2022,22q1,53919287.8513788
Emerging Markets,Brazil,Financial,General Financial,2022,22Q2,232994128.515893
Emerging Markets,Brazil,Financial,General Financial,2022,22Q3,150882115.281394
Emerging Markets,Brazil,Financial,General Financial,2022,22Q4,125065354.620715
Emerging Markets,Brazil,Financial,General Financial,2023,23Q1,76624248.535907
Emerging Markets,Brazil,Financial,General Financial,2023,23Q2,113063928.817414
Emerging Markets,Brazil,Financial,General Financial,2023,23Q3,137922859.291533
Emerging Markets,Brazil,Financial,General Financial,2023,23q4,118585427.887013
Emerging Markets,Brazil,Financial,General Financial,2024,24q1,116438975.604678
Emerging Markets,Brazil,Financial,General Financial,2024,24q2,133412623.388595
Emerging Markets,Brazil,Financial,General Financial,2024,24q3,88537902.3277246
Emerging Markets,Brazil,Financial,General Financial,2024,24q4,98624299.8691707
Emerging Markets,Brazil,Financial,General Financial,2025,25Q1,56770081.8536098
Emerging Markets,Brazil,Financial,General Financial,2025,25q2,56319734.6017971
Emerging Markets,Brazil,Financial,Insurance,2013,13Q3,348971901.965568
Emerging Markets,Brazil,Financial,Insurance,2014,14Q1,502706886.694301
Emerging Markets,Brazil,Financial,Insurance,2014,14Q3,543949769.195076
Emerging Markets,Brazil,Financial,Insurance,2015,15Q1,550699914.124055
Emerging Markets,Brazil,Financial,Insurance,2015,15Q3,500003733.732359
Emerging Markets,Brazil,Financial,Insurance,2016,16Q1,444425119.202167
Emerging Markets,Brazil,Financial,Insurance,2016,16Q3,517420522.880308
Emerging Markets,Brazil,Financial,Insurance,2017,17Q1,546140545.204648
Emerging Markets,Brazil,Financial,Insurance,2017,17Q3,502347902.994614
Emerging Markets,Brazil,Financial,Insurance,2018,18Q1,593412794.759913
Emerging Markets,Brazil,Financial,Insurance,2018,18Q3,394836227.930834
Emerging Markets,Brazil,Financial,Insurance,2019,19Q1,1072737203.66744
Emerging Markets,Brazil,Financial,Insurance,2019,19q3,445754422.667343
Emerging Markets,Brazil,Financial,Insurance,2020,20Q1,853892840.218952
Emerging Markets,Brazil,Financial,Insurance,2020,20Q2,499620603.226067
Emerging Markets,Brazil,Financial,Insurance,2020,20Q3,312159181.120767
Emerging Markets,Brazil,Financial,Insurance,2021,21Q1,172907145.927179
Emerging Markets,Brazil,Financial,Insurance,2021,21q3,193803126.957036
Emerging Markets,Brazil,Financial,Insurance,2022,22q1,369910858.734022
Emerging Markets,Brazil,Financial,Insurance,2022,22Q3,410904584.284874
Emerging Markets,Brazil,Financial,Insurance,2023,23Q1,723350388.654865
Emerging Markets,Brazil,Financial,Insurance,2023,23Q3,656211732.634412
Emerging Markets,Brazil,Financial,Insurance,2024,24q1,510245436.187939
Emerging Markets,Brazil,Financial,Insurance,2024,24q3,491200747.802513
Emerging Markets,Brazil,Financial,Insurance,2025,25Q1,806353484.414395
Emerging Markets,Brazil,Health,Healthcare,2021,21Q1,45546573.7320007
Emerging Markets,Brazil,Health,Healthcare,2021,21q2,28292470.133195
Emerging Markets,Brazil,Health,Healthcare,2021,21q3,439299032.325264
Emerging Markets,Brazil,Health,Healthcare,2021,21Q4,33412549.7769205
Emerging Markets,Brazil,Health,Healthcare,2022,22Q2,84999500.7447059
Emerging Markets,Brazil,Health,Healthcare,2022,22Q3,84436435.0183905
Emerging Markets,Brazil,Health,Healthcare,2022,22Q4,30592668.9377071
Emerging Markets,Brazil,Health,Healthcare,2023,23q4,172720973.279097
Emerging Markets,Brazil,Health,Healthcare,2024,24q2,60288859.2346056
Emerging Markets,Brazil,Health,Healthcare,2024,24q3,65649183.4986571
Emerging Markets,Brazil,Health,Healthcare,2024,24q4,140023289.390734
Emerging Markets,Brazil,Health,Healthcare,2025,25q2,71293118.6666676
Emerging Markets,Brazil,Industrial,Machinery,2010,10Q1,78180947.9986564
Emerging Markets,Brazil,Industrial,Machinery,2010,10Q3,75825946.4360288
Emerging Markets,Brazil,Industrial,Machinery,2011,11Q1,103140264.783884
Emerging Markets,Brazil,Industrial,Machinery,2011,11Q2,30392684.5538641
Emerging Markets,Brazil,Industrial,Machinery,2011,11Q3,64775969.4490327
Emerging Markets,Brazil,Industrial,Machinery,2012,12Q1,104058193.548596
Emerging Markets,Brazil,Industrial,Machinery,2012,12Q3,77662237.4161172
Emerging Markets,Brazil,Industrial,Machinery,2013,13Q1,111372762.598148
Emerging Markets,Brazil,Industrial,Machinery,2013,13Q3,82296247.5439222
Emerging Markets,Brazil,Industrial,Machinery,2014,14Q1,111421982.362937
Emerging Markets,Brazil,Industrial,Machinery,2014,14Q3,103150759.678616
Emerging Markets,Brazil,Industrial,Machinery,2015,15Q1,92932670.1159873
Emerging Markets,Brazil,Industrial,Machinery,2015,15Q3,80230049.4823887
Emerging Markets,Brazil,Industrial,Machinery,2016,16Q1,82322684.373613
Emerging Markets,Brazil,Industrial,Machinery,2016,16Q3,79477938.2827543
Emerging Markets,Brazil,Industrial,Machinery,2017,17Q1,102474525.979473
Emerging Markets,Brazil,Industrial,Machinery,2017,17Q3,91152304.5794433
Emerging Markets,Brazil,Industrial,Machinery,2018,18Q1,97583649.6753577
Emerging Markets,Brazil,Industrial,Machinery,2018,18Q3,86591633.2192905
Emerging Markets,Brazil,Industrial,Machinery,2019,19Q1,95278994.5496585
Emerging Markets,Brazil,Industrial,Machinery,2019,19q3,93257969.4159171
Emerging Markets,Brazil,Industrial,Machinery,2020,20Q1,110592539.035397
Emerging Markets,Brazil,Industrial,Machinery,2020,20Q3,74898974.7610966
Emerging Markets,Brazil,Industrial,Machinery,2021,21Q1,153378009.884481
Emerging Markets,Brazil,Industrial,Machinery,2021,21q3,157406406.189429
Emerging Markets,Brazil,Industrial,Machinery,2022,22q1,211801571.106615
Emerging Markets,Brazil,Industrial,Machinery,2022,22Q3,172123264.005503
Emerging Markets,Brazil,Industrial,Machinery,2023,23Q1,256828415.696529
Emerging Markets,Brazil,Industrial,Machinery,2023,23Q3,137550510.344956
Emerging Markets,Brazil,Industrial,Machinery,2024,24q1,128059731.034031
Emerging Markets,Brazil,Industrial,Machinery,2024,24q3,208833503.969513
Emerging Markets,Brazil,Industrial,Machinery,2025,25Q1,326208633.556017
Emerging Markets,Brazil,Media & Telecommunications,Telecoms,2010,10Q2,139458477.654469
Emerging Markets,Brazil,Media & Telecommunications,Telecoms,2010,10Q4,104641920.572582
Emerging Markets,Brazil,Media & Telecommunications,Telecoms,2011,11Q2,344023704.26438
Emerging Markets,Brazil,Media & Telecommunications,Telecoms,2011,11Q4,545730533.829909
Emerging Markets,Brazil,Media & Telecommunications,Telecoms,2012,12Q2,102725823.882982
Emerging Markets,Brazil,Media & Telecommunications,Telecoms,2012,12Q4,306120902.849193
Emerging Markets,Brazil,Media & Telecommunications,Telecoms,2013,13Q1,267613722.42177
Emerging Markets,Brazil,Media & Telecommunications,Telecoms,2013,13Q4,446153006.959306
Emerging Markets,Brazil,Media & Telecommunications,Telecoms,2014,14Q1,249209173.928685
Emerging Markets,Brazil,Media & Telecommunications,Telecoms,2014,14Q2,18878151.8277834
Emerging Markets,Brazil,Media & Telecommunications,Telecoms,2014,14Q4,101931771.367836
Emerging Markets,Brazil,Media & Telecommunications,Telecoms,2015,15Q2,127251311.199315
Emerging Markets,Brazil,Media & Telecommunications,Telecoms,2015,15Q4,1584689.60692108
Emerging Markets,Brazil,Media & Telecommunications,Telecoms,2016,16Q3,123046935.835931
Emerging Markets,Brazil,Media & Telecommunications,Telecoms,2016,16Q4,196388901.665082
Emerging Markets,Brazil,Media & Telecommunications,Telecoms,2017,17Q3,157941444.962452
Emerging Markets,Brazil,Media & Telecommunications,Telecoms,2017,17Q4,242346832.524731
Emerging Markets,Brazil,Media & Telecommunications,Telecoms,2018,18Q3,192198608.804584
Emerging Markets,Brazil,Media & Telecommunications,Telecoms,2018,18Q4,177871113.912803
Emerging Markets,Brazil,Media & Telecommunications,Telecoms,2019,19q3,252109899.802279
Emerging Markets,Brazil,Media & Telecommunications,Telecoms,2019,19Q4,298159192.867222
Emerging Markets,Brazil,Media & Telecommunications,Telecoms,2020,20Q3,207887915.174312
Emerging Markets,Brazil,Media & Telecommunications,Telecoms,2020,20Q4,135940477.388699
Emerging Markets,Brazil,Media & Telecommunications,Telecoms,2021,21q3,481570554.555765
Emerging Markets,Brazil,Media & Telecommunications,Telecoms,2021,21Q4,291146389.114307
Emerging Markets,Brazil,Media & Telecommunications,Telecoms,2022,22Q3,790592617.993636
Emerging Markets,Brazil,Media & Telecommunications,Telecoms,2022,22Q4,385954024.229201
Emerging Markets,Brazil,Media & Telecommunications,Telecoms,2023,23Q2,622346807.916588
Emerging Markets,Brazil,Media & Telecommunications,Telecoms,2023,23Q3,172435752.200309
Emerging Markets,Brazil,Media & Telecommunications,Telecoms,2023,23q4,78219009.0218329
Emerging Markets,Brazil,Media & Telecommunications,Telecoms,2024,24q2,426742474.957658
Emerging Markets,Brazil,Media & Telecommunications,Telecoms,2024,24q3,277793922.225843
Emerging Markets,Brazil,Media & Telecommunications,Telecoms,2024,24q4,138743952.909273
Emerging Markets,Brazil,Media & Telecommunications,Telecoms,2025,25q2,380100495.980976
Emerging Markets,Brazil,Mining & Chemicals,Mining & Chemicals,2010,10Q1,35871774.5983781
Emerging Markets,Brazil,Mining & Chemicals,Mining & Chemicals,2010,10Q2,794028375.316025
Emerging Markets,Brazil,Mining & Chemicals,Mining & Chemicals,2010,10Q3,11326627.3302988
Emerging Markets,Brazil,Mining & Chemicals,Mining & Chemicals,2010,10Q4,1065619782.64531
Emerging Markets,Brazil,Mining & Chemicals,Mining & Chemicals,2011,11Q1,653427601.37256
Emerging Markets,Brazil,Mining & Chemicals,Mining & Chemicals,2011,11Q2,1262108623.65472
Emerging Markets,Brazil,Mining & Chemicals,Mining & Chemicals,2011,11Q3,1885754963.77563
Emerging Markets,Brazil,Mining & Chemicals,Mining & Chemicals,2011,11Q4,1968115884.46501
Emerging Markets,Brazil,Mining & Chemicals,Mining & Chemicals,2012,12Q1,17547851.6981673
Emerging Markets,Brazil,Mining & Chemicals,Mining & Chemicals,2012,12Q2,1848640410.19892
Emerging Markets,Brazil,Mining & Chemicals,Mining & Chemicals,2012,12Q4,1903396261.52025
Emerging Markets,Brazil,Mining & Chemicals,Mining & Chemicals,2013,13Q2,1423199379.62109
Emerging Markets,Brazil,Mining & Chemicals,Mining & Chemicals,2013,13Q4,353321471.720965
Emerging Markets,Brazil,Mining & Chemicals,Mining & Chemicals,2014,14Q2,1327477624.75589
Emerging Markets,Brazil,Mining & Chemicals,Mining & Chemicals,2014,14Q4,1299328535.93362
Emerging Markets,Brazil,Mining & Chemicals,Mining & Chemicals,2015,15Q2,661382456.792401
Emerging Markets,Brazil,Mining & Chemicals,Mining & Chemicals,2015,15Q4,323053798.834413
Emerging Markets,Brazil,Mining & Chemicals,Mining & Chemicals,2016,16Q2,27030718.6953583
Emerging Markets,Brazil,Mining & Chemicals,Mining & Chemicals,2016,16Q4,157066214.083494
Emerging Markets,Brazil,Mining & Chemicals,Mining & Chemicals,2017,17Q2,948163564.164723
Emerging Markets,Brazil,Mining & Chemicals,Mining & Chemicals,2017,17Q4,61424531.7778038
Emerging Markets,Brazil,Mining & Chemicals,Mining & Chemicals,2018,18Q1,1461397580.29557
Emerging Markets,Brazil,Mining & Chemicals,Mining & Chemicals,2018,18Q2,59095984.4406876
Emerging Markets,Brazil,Mining & Chemicals,Mining & Chemicals,2018,18Q3,1902649385.87814
Emerging Markets,Brazil,Mining & Chemicals,Mining & Chemicals,2019,19Q2,153242819.190616
Emerging Markets,Brazil,Mining & Chemicals,Mining & Chemicals,2020,20Q3,3632249680.59217
Emerging Markets,Brazil,Mining & Chemicals,Mining & Chemicals,2021,21Q1,3985165255.15789
Emerging Markets,Brazil,Mining & Chemicals,Mining & Chemicals,2021,21q2,2306018871.44271
Emerging Markets,Brazil,Mining & Chemicals,Mining & Chemicals,2021,21q3,7949880282.53746
Emerging Markets,Brazil,Mining & Chemicals,Mining & Chemicals,2022,22q1,3824295890.37721
Emerging Markets,Brazil,Mining & Chemicals,Mining & Chemicals,2022,22Q2,158444265.094337
Emerging Markets,Brazil,Mining & Chemicals,Mining & Chemicals,2022,22Q3,3273684404.71571
Emerging Markets,Brazil,Mining & Chemicals,Mining & Chemicals,2022,22Q4,461768271.60364
Emerging Markets,Brazil,Mining & Chemicals,Mining & Chemicals,2023,23Q1,1842590372.89001
Emerging Markets,Brazil,Mining & Chemicals,Mining & Chemicals,2023,23Q3,1764065796.69246
Emerging Markets,Brazil,Mining & Chemicals,Mining & Chemicals,2023,23q4,2158738204.32969
Emerging Markets,Brazil,Mining & Chemicals,Mining & Chemicals,2024,24q1,2790061575.03051
Emerging Markets,Brazil,Mining & Chemicals,Mining & Chemicals,2024,24q3,1690790705.50019
Emerging Markets,Brazil,Mining & Chemicals,Mining & Chemicals,2025,25Q1,2526117306.84015
Emerging Markets,Brazil,"Oil, Gas & Energy","Oil, Gas & Energy",2010,10Q2,1301775866.28902
Emerging Markets,Brazil,"Oil, Gas & Energy","Oil, Gas & Energy",2010,10Q3,578505375.879729
Emerging Markets,Brazil,"Oil, Gas & Energy","Oil, Gas & Energy",2010,10Q4,1500315206.037
Emerging Markets,Brazil,"Oil, Gas & Energy","Oil, Gas & Energy",2011,11Q2,2358772801.96158
Emerging Markets,Brazil,"Oil, Gas & Energy","Oil, Gas & Energy",2011,11Q3,971427207.178026
Emerging Markets,Brazil,"Oil, Gas & Energy","Oil, Gas & Energy",2011,11Q4,882068610.305235
Emerging Markets,Brazil,"Oil, Gas & Energy","Oil, Gas & Energy",2012,12Q1,781134734.646265
Emerging Markets,Brazil,"Oil, Gas & Energy","Oil, Gas & Energy",2012,12Q2,1196589477.21521
Emerging Markets,Brazil,"Oil, Gas & Energy","Oil, Gas & Energy",2013,13Q2,487073250.584325
Emerging Markets,Brazil,"Oil, Gas & Energy","Oil, Gas & Energy",2014,14Q2,1791983741.76997
Emerging Markets,Brazil,"Oil, Gas & Energy","Oil, Gas & Energy",2018,18Q2,99894684.7749484
Emerging Markets,Brazil,"Oil, Gas & Energy","Oil, Gas & Energy",2018,18Q3,91380126.507658
Emerging Markets,Brazil,"Oil, Gas & Energy","Oil, Gas & Energy",2018,18Q4,194401166.715263
Emerging Markets,Brazil,"Oil, Gas & Energy","Oil, Gas & Energy",2019,19Q2,92721343.2832658
Emerging Markets,Brazil,"Oil, Gas & Energy","Oil, Gas & Energy",2019,19q3,194535823.038055
Emerging Markets,Brazil,"Oil, Gas & Energy","Oil, Gas & Energy",2019,19Q4,366817621.593224
Emerging Markets,Brazil,"Oil, Gas & Energy","Oil, Gas & Energy",2020,20Q1,346854168.172875
Emerging Markets,Brazil,"Oil, Gas & Energy","Oil, Gas & Energy",2020,20Q4,349928968.29339
Emerging Markets,Brazil,"Oil, Gas & Energy","Oil, Gas & Energy",2021,21q2,1102046159.88768
Emerging Markets,Brazil,"Oil, Gas & Energy","Oil, Gas & Energy",2021,21q3,2283966770.82004
Emerging Markets,Brazil,"Oil, Gas & Energy","Oil, Gas & Energy",2021,21Q4,4225016568.39108
Emerging Markets,Brazil,"Oil, Gas & Energy","Oil, Gas & Energy",2022,22Q2,9739995733.2923
Emerging Markets,Brazil,"Oil, Gas & Energy","Oil, Gas & Energy",2022,22Q3,9670453682.8792
Emerging Markets,Brazil,"Oil, Gas & Energy","Oil, Gas & Energy",2022,22Q4,2394950361.37928
Emerging Markets,Brazil,"Oil, Gas & Energy","Oil, Gas & Energy",2023,23Q1,106245170.116611
Emerging Markets,Brazil,"Oil, Gas & Energy","Oil, Gas & Energy",2023,23Q2,3402137994.99719
Emerging Markets,Brazil,"Oil, Gas & Energy","Oil, Gas & Energy",2023,23Q3,2840871320.60166
Emerging Markets,Brazil,"Oil, Gas & Energy","Oil, Gas & Energy",2023,23q4,2598693858.57256
Emerging Markets,Brazil,"Oil, Gas & Energy","Oil, Gas & Energy",2024,24q1,2067910238.37781
Emerging Markets,Brazil,"Oil, Gas & Energy","Oil, Gas & Energy",2024,24q2,4186595770.32234
Emerging Markets,Brazil,"Oil, Gas & Energy","Oil, Gas & Energy",2024,24q3,1413486807.64931
Emerging Markets,Brazil,"Oil, Gas & Energy","Oil, Gas & Energy",2024,24q4,3220490209.58706
Emerging Markets,Brazil,"Oil, Gas & Energy","Oil, Gas & Energy",2025,25Q1,1779504826.63524
Emerging Markets,Brazil,"Oil, Gas & Energy","Oil, Gas & Energy",2025,25q2,1008298758.14445
Emerging Markets,Brazil,Utilities,Utilities,2010,10Q2,2095436584.96662
Emerging Markets,Brazil,Utilities,Utilities,2011,11Q2,892525874.295268
Emerging Markets,Brazil,Utilities,Utilities,2012,12Q2,979046995.050674
Emerging Markets,Brazil,Utilities,Utilities,2013,13Q2,236217561.348279
Emerging Markets,Brazil,Utilities,Utilities,2013,13Q3,207546048.534022
Emerging Markets,Brazil,Utilities,Utilities,2014,14Q2,448293994.233021
Emerging Markets,Brazil,Utilities,Utilities,2015,15Q2,80445121.4879326
Emerging Markets,Brazil,Utilities,Utilities,2016,16Q2,45114058.2964106
Emerging Markets,Brazil,Utilities,Utilities,2017,17Q2,248459051.179287
Emerging Markets,Brazil,Utilities,Utilities,2018,18Q2,186487509.75605
Emerging Markets,Brazil,Utilities,Utilities,2019,19Q2,206694571.45086
Emerging Markets,Brazil,Utilities,Utilities,2019,19Q4,232099904.756914
Emerging Markets,Brazil,Utilities,Utilities,2020,20Q2,173259205.821356
Emerging Markets,Brazil,Utilities,Utilities,2020,20Q3,395246426.229658
Emerging Markets,Brazil,Utilities,Utilities,2021,21Q1,343952522.579952
Emerging Markets,Brazil,Utilities,Utilities,2021,21q2,55071091.1913282
Emerging Markets,Brazil,Utilities,Utilities,2021,21q3,242468882.38627
Emerging Markets,Brazil,Utilities,Utilities,2022,22Q2,123569079.791272
Emerging Markets,Brazil,Utilities,Utilities,2022,22Q3,193609986.31797
Emerging Markets,Brazil,Utilities,Utilities,2023,23Q2,272091690.973877
Emerging Markets,Brazil,Utilities,Utilities,2024,24q2,341337578.069113
Emerging Markets,Brazil,Utilities,Utilities,2025,25q2,1058736152.7956
Emerging Markets,Chile,Consumer Cyclical,General Retail,2010,10Q2,265725630.065924
Emerging Markets,Chile,Consumer Cyclical,General Retail,2010,10Q4,132864561.07332
Emerging Markets,Chile,Consumer Cyclical,General Retail,2011,11Q2,572703488.3436
Emerging Markets,Chile,Consumer Cyclical,General Retail,2011,11Q4,282492704.094791
Emerging Markets,Chile,Consumer Cyclical,General Retail,2012,12Q2,430701991.661321
Emerging Markets,Chile,Consumer Cyclical,General Retail,2012,12Q4,205050963.517476
Emerging Markets,Chile,Consumer Cyclical,General Retail,2013,13Q2,271823252.752165
Emerging Markets,Chile,Consumer Cyclical,General Retail,2013,13Q4,284277546.96143
Emerging Markets,Chile,Consumer Cyclical,General Retail,2014,14Q2,338266183.836148
Emerging Markets,Chile,Consumer Cyclical,General Retail,2014,14Q4,242884453.018643
Emerging Markets,Chile,Consumer Cyclical,General Retail,2015,15Q2,374237091.724559
Emerging Markets,Chile,Consumer Cyclical,General Retail,2015,15Q4,168254338.422396
Emerging Markets,Chile,Consumer Cyclical,General Retail,2016,16Q2,331238315.643077
Emerging Markets,Chile,Consumer Cyclical,General Retail,2016,16Q4,179996987.349713
Emerging Markets,Chile,Consumer Cyclical,General Retail,2017,17Q2,333192871.122148
Emerging Markets,Chile,Consumer Cyclical,General Retail,2017,17Q4,227848978.850494
Emerging Markets,Chile,Consumer Cyclical,General Retail,2018,18Q2,397179876.217237
Emerging Markets,Chile,Consumer Cyclical,General Retail,2018,18Q4,195468122.100696
Emerging Markets,Chile,Consumer Cyclical,General Retail,2019,19Q1,93803948.5219356
Emerging Markets,Chile,Consumer Cyclical,General Retail,2019,19Q2,450166994.197693
Emerging Markets,Chile,Consumer Cyclical,General Retail,2020,20Q1,55929027.5376895
Emerging Markets,Chile,Consumer Cyclical,General Retail,2020,20Q2,113348626.886142
Emerging Markets,Chile,Consumer Cyclical,General Retail,2021,21q2,80718050.6979514
Emerging Markets,Chile,Consumer Cyclical,General Retail,2021,21q3,93759379.8799248
Emerging Markets,Chile,Consumer Cyclical,General Retail,2021,21Q4,701921077.92
Emerging Markets,Chile,Consumer Cyclical,General Retail,2022,22Q2,415273300.600898
Emerging Markets,Chile,Consumer Cyclical,General Retail,2022,22Q4,359023404.651937
Emerging Markets,Chile,Consumer Cyclical,General Retail,2023,23Q2,373058054.376
Emerging Markets,Chile,Consumer Cyclical,General Retail,2023,23q4,51084256.2264
Emerging Markets,Chile,Consumer Cyclical,General Retail,2024,24q2,125435896.332
Emerging Markets,Chile,Consumer Cyclical,General Retail,2024,24q4,176780123.328
Emerging Markets,Chile,Consumer Cyclical,General Retail,2025,25Q1,55034705.2122481
Emerging Markets,Chile,Consumer Cyclical,General Retail,2025,25q2,345966332.578208
Emerging Markets,Chile,Financial,Banks,2010,10Q1,542557764.381827
Emerging Markets,Chile,Financial,Banks,2010,10Q2,493095523.169276
Emerging Markets,Chile,Financial,Banks,2011,11Q1,497186683.454212
Emerging Markets,Chile,Financial,Banks,2011,11Q2,618010132.119869
Emerging Markets,Chile,Financial,Banks,2012,12Q1,531927417.085884
Emerging Markets,Chile,Financial,Banks,2012,12Q2,536533194.85928
Emerging Markets,Chile,Financial,Banks,2013,13Q1,636056651.453622
Emerging Markets,Chile,Financial,Banks,2014,14Q1,587148831.638045
Emerging Markets,Chile,Financial,Banks,2014,14Q2,470384449.779353
Emerging Markets,Chile,Financial,Banks,2015,15Q1,522560200.871983
Emerging Markets,Chile,Financial,Banks,2015,15Q2,543984028.004998
Emerging Markets,Chile,Financial,Banks,2016,16Q1,476572257.002065
Emerging Markets,Chile,Financial,Banks,2016,16Q2,502933486.588286
Emerging Markets,Chile,Financial,Banks,2017,17Q1,430637531.385776
Emerging Markets,Chile,Financial,Banks,2017,17Q2,497773256.510693
Emerging Markets,Chile,Financial,Banks,2018,18Q1,514235047.542155
Emerging Markets,Chile,Financial,Banks,2018,18Q2,700658409.799782
Emerging Markets,Chile,Financial,Banks,2019,19Q1,522898830.359879
Emerging Markets,Chile,Financial,Banks,2019,19Q2,527072559.253101
Emerging Markets,Chile,Financial,Banks,2020,20Q1,422431258.460249
Emerging Markets,Chile,Financial,Banks,2020,20Q2,197416806.657139
Emerging Markets,Chile,Financial,Banks,2020,20Q4,216105763.845126
Emerging Markets,Chile,Financial,Banks,2021,21Q1,302624650.503279
Emerging Markets,Chile,Financial,Banks,2021,21q2,434698583.877051
Emerging Markets,Chile,Financial,Banks,2022,22q1,685997844.553067
Emerging Markets,Chile,Financial,Banks,2022,22Q2,541771370.69765
Emerging Markets,Chile,Financial,Banks,2023,23Q1,1081127766.49942
Emerging Markets,Chile,Financial,Banks,2023,23Q2,600877819.246453
Emerging Markets,Chile,Financial,Banks,2024,24q1,831861661.688584
Emerging Markets,Chile,Financial,Banks,2024,24q2,364027805.396126
Emerging Markets,Chile,Financial,Banks,2025,25Q1,1063263377.42815
Emerging Markets,Chile,Financial,Banks,2025,25q2,632674920.861982
Emerging Markets,Chile,Industrial,Transport,2010,10Q1,70000977.61758
Emerging Markets,Chile,Industrial,Transport,2010,10Q2,10713782.6240154
Emerging Markets,Chile,Industrial,Transport,2010,10Q3,74466241.7982
Emerging Markets,Chile,Industrial,Transport,2011,11Q1,125000293.78464
Emerging Markets,Chile,Industrial,Transport,2011,11Q2,10370389.72449
Emerging Markets,Chile,Industrial,Transport,2011,11Q3,56590766.03493
Emerging Markets,Chile,Industrial,Transport,2012,12Q1,84792832.14492
Emerging Markets,Chile,Industrial,Transport,2012,12Q2,18425272.97434
Emerging Markets,Chile,Industrial,Transport,2013,13Q2,3237609.03
Emerging Markets,Chile,Industrial,Transport,2017,17Q2,20766119.1468231
Emerging Markets,Chile,Industrial,Transport,2018,18Q2,46591192.6532756
Emerging Markets,Chile,Industrial,Transport,2019,19Q2,54580443.0015812
Emerging Markets,Chile,Industrial,Transport,2020,20Q2,57129119.3521601
Emerging Markets,Chile,Industrial,Transport,2024,24q2,174549570.289574
Emerging Markets,Chile,Industrial,Transport,2025,25q2,293091536.616843
Emerging Markets,Chile,Utilities,Utilities,2010,10Q2,287706369.160764
Emerging Markets,Chile,Utilities,Utilities,2011,11Q1,106013428.59966
Emerging Markets,Chile,Utilities,Utilities,2011,11Q2,409244201.551106
Emerging Markets,Chile,Utilities,Utilities,2012,12Q1,98575651.4591181
Emerging Markets,Chile,Utilities,Utilities,2012,12Q2,275274738.11076
Emerging Markets,Chile,Utilities,Utilities,2013,13Q1,84102102.2572346
Emerging Markets,Chile,Utilities,Utilities,2013,13Q2,209012225.797115
Emerging Markets,Chile,Utilities,Utilities,2014,14Q1,126169587.293574
Emerging Markets,Chile,Utilities,Utilities,2014,14Q2,470864273.160651
Emerging Markets,Chile,Utilities,Utilities,2015,15Q1,64469740.3056242
Emerging Markets,Chile,Utilities,Utilities,2015,15Q2,434822487.09051
Emerging Markets,Chile,Utilities,Utilities,2016,16Q1,85616887.2903974
Emerging Markets,Chile,Utilities,Utilities,2016,16Q2,241871641.865207
Emerging Markets,Chile,Utilities,Utilities,2017,17Q1,71381897.3034215
Emerging Markets,Chile,Utilities,Utilities,2017,17Q2,175006621.144609
Emerging Markets,Chile,Utilities,Utilities,2018,18Q1,57582484.4858262
Emerging Markets,Chile,Utilities,Utilities,2018,18Q2,297030156.63772
Emerging Markets,Chile,Utilities,Utilities,2019,19Q1,76986539.63144
Emerging Markets,Chile,Utilities,Utilities,2019,19Q2,403317543.44232
Emerging Markets,Chile,Utilities,Utilities,2020,20Q1,123253660.887126
Emerging Markets,Chile,Utilities,Utilities,2020,20Q2,683255073.10328
Emerging Markets,Chile,Utilities,Utilities,2021,21Q1,72991728.5935438
Emerging Markets,Chile,Utilities,Utilities,2021,21q2,240860043.596538
Emerging Markets,Chile,Utilities,Utilities,2022,22q1,93320594.7187643
Emerging Markets,Chile,Utilities,Utilities,2022,22Q2,128940907.965179
Emerging Markets,Chile,Utilities,Utilities,2024,24q1,117410651.337986
Emerging Markets,Chile,Utilities,Utilities,2024,24q2,141870037.031268
Emerging Markets,Chile,Utilities,Utilities,2025,25Q1,370115618.8785
Emerging Markets,Chile,Utilities,Utilities,2025,25q2,406906916.983043
Emerging Markets,Czech Republic,Financial,Banks,2010,10Q2,310720205.981438
Emerging Markets,Czech Republic,Financial,Banks,2011,11Q2,585696371.332025
Emerging Markets,Czech Republic,Financial,Banks,2012,12Q2,300910983.710675
Emerging Markets,Czech Republic,Financial,Banks,2013,13Q2,436404151.612123
Emerging Markets,Czech Republic,Financial,Banks,2014,14Q2,432543453.314729
Emerging Markets,Czech Republic,Financial,Banks,2015,15Q2,473802061.719258
Emerging Markets,Czech Republic,Financial,Banks,2016,16Q2,488141602.610295
Emerging Markets,Czech Republic,Financial,Banks,2017,17Q2,321498928.82283
Emerging Markets,Czech Republic,Financial,Banks,2018,18Q2,403217482.241565
Emerging Markets,Czech Republic,Financial,Banks,2019,19Q2,419971060.571349
Emerging Markets,Czech Republic,Financial,Banks,2022,22Q2,360473290.813921
Emerging Markets,Czech Republic,Financial,Banks,2022,22Q4,461810696.315815
Emerging Markets,Czech Republic,Financial,Banks,2023,23Q2,523260848.898379
Emerging Markets,Czech Republic,Financial,Banks,2024,24q2,690626398.638969
Emerging Markets,Czech Republic,Financial,Banks,2025,25q2,794202503.348648
Emerging Markets,Czech Republic,Utilities,Utilities,2010,10Q3,1524897867.6387
Emerging Markets,Czech Republic,Utilities,Utilities,2011,11Q3,1580305643.81009
Emerging Markets,Czech Republic,Utilities,Utilities,2012,12Q3,1177349278.02786
Emerging Markets,Czech Republic,Utilities,Utilities,2013,13Q3,1096615083.58801
Emerging Markets,Czech Republic,Utilities,Utilities,2014,14Q3,1044706259.38769
Emerging Markets,Czech Republic,Utilities,Utilities,2015,15Q3,873269646.559908
Emerging Markets,Czech Republic,Utilities,Utilities,2016,16Q3,889520444.974937
Emerging Markets,Czech Republic,Utilities,Utilities,2017,17Q3,801494399.210429
Emerging Markets,Czech Republic,Utilities,Utilities,2019,19q3,554191794.023273
Emerging Markets,Czech Republic,Utilities,Utilities,2020,20Q3,816363828.220761
Emerging Markets,Czech Republic,Utilities,Utilities,2021,21q3,1304771046.87805
Emerging Markets,Czech Republic,Utilities,Utilities,2022,22Q4,1043135974.87912
Emerging Markets,Czech Republic,Utilities,Utilities,2023,23Q3,3575952688.74487
Emerging Markets,Czech Republic,Utilities,Utilities,2024,24q3,1189569750.37287
Emerging Markets,Greece,Financial,Banks,2020,20Q3,66949441.899968
Emerging Markets,Greece,Financial,Banks,2024,24q3,739267964.637389
Emerging Markets,Hungary,Financial,Banks,2011,11Q2,111923527.910869
Emerging Markets,Hungary,Financial,Banks,2012,12Q2,118571590.2347
Emerging Markets,Hungary,Financial,Banks,2013,13Q2,150189529.272758
Emerging Markets,Hungary,Financial,Banks,2014,14Q2,182776673.295534
Emerging Markets,Hungary,Financial,Banks,2015,15Q2,148299314.57886
Emerging Markets,Hungary,Financial,Banks,2016,16Q2,171208285.838612
Emerging Markets,Hungary,Financial,Banks,2017,17Q2,196899706.663491
Emerging Markets,Hungary,Financial,Banks,2018,18Q2,227420569.058963
Emerging Markets,Hungary,Financial,Banks,2019,19Q2,214468579.703903
Emerging Markets,Hungary,Financial,Banks,2022,22Q2,330597032.463702
Emerging Markets,Hungary,Financial,Banks,2023,23Q2,244129423.795859
Emerging Markets,Hungary,Financial,Banks,2024,24q2,419680835.316691
Emerging Markets,Hungary,Financial,Banks,2025,25q2,791009492.48496
Emerging Markets,India,Consumer Cyclical,Auto,2010,10Q1,7700357.4792256
Emerging Markets,India,Consumer Cyclical,Auto,2010,10Q2,208274072.081004
Emerging Markets,India,Consumer Cyclical,Auto,2010,10Q3,295547998.27336
Emerging Markets,India,Consumer Cyclical,Auto,2011,11Q1,11763100.2674886
Emerging Markets,India,Consumer Cyclical,Auto,2011,11Q2,360725075.224419
Emerging Markets,India,Consumer Cyclical,Auto,2011,11Q3,490927461.790122
Emerging Markets,India,Consumer Cyclical,Auto,2012,12Q1,13967425.3816805
Emerging Markets,India,Consumer Cyclical,Auto,2012,12Q2,258173884.600691
Emerging Markets,India,Consumer Cyclical,Auto,2012,12Q3,426998726.075452
Emerging Markets,India,Consumer Cyclical,Auto,2013,13Q1,15221561.1732088
Emerging Markets,India,Consumer Cyclical,Auto,2013,13Q2,136915401.330409
Emerging Markets,India,Consumer Cyclical,Auto,2013,13Q3,403368432.397655
Emerging Markets,India,Consumer Cyclical,Auto,2013,13Q4,5007201.20927504
Emerging Markets,India,Consumer Cyclical,Auto,2014,14Q1,13590247.0657004
Emerging Markets,India,Consumer Cyclical,Auto,2014,14Q2,138460416.030568
Emerging Markets,India,Consumer Cyclical,Auto,2014,14Q3,478652439.861989
Emerging Markets,India,Consumer Cyclical,Auto,2015,15Q1,5732228.30458628
Emerging Markets,India,Consumer Cyclical,Auto,2015,15Q2,30199728.6770908
Emerging Markets,India,Consumer Cyclical,Auto,2015,15Q3,533897818.626246
Emerging Markets,India,Consumer Cyclical,Auto,2016,16Q1,325368199.153963
Emerging Markets,India,Consumer Cyclical,Auto,2016,16Q2,10965285.880192
Emerging Markets,India,Consumer Cyclical,Auto,2016,16Q3,331201915.394474
Emerging Markets,India,Consumer Cyclical,Auto,2016,16Q4,8918280.075131
Emerging Markets,India,Consumer Cyclical,Auto,2017,17Q1,43320538.3918242
Emerging Markets,India,Consumer Cyclical,Auto,2017,17Q3,879805857.68358
Emerging Markets,India,Consumer Cyclical,Auto,2017,17Q4,14527547.283046
Emerging Markets,India,Consumer Cyclical,Auto,2018,18Q1,9497687.72028863
Emerging Markets,India,Consumer Cyclical,Auto,2018,18Q3,886179844.137709
Emerging Markets,India,Consumer Cyclical,Auto,2018,18Q4,13761856.8877886
Emerging Markets,India,Consumer Cyclical,Auto,2019,19Q1,9644341.24505458
Emerging Markets,India,Consumer Cyclical,Auto,2019,19q3,897839159.006537
Emerging Markets,India,Consumer Cyclical,Auto,2020,20Q1,600273971.802205
Emerging Markets,India,Consumer Cyclical,Auto,2020,20Q3,327585971.828392
Emerging Markets,India,Consumer Cyclical,Auto,2021,21Q1,13713855.3685253
Emerging Markets,India,Consumer Cyclical,Auto,2021,21q2,8898844.95017357
Emerging Markets,India,Consumer Cyclical,Auto,2021,21q3,1047411836.46152
Emerging Markets,India,Consumer Cyclical,Auto,2022,22Q2,23581424.5843629
Emerging Markets,India,Consumer Cyclical,Auto,2022,22Q3,1068455714.11922
Emerging Markets,India,Consumer Cyclical,Auto,2023,23Q1,100780925.853084
Emerging Markets,India,Consumer Cyclical,Auto,2023,23Q2,92459291.4119686
Emerging Markets,India,Consumer Cyclical,Auto,2023,23Q3,1275224671.54076
Emerging Markets,India,Consumer Cyclical,Auto,2024,24q1,118562484.012807
Emerging Markets,India,Consumer Cyclical,Auto,2024,24q2,275583829.505051
Emerging Markets,India,Consumer Cyclical,Auto,2024,24q3,1339076168.21086
Emerging Markets,India,Consumer Cyclical,Auto,2025,25Q1,55208985.1050368
Emerging Markets,India,Consumer Cyclical,Auto,2025,25q2,297929556.443183
Emerging Markets,India,Consumer Cyclical,Clothing & Durables,2010,10Q3,14398089.3092952
Emerging Markets,India,Consumer Cyclical,Clothing & Durables,2011,11Q3,24041002.8521406
Emerging Markets,India,Consumer Cyclical,Clothing & Durables,2012,12Q3,28013448.1899409
Emerging Markets,India,Consumer Cyclical,Clothing & Durables,2013,13Q3,30460763.0201188
Emerging Markets,India,Consumer Cyclical,Clothing & Durables,2014,14Q3,30425964.9098983
Emerging Markets,India,Consumer Cyclical,Clothing & Durables,2015,15Q3,31987283.7120892
Emerging Markets,India,Consumer Cyclical,Clothing & Durables,2016,16Q1,29373681.7400981
Emerging Markets,India,Consumer Cyclical,Clothing & Durables,2017,17Q3,36035343.0400373
Emerging Markets,India,Consumer Cyclical,Clothing & Durables,2018,18Q3,48665100.7108382
Emerging Markets,India,Consumer Cyclical,Clothing & Durables,2019,19q3,62512813.0011939
Emerging Markets,India,Consumer Cyclical,Clothing & Durables,2020,20Q3,47500593.660311
Emerging Markets,India,Consumer Cyclical,Clothing & Durables,2021,21q3,47888943.2869968
Emerging Markets,India,Consumer Cyclical,Clothing & Durables,2021,21Q4,779342.212542435
Emerging Markets,India,Consumer Cyclical,Clothing & Durables,2022,22Q3,85499554.2757324
Emerging Markets,India,Consumer Cyclical,Clothing & Durables,2023,23Q3,107176031.036448
Emerging Markets,India,Consumer Cyclical,Clothing & Durables,2023,23q4,2145957.92668436
Emerging Markets,India,Consumer Cyclical,Clothing & Durables,2024,24q3,116829686.347936
Emerging Markets,India,Consumer Cyclical,Clothing & Durables,2024,24q4,3562921.58163305
Emerging Markets,India,Consumer Cyclical,General Retail,2010,10Q3,2793137.58004772
Emerging Markets,India,Consumer Cyclical,General Retail,2011,11Q3,3323976.66942285
Emerging Markets,India,Consumer Cyclical,General Retail,2012,12Q3,3177073.89518974
Emerging Markets,India,Consumer Cyclical,General Retail,2013,13Q3,3785683.82353644
Emerging Markets,India,Consumer Cyclical,General Retail,2014,14Q3,3831672.02679481
Emerging Markets,India,Consumer Cyclical,General Retail,2015,15Q3,5128127.04162176
Emerging Markets,India,Consumer Cyclical,General Retail,2016,16Q1,4498026.90688953
Emerging Markets,India,Consumer Cyclical,General Retail,2017,17Q3,5206992.08330499
Emerging Markets,India,Consumer Cyclical,General Retail,2018,18Q3,5469255.61582916
Emerging Markets,India,Consumer Cyclical,General Retail,2019,19q3,6110919.37668324
Emerging Markets,India,Consumer Cyclical,General Retail,2020,20Q3,4750400.80382185
Emerging Markets,India,Consumer Cyclical,General Retail,2021,21q3,2866256.29442229
Emerging Markets,India,Consumer Cyclical,General Retail,2022,22q1,2771201.86234807
Emerging Markets,India,Consumer Cyclical,General Retail,2022,22Q2,5008308.44982469
Emerging Markets,India,Consumer Cyclical,General Retail,2023,23Q2,9544889.58914188
Emerging Markets,India,Consumer Cyclical,General Retail,2024,24q3,13613077.7836895
Emerging Markets,India,Consumer Cyclical,Household services,2010,10Q3,15674852.5607132
Emerging Markets,India,Consumer Cyclical,Household services,2011,11Q3,16977149.1138806
Emerging Markets,India,Consumer Cyclical,Household services,2012,12Q3,13621608.4727179
Emerging Markets,India,Consumer Cyclical,Household services,2013,13Q3,10605454.1708659
Emerging Markets,India,Consumer Cyclical,Household services,2016,16Q3,4425951.89417729
Emerging Markets,India,Consumer Cyclical,Household services,2017,17Q3,5418346.77191241
Emerging Markets,India,Consumer Cyclical,Household services,2018,18Q3,6922972.15006638
Emerging Markets,India,Consumer Cyclical,Household services,2019,19Q2,8614382.24840227
Emerging Markets,India,Consumer Cyclical,Household services,2020,20Q3,7927200.17667859
Emerging Markets,India,Consumer Cyclical,Household services,2021,21q2,6408234.45568122
Emerging Markets,India,Consumer Cyclical,Household services,2022,22Q3,7175887.76545588
Emerging Markets,India,Consumer Cyclical,Household services,2023,23Q2,17314302.342489
Emerging Markets,India,Consumer Cyclical,Household services,2024,24q3,29819020.5313815
Emerging Markets,India,Consumer Defensive,"Food, drink & Tobacco",2010,10Q2,50390105.359681
Emerging Markets,India,Consumer Defensive,"Food, drink & Tobacco",2010,10Q3,857740915.590575
Emerging Markets,India,Consumer Defensive,"Food, drink & Tobacco",2010,10Q4,61513134.0335039
Emerging Markets,India,Consumer Defensive,"Food, drink & Tobacco",2011,11Q2,51171467.6066427
Emerging Markets,India,Consumer Defensive,"Food, drink & Tobacco",2011,11Q3,831975411.875316
Emerging Markets,India,Consumer Defensive,"Food, drink & Tobacco",2011,11Q4,52904879.1434298
Emerging Markets,India,Consumer Defensive,"Food, drink & Tobacco",2012,12Q2,27978729.4652494
Emerging Markets,India,Consumer Defensive,"Food, drink & Tobacco",2012,12Q3,713928552.414932
Emerging Markets,India,Consumer Defensive,"Food, drink & Tobacco",2012,12Q4,37420276.0537799
Emerging Markets,India,Consumer Defensive,"Food, drink & Tobacco",2013,13Q1,22186973.6565413
Emerging Markets,India,Consumer Defensive,"Food, drink & Tobacco",2013,13Q2,5764670.04201125
Emerging Markets,India,Consumer Defensive,"Food, drink & Tobacco",2013,13Q3,765192694.902911
Emerging Markets,India,Consumer Defensive,"Food, drink & Tobacco",2013,13Q4,35177219.7803829
Emerging Markets,India,Consumer Defensive,"Food, drink & Tobacco",2014,14Q1,10404534.4456398
Emerging Markets,India,Consumer Defensive,"Food, drink & Tobacco",2014,14Q2,58751899.5586863
Emerging Markets,India,Consumer Defensive,"Food, drink & Tobacco",2014,14Q3,882335702.205305
Emerging Markets,India,Consumer Defensive,"Food, drink & Tobacco",2014,14Q4,22609365.9193705
Emerging Markets,India,Consumer Defensive,"Food, drink & Tobacco",2015,15Q1,15616368.6579879
Emerging Markets,India,Consumer Defensive,"Food, drink & Tobacco",2015,15Q2,39995561.0246963
Emerging Markets,India,Consumer Defensive,"Food, drink & Tobacco",2015,15Q3,834196020.599396
Emerging Markets,India,Consumer Defensive,"Food, drink & Tobacco",2015,15Q4,40260796.9171713
Emerging Markets,India,Consumer Defensive,"Food, drink & Tobacco",2016,16Q1,47719764.0122185
Emerging Markets,India,Consumer Defensive,"Food, drink & Tobacco",2016,16Q2,43704826.2452947
Emerging Markets,India,Consumer Defensive,"Food, drink & Tobacco",2016,16Q3,1090329011.87451
Emerging Markets,India,Consumer Defensive,"Food, drink & Tobacco",2016,16Q4,51038962.6668479
Emerging Markets,India,Consumer Defensive,"Food, drink & Tobacco",2017,17Q1,38626639.8532126
Emerging Markets,India,Consumer Defensive,"Food, drink & Tobacco",2017,17Q2,56836101.3889972
Emerging Markets,India,Consumer Defensive,"Food, drink & Tobacco",2017,17Q3,993442930.532645
Emerging Markets,India,Consumer Defensive,"Food, drink & Tobacco",2017,17Q4,84753162.5265497
Emerging Markets,India,Consumer Defensive,"Food, drink & Tobacco",2018,18Q1,49523137.9500018
Emerging Markets,India,Consumer Defensive,"Food, drink & Tobacco",2018,18Q2,61798034.7836039
Emerging Markets,India,Consumer Defensive,"Food, drink & Tobacco",2018,18Q3,1017143980.37353
Emerging Markets,India,Consumer Defensive,"Food, drink & Tobacco",2018,18Q4,105842264.692849
Emerging Markets,India,Consumer Defensive,"Food, drink & Tobacco",2019,19Q1,50449472.3648442
Emerging Markets,India,Consumer Defensive,"Food, drink & Tobacco",2019,19Q2,88495641.9301116
Emerging Markets,India,Consumer Defensive,"Food, drink & Tobacco",2019,19q3,1349344919.63079
Emerging Markets,India,Consumer Defensive,"Food, drink & Tobacco",2019,19Q4,124062505.328241
Emerging Markets,India,Consumer Defensive,"Food, drink & Tobacco",2020,20Q1,71073216.9738524
Emerging Markets,India,Consumer Defensive,"Food, drink & Tobacco",2020,20Q2,111397912.018599
Emerging Markets,India,Consumer Defensive,"Food, drink & Tobacco",2020,20Q3,2090675501.15319
Emerging Markets,India,Consumer Defensive,"Food, drink & Tobacco",2020,20Q4,227936825.067863
Emerging Markets,India,Consumer Defensive,"Food, drink & Tobacco",2021,21Q1,922987040.948099
Emerging Markets,India,Consumer Defensive,"Food, drink & Tobacco",2021,21q2,411051103.806947
Emerging Markets,India,Consumer Defensive,"Food, drink & Tobacco",2021,21q3,967807284.332835
Emerging Markets,India,Consumer Defensive,"Food, drink & Tobacco",2021,21Q4,194681565.302413
Emerging Markets,India,Consumer Defensive,"Food, drink & Tobacco",2022,22q1,956711391.543349
Emerging Markets,India,Consumer Defensive,"Food, drink & Tobacco",2022,22Q2,183361807.084248
Emerging Markets,India,Consumer Defensive,"Food, drink & Tobacco",2022,22Q3,1155171954.18041
Emerging Markets,India,Consumer Defensive,"Food, drink & Tobacco",2022,22Q4,142302261.508327
Emerging Markets,India,Consumer Defensive,"Food, drink & Tobacco",2023,23Q1,979239716.882183
Emerging Markets,India,Consumer Defensive,"Food, drink & Tobacco",2023,23Q2,434749825.53877
Emerging Markets,India,Consumer Defensive,"Food, drink & Tobacco",2023,23Q3,1442985780.23253
Emerging Markets,India,Consumer Defensive,"Food, drink & Tobacco",2023,23q4,243631778.192329
Emerging Markets,India,Consumer Defensive,"Food, drink & Tobacco",2024,24q1,1123346710.65617
Emerging Markets,India,Consumer Defensive,"Food, drink & Tobacco",2024,24q2,107952052.210867
Emerging Markets,India,Consumer Defensive,"Food, drink & Tobacco",2024,24q3,1521104493.41921
Emerging Markets,India,Consumer Defensive,"Food, drink & Tobacco",2025,25Q1,1145650038.61921
Emerging Markets,India,Consumer Defensive,"Food, drink & Tobacco",2025,25q2,167823904.841554
Emerging Markets,India,Consumer Defensive,Household products,2010,10Q2,8682234.5475894
Emerging Markets,India,Consumer Defensive,Household products,2010,10Q3,210969877.489909
Emerging Markets,India,Consumer Defensive,Household products,2010,10Q4,171537002.38273
Emerging Markets,India,Consumer Defensive,Household products,2011,11Q1,7111871.62740531
Emerging Markets,India,Consumer Defensive,Household products,2011,11Q2,10705452.4623053
Emerging Markets,India,Consumer Defensive,Household products,2011,11Q3,204115751.285367
Emerging Markets,India,Consumer Defensive,Household products,2011,11Q4,169967295.171824
Emerging Markets,India,Consumer Defensive,Household products,2012,12Q1,6555051.6219863
Emerging Markets,India,Consumer Defensive,Household products,2012,12Q2,10832571.3330915
Emerging Markets,India,Consumer Defensive,Household products,2012,12Q3,186031538.824159
Emerging Markets,India,Consumer Defensive,Household products,2012,12Q4,517619304.782528
Emerging Markets,India,Consumer Defensive,Household products,2013,13Q1,6279077.89193971
Emerging Markets,India,Consumer Defensive,Household products,2013,13Q2,12250513.4936467
Emerging Markets,India,Consumer Defensive,Household products,2013,13Q3,244815040.340659
Emerging Markets,India,Consumer Defensive,Household products,2013,13Q4,214327292.566079
Emerging Markets,India,Consumer Defensive,Household products,2014,14Q1,5485990.90862554
Emerging Markets,India,Consumer Defensive,Household products,2014,14Q2,13033546.7025101
Emerging Markets,India,Consumer Defensive,Household products,2014,14Q3,341834081.141257
Emerging Markets,India,Consumer Defensive,Household products,2014,14Q4,215624879.060425
Emerging Markets,India,Consumer Defensive,Household products,2015,15Q1,5513258.40227439
Emerging Markets,India,Consumer Defensive,Household products,2015,15Q2,13370783.9348405
Emerging Markets,India,Consumer Defensive,Household products,2015,15Q3,332655297.034392
Emerging Markets,India,Consumer Defensive,Household products,2015,15Q4,247541976.807098
Emerging Markets,India,Consumer Defensive,Household products,2016,16Q1,4971284.12546964
Emerging Markets,India,Consumer Defensive,Household products,2016,16Q2,13897792.6161366
Emerging Markets,India,Consumer Defensive,Household products,2016,16Q3,336171635.171914
Emerging Markets,India,Consumer Defensive,Household products,2016,16Q4,261211971.936067
Emerging Markets,India,Consumer Defensive,Household products,2017,17Q1,5090051.67377491
Emerging Markets,India,Consumer Defensive,Household products,2017,17Q2,63347954.7581032
Emerging Markets,India,Consumer Defensive,Household products,2017,17Q3,372151490.932604
Emerging Markets,India,Consumer Defensive,Household products,2017,17Q4,309147002.400293
Emerging Markets,India,Consumer Defensive,Household products,2018,18Q1,10523073.7671829
Emerging Markets,India,Consumer Defensive,Household products,2018,18Q2,70674719.0185213
Emerging Markets,India,Consumer Defensive,Household products,2018,18Q3,554403191.49779
Emerging Markets,India,Consumer Defensive,Household products,2018,18Q4,353817470.508597
Emerging Markets,India,Consumer Defensive,Household products,2019,19Q1,28734729.5351441
Emerging Markets,India,Consumer Defensive,Household products,2019,19Q2,29336761.8558679
Emerging Markets,India,Consumer Defensive,Household products,2019,19q3,476497470.459144
Emerging Markets,India,Consumer Defensive,Household products,2019,19Q4,399886649.653971
Emerging Markets,India,Consumer Defensive,Household products,2020,20Q1,28574281.8214339
Emerging Markets,India,Consumer Defensive,Household products,2020,20Q2,
Emerging Markets,India,Consumer Defensive,Household products,2020,20Q3,776656031.996342
Emerging Markets,India,Consumer Defensive,Household products,2020,20Q4,482517716.398191
Emerging Markets,India,Consumer Defensive,Household products,2021,21Q1,
Emerging Markets,India,Consumer Defensive,Household products,2021,21q2,538351772.266557
Emerging Markets,India,Consumer Defensive,Household products,2021,21q3,72159022.1430317
Emerging Markets,India,Consumer Defensive,Household products,2021,21Q4,532814012.546095
Emerging Markets,India,Consumer Defensive,Household products,2022,22Q2,569779635.681837
Emerging Markets,India,Consumer Defensive,Household products,2022,22Q3,59895014.1069026
Emerging Markets,India,Consumer Defensive,Household products,2022,22Q4,543413899.910198
Emerging Markets,India,Consumer Defensive,Household products,2023,23Q2,629946009.16002
Emerging Markets,India,Consumer Defensive,Household products,2023,23Q3,57681854.9826552
Emerging Markets,India,Consumer Defensive,Household products,2023,23q4,627881004.519746
Emerging Markets,India,Consumer Defensive,Household products,2024,24q2,122970241.251161
Emerging Markets,India,Consumer Defensive,Household products,2024,24q3,794792710.387423
Emerging Markets,India,Consumer Defensive,Household products,2024,24q4,924654833.684766
Emerging Markets,India,Consumer Defensive,Household products,2025,25Q1,58819754.3029781
Emerging Markets,India,Consumer Defensive,Household products,2025,25q2,59610633.1419614
Emerging Markets,India,Financial,Banks,2010,10Q1,213592957.923651
Emerging Markets,India,Financial,Banks,2010,10Q2,391468104.761161
Emerging Markets,India,Financial,Banks,2010,10Q3,748025556.65497
Emerging Markets,India,Financial,Banks,2011,11Q2,910916368.788338
Emerging Markets,India,Financial,Banks,2011,11Q3,699768677.816595
Emerging Markets,India,Financial,Banks,2012,12Q2,956727642.459821
Emerging Markets,India,Financial,Banks,2012,12Q3,529394665.260888
Emerging Markets,India,Financial,Banks,2013,13Q2,1098688220.21762
Emerging Markets,India,Financial,Banks,2013,13Q3,537851101.081723
Emerging Markets,India,Financial,Banks,2014,14Q1,207643525.966543
Emerging Markets,India,Financial,Banks,2014,14Q2,804556768.473057
Emerging Markets,India,Financial,Banks,2014,14Q3,541877293.446401
Emerging Markets,India,Financial,Banks,2015,15Q2,870775118.731639
Emerging Markets,India,Financial,Banks,2015,15Q3,669557051.900421
Emerging Markets,India,Financial,Banks,2016,16Q2,299221226.339306
Emerging Markets,India,Financial,Banks,2016,16Q3,1001663741.68633
Emerging Markets,India,Financial,Banks,2017,17Q2,327302240.391721
Emerging Markets,India,Financial,Banks,2017,17Q3,900246548.376965
Emerging Markets,India,Financial,Banks,2018,18Q3,624844280.318171
Emerging Markets,India,Financial,Banks,2019,19q3,940130636.276637
Emerging Markets,India,Financial,Banks,2021,21q2,483325831.636409
Emerging Markets,India,Financial,Banks,2021,21q3,696200938.730892
Emerging Markets,India,Financial,Banks,2022,22Q2,963341145.019544
Emerging Markets,India,Financial,Banks,2022,22Q3,1976166057.57197
Emerging Markets,India,Financial,Banks,2023,23Q2,1493666076.37776
Emerging Markets,India,Financial,Banks,2023,23Q3,2673895855.19435
Emerging Markets,India,Financial,Banks,2024,24q2,1466406941.37109
Emerging Markets,India,Financial,Banks,2024,24q3,3997187573.38483
Emerging Markets,India,Financial,Banks,2025,25q2,1658211630.40371
Emerging Markets,India,Financial,General Financial,2010,10Q1,213253743.967223
Emerging Markets,India,Financial,General Financial,2010,10Q2,19535922.9991733
Emerging Markets,India,Financial,General Financial,2010,10Q3,259604354.078177
Emerging Markets,India,Financial,General Financial,2010,10Q4,12416769.7768611
Emerging Markets,India,Financial,General Financial,2011,11Q1,327587072.368944
Emerging Markets,India,Financial,General Financial,2011,11Q3,204625264.516162
Emerging Markets,India,Financial,General Financial,2011,11Q4,51324369.8427175
Emerging Markets,India,Financial,General Financial,2012,12Q1,237908037.378068
Emerging Markets,India,Financial,General Financial,2012,12Q3,107821860.539273
Emerging Markets,India,Financial,General Financial,2012,12Q4,90106405.5044759
Emerging Markets,India,Financial,General Financial,2013,13Q1,270061306.40017
Emerging Markets,India,Financial,General Financial,2013,13Q3,134774560.128507
Emerging Markets,India,Financial,General Financial,2013,13Q4,111660140.288454
Emerging Markets,India,Financial,General Financial,2014,14Q1,311029364.299181
Emerging Markets,India,Financial,General Financial,2014,14Q3,94858321.8901652
Emerging Markets,India,Financial,General Financial,2014,14Q4,47130951.3661999
Emerging Markets,India,Financial,General Financial,2015,15Q1,305973361.979585
Emerging Markets,India,Financial,General Financial,2015,15Q3,99330288.1387628
Emerging Markets,India,Financial,General Financial,2015,15Q4,66931531.3553249
Emerging Markets,India,Financial,General Financial,2016,16Q1,511636895.914528
Emerging Markets,India,Financial,General Financial,2016,16Q3,55029869.580693
Emerging Markets,India,Financial,General Financial,2016,16Q4,89078008.9168969
Emerging Markets,India,Financial,General Financial,2017,17Q1,215362241.119284
Emerging Markets,India,Financial,General Financial,2017,17Q2,242680289.402519
Emerging Markets,India,Financial,General Financial,2017,17Q3,117271357.023197
Emerging Markets,India,Financial,General Financial,2017,17Q4,342503447.488561
Emerging Markets,India,Financial,General Financial,2018,18Q1,370608444.407289
Emerging Markets,India,Financial,General Financial,2018,18Q3,126641673.750096
Emerging Markets,India,Financial,General Financial,2018,18Q4,62599833.5489069
Emerging Markets,India,Financial,General Financial,2019,19Q1,361255340.208107
Emerging Markets,India,Financial,General Financial,2019,19q3,173593618.946154
Emerging Markets,India,Financial,General Financial,2019,19Q4,26772318.9284821
Emerging Markets,India,Financial,General Financial,2020,20Q1,799390591.193862
Emerging Markets,India,Financial,General Financial,2020,20Q2,78699061.5523959
Emerging Markets,India,Financial,General Financial,2020,20Q3,79636888.9066988
Emerging Markets,India,Financial,General Financial,2020,20Q4,180863071.25497
Emerging Markets,India,Financial,General Financial,2021,21Q1,438147788.967316
Emerging Markets,India,Financial,General Financial,2021,21q2,128978605.054651
Emerging Markets,India,Financial,General Financial,2021,21q3,408574408.234947
Emerging Markets,India,Financial,General Financial,2021,21Q4,430222907.734237
Emerging Markets,India,Financial,General Financial,2022,22q1,419583701.869107
Emerging Markets,India,Financial,General Financial,2022,22Q2,217116238.274471
Emerging Markets,India,Financial,General Financial,2022,22Q3,277747703.996609
Emerging Markets,India,Financial,General Financial,2022,22Q4,561262462.397012
Emerging Markets,India,Financial,General Financial,2023,23Q1,298102648.384347
Emerging Markets,India,Financial,General Financial,2023,23Q2,261599450.845317
Emerging Markets,India,Financial,General Financial,2023,23Q3,590283876.590117
Emerging Markets,India,Financial,General Financial,2023,23q4,663337284.987642
Emerging Markets,India,Financial,General Financial,2024,24q1,344870507.460042
Emerging Markets,India,Financial,General Financial,2024,24q2,257280661.947105
Emerging Markets,India,Financial,General Financial,2024,24q3,1059277754.44056
Emerging Markets,India,Financial,General Financial,2024,24q4,445216559.889622
Emerging Markets,India,Financial,General Financial,2025,25Q1,491607721.312672
Emerging Markets,India,Financial,General Financial,2025,25q2,320319423.646366
Emerging Markets,India,Financial,Insurance,2017,17Q4,42619927.8235426
Emerging Markets,India,Financial,Insurance,2018,18Q2,30629044
Emerging Markets,India,Financial,Insurance,2018,18Q3,16447715.7899594
Emerging Markets,India,Financial,Insurance,2018,18Q4,15658205.752018
Emerging Markets,India,Financial,Insurance,2019,19Q1,47678222.0836566
Emerging Markets,India,Financial,Insurance,2019,19Q2,51749446.1395035
Emerging Markets,India,Financial,Insurance,2019,19q3,31277509.2563517
Emerging Markets,India,Financial,Insurance,2019,19Q4,38474324.479544
Emerging Markets,India,Financial,Insurance,2021,21Q1,25075909.8041889
Emerging Markets,India,Financial,Insurance,2021,21q2,33390232.4667314
Emerging Markets,India,Financial,Insurance,2021,21q3,117896179.649346
Emerging Markets,India,Financial,Insurance,2021,21Q4,26343392.3363717
Emerging Markets,India,Financial,Insurance,2022,22Q2,26262046.1114627
Emerging Markets,India,Financial,Insurance,2022,22Q3,86135416.4748643
Emerging Markets,India,Financial,Insurance,2022,22Q4,27015410.7856505
Emerging Markets,India,Financial,Insurance,2023,23Q1,30442666.6912997
Emerging Markets,India,Financial,Insurance,2023,23Q3,82765051.8258243
Emerging Markets,India,Financial,Insurance,2023,23q4,29500961.8186058
Emerging Markets,India,Financial,Insurance,2024,24q1,32417702.1393866
Emerging Markets,India,Financial,Insurance,2024,24q3,86902112.5280624
Emerging Markets,India,Financial,Insurance,2024,24q4,32247941.3481448
Emerging Markets,India,Financial,Insurance,2025,25Q1,31594527.3042106
Emerging Markets,India,Health,Healthcare,2010,10Q3,9370469.77990364
Emerging Markets,India,Health,Healthcare,2011,11Q3,10543685.5276681
Emerging Markets,India,Health,Healthcare,2012,12Q3,9760088.85852709
Emerging Markets,India,Health,Healthcare,2013,13Q3,12399745.9963721
Emerging Markets,India,Health,Healthcare,2014,14Q3,13242613.0252101
Emerging Markets,India,Health,Healthcare,2015,15Q3,12144444.2690053
Emerging Markets,India,Health,Healthcare,2016,16Q1,12554061.6749827
Emerging Markets,India,Health,Healthcare,2017,17Q3,12738941.4815236
Emerging Markets,India,Health,Healthcare,2018,18Q4,9439893.85468779
Emerging Markets,India,Health,Healthcare,2019,19Q4,11777167.3096044
Emerging Markets,India,Health,Healthcare,2020,20Q1,6167946.41757356
Emerging Markets,India,Health,Healthcare,2020,20Q4,5220278.07596277
Emerging Markets,India,Health,Healthcare,2021,21q3,5868908.95696826
Emerging Markets,India,Health,Healthcare,2022,22Q3,21161023.8494198
Emerging Markets,India,Health,Healthcare,2023,23Q1,10514737.8849884
Emerging Markets,India,Health,Healthcare,2023,23Q3,15585708.8554722
Emerging Markets,India,Health,Healthcare,2024,24q1,10405198.1321768
Emerging Markets,India,Health,Healthcare,2024,24q3,17128180.4749229
Emerging Markets,India,Health,Healthcare,2024,24q4,17361763.2441782
Emerging Markets,India,Health,Healthcare,2025,25Q1,14788644.360779
Emerging Markets,India,Health,Pharmaceuticals,2010,10Q3,227767931.951335
Emerging Markets,India,Health,Pharmaceuticals,2011,11Q3,256760746.524993
Emerging Markets,India,Health,Pharmaceuticals,2012,12Q1,10347626.5210854
Emerging Markets,India,Health,Pharmaceuticals,2012,12Q2,3799241.03615634
Emerging Markets,India,Health,Pharmaceuticals,2012,12Q3,233475504.031121
Emerging Markets,India,Health,Pharmaceuticals,2013,13Q1,9480896.16693744
Emerging Markets,India,Health,Pharmaceuticals,2013,13Q2,26680807.7941215
Emerging Markets,India,Health,Pharmaceuticals,2013,13Q3,123759951.356873
Emerging Markets,India,Health,Pharmaceuticals,2013,13Q4,83703091.1357928
Emerging Markets,India,Health,Pharmaceuticals,2014,14Q1,13495589.3649584
Emerging Markets,India,Health,Pharmaceuticals,2014,14Q3,185088594.460893
Emerging Markets,India,Health,Pharmaceuticals,2015,15Q1,13627642.62179
Emerging Markets,India,Health,Pharmaceuticals,2015,15Q3,171725850.528711
Emerging Markets,India,Health,Pharmaceuticals,2015,15Q4,110226870.39017
Emerging Markets,India,Health,Pharmaceuticals,2016,16Q1,176453820.844847
Emerging Markets,India,Health,Pharmaceuticals,2016,16Q3,136146179.920292
Emerging Markets,India,Health,Pharmaceuticals,2016,16Q4,24155114.7966101
Emerging Markets,India,Health,Pharmaceuticals,2017,17Q1,75465712.0753184
Emerging Markets,India,Health,Pharmaceuticals,2017,17Q3,244570462.286033
Emerging Markets,India,Health,Pharmaceuticals,2017,17Q4,40681724.5780426
Emerging Markets,India,Health,Pharmaceuticals,2018,18Q1,23535565.9938418
Emerging Markets,India,Health,Pharmaceuticals,2018,18Q3,280320048.202153
Emerging Markets,India,Health,Pharmaceuticals,2019,19Q1,31065459.8739139
Emerging Markets,India,Health,Pharmaceuticals,2019,19q3,323249071.867415
Emerging Markets,India,Health,Pharmaceuticals,2020,20Q1,321246826.295745
Emerging Markets,India,Health,Pharmaceuticals,2020,20Q3,124898429.483423
Emerging Markets,India,Health,Pharmaceuticals,2021,21Q1,228243298.108903
Emerging Markets,India,Health,Pharmaceuticals,2021,21q3,370468033.630796
Emerging Markets,India,Health,Pharmaceuticals,2022,22q1,281103631.697848
Emerging Markets,India,Health,Pharmaceuticals,2022,22Q3,407558754.703638
Emerging Markets,India,Health,Pharmaceuticals,2023,23Q1,274569069.007878
Emerging Markets,India,Health,Pharmaceuticals,2023,23Q3,503949564.991019
Emerging Markets,India,Health,Pharmaceuticals,2024,24q1,335425524.425598
Emerging Markets,India,Health,Pharmaceuticals,2024,24q3,546232354.320251
Emerging Markets,India,Health,Pharmaceuticals,2025,25Q1,389263043.0599
Emerging Markets,India,Industrial,Machinery,2010,10Q1,58029604.0142303
Emerging Markets,India,Industrial,Machinery,2010,10Q2,9402478.8576705
Emerging Markets,India,Industrial,Machinery,2010,10Q3,202477512.41265
Emerging Markets,India,Industrial,Machinery,2010,10Q4,35232304.2237081
Emerging Markets,India,Industrial,Machinery,2011,11Q1,89506026.4966947
Emerging Markets,India,Industrial,Machinery,2011,11Q2,18117246.1328805
Emerging Markets,India,Industrial,Machinery,2011,11Q3,259144583.50456
Emerging Markets,India,Industrial,Machinery,2011,11Q4,35498602.0977283
Emerging Markets,India,Industrial,Machinery,2012,12Q1,88127880.4516883
Emerging Markets,India,Industrial,Machinery,2012,12Q2,16791454.7131953
Emerging Markets,India,Industrial,Machinery,2012,12Q3,251686845.925964
Emerging Markets,India,Industrial,Machinery,2012,12Q4,20706387.7099789
Emerging Markets,India,Industrial,Machinery,2013,13Q1,74012312.1003477
Emerging Markets,India,Industrial,Machinery,2013,13Q2,11604000.0513465
Emerging Markets,India,Industrial,Machinery,2013,13Q3,254955532.358708
Emerging Markets,India,Industrial,Machinery,2013,13Q4,25399381.1316447
Emerging Markets,India,Industrial,Machinery,2014,14Q1,62624269.1754662
Emerging Markets,India,Industrial,Machinery,2014,14Q2,20924875.1641715
Emerging Markets,India,Industrial,Machinery,2014,14Q3,305383372.673664
Emerging Markets,India,Industrial,Machinery,2014,14Q4,49403531.5949104
Emerging Markets,India,Industrial,Machinery,2015,15Q1,46352949.6008802
Emerging Markets,India,Industrial,Machinery,2015,15Q2,12202334.8759746
Emerging Markets,India,Industrial,Machinery,2015,15Q3,288613120.546264
Emerging Markets,India,Industrial,Machinery,2016,16Q1,116194873.95377
Emerging Markets,India,Industrial,Machinery,2016,16Q2,11785959.2885627
Emerging Markets,India,Industrial,Machinery,2016,16Q3,436981969.054155
Emerging Markets,India,Industrial,Machinery,2017,17Q1,62661247.2751026
Emerging Markets,India,Industrial,Machinery,2017,17Q2,44073211.396269
Emerging Markets,India,Industrial,Machinery,2017,17Q3,385808582.457497
Emerging Markets,India,Industrial,Machinery,2018,18Q1,120287973.728336
Emerging Markets,India,Industrial,Machinery,2018,18Q2,13855879.6598376
Emerging Markets,India,Industrial,Machinery,2018,18Q3,364662511.397081
Emerging Markets,India,Industrial,Machinery,2018,18Q4,13312897.6561035
Emerging Markets,India,Industrial,Machinery,2019,19Q1,122251218.813663
Emerging Markets,India,Industrial,Machinery,2019,19Q2,110352641.061024
Emerging Markets,India,Industrial,Machinery,2019,19q3,449241100.404051
Emerging Markets,India,Industrial,Machinery,2020,20Q1,357520567.93883
Emerging Markets,India,Industrial,Machinery,2020,20Q2,13398451.190082
Emerging Markets,India,Industrial,Machinery,2020,20Q3,190004876.390385
Emerging Markets,India,Industrial,Machinery,2020,20Q4,386836696.169269
Emerging Markets,India,Industrial,Machinery,2021,21Q1,318558398.246181
Emerging Markets,India,Industrial,Machinery,2021,21q2,14304118.3414763
Emerging Markets,India,Industrial,Machinery,2021,21q3,434833825.847421
Emerging Markets,India,Industrial,Machinery,2021,21Q4,126235360.673204
Emerging Markets,India,Industrial,Machinery,2022,22q1,276704065.332718
Emerging Markets,India,Industrial,Machinery,2022,22Q2,40737238.1298654
Emerging Markets,India,Industrial,Machinery,2022,22Q3,561155885.773922
Emerging Markets,India,Industrial,Machinery,2022,22Q4,81759830.328
Emerging Markets,India,Industrial,Machinery,2023,23Q1,321558036.365683
Emerging Markets,India,Industrial,Machinery,2023,23Q2,50776631.9606865
Emerging Markets,India,Industrial,Machinery,2023,23Q3,730272476.551628
Emerging Markets,India,Industrial,Machinery,2024,24q1,450202875.014054
Emerging Markets,India,Industrial,Machinery,2024,24q2,78150776.1272976
Emerging Markets,India,Industrial,Machinery,2024,24q3,826592705.601746
Emerging Markets,India,Industrial,Machinery,2025,25Q1,477266462.183212
Emerging Markets,India,Industrial,Machinery,2025,25q2,100481715.139367
Emerging Markets,India,Industrial,Transport,2010,10Q3,12813522.3479487
Emerging Markets,India,Industrial,Transport,2011,11Q1,22010482.6071806
Emerging Markets,India,Industrial,Transport,2011,11Q2,17746819.8166969
Emerging Markets,India,Industrial,Transport,2012,12Q1,12193512.5428989
Emerging Markets,India,Industrial,Transport,2012,12Q3,25304509.4648044
Emerging Markets,India,Industrial,Transport,2013,13Q3,34010538.2463792
Emerging Markets,India,Industrial,Transport,2014,14Q3,7163089.76191319
Emerging Markets,India,Industrial,Transport,2015,15Q3,34950985.1574053
Emerging Markets,India,Industrial,Transport,2016,16Q1,34319563.0336048
Emerging Markets,India,Industrial,Transport,2016,16Q3,81271465.9465146
Emerging Markets,India,Industrial,Transport,2017,17Q3,192084907.018048
Emerging Markets,India,Industrial,Transport,2018,18Q3,93814162.7330559
Emerging Markets,India,Industrial,Transport,2019,19q3,32706390.5114683
Emerging Markets,India,Industrial,Transport,2020,20Q1,86466147.1620462
Emerging Markets,India,Industrial,Transport,2021,21q3,136906285.234691
Emerging Markets,India,Industrial,Transport,2022,22Q3,134170047.29372
Emerging Markets,India,Industrial,Transport,2023,23Q3,130213175.6046
Emerging Markets,India,Industrial,Transport,2024,24q2,155324198.962154
Emerging Markets,India,Industrial,Transport,2025,25q2,176433035.690054
Emerging Markets,India,Media & Telecommunications,Media,2010,10Q3,10353476.384127
Emerging Markets,India,Media & Telecommunications,Media,2011,11Q3,926728.913845584
Emerging Markets,India,Media & Telecommunications,Media,2012,12Q3,979114.187522832
Emerging Markets,India,Media & Telecommunications,Media,2013,13Q3,1847707.15397606
Emerging Markets,India,Media & Telecommunications,Media,2013,13Q4,1776601.04683763
Emerging Markets,India,Media & Telecommunications,Media,2014,14Q3,2740471.9356888
Emerging Markets,India,Media & Telecommunications,Media,2014,14Q4,1949935.43633886
Emerging Markets,India,Media & Telecommunications,Media,2015,15Q3,3756067.79383001
Emerging Markets,India,Media & Telecommunications,Media,2015,15Q4,1812418.89101619
Emerging Markets,India,Media & Telecommunications,Media,2016,16Q1,3651814.79401703
Emerging Markets,India,Media & Telecommunications,Media,2016,16Q3,1803709.24579082
Emerging Markets,India,Media & Telecommunications,Media,2016,16Q4,2705700.32255949
Emerging Markets,India,Media & Telecommunications,Media,2017,17Q1,2729019.39195351
Emerging Markets,India,Media & Telecommunications,Media,2017,17Q3,2836350.11700233
Emerging Markets,India,Media & Telecommunications,Media,2017,17Q4,4656683.61365128
Emerging Markets,India,Media & Telecommunications,Media,2018,18Q1,2841215.94323295
Emerging Markets,India,Media & Telecommunications,Media,2018,18Q3,2663425.21370243
Emerging Markets,India,Media & Telecommunications,Media,2018,18Q4,4263980.90729938
Emerging Markets,India,Media & Telecommunications,Media,2019,19Q1,2576426.0779932
Emerging Markets,India,Media & Telecommunications,Media,2019,19q3,3425172.43107194
Emerging Markets,India,Media & Telecommunications,Media,2019,19Q4,4285440.35532183
Emerging Markets,India,Media & Telecommunications,Media,2020,20Q1,5983799.74576446
Emerging Markets,India,Media & Telecommunications,Media,2021,21q3,13864870.5418301
Emerging Markets,India,Media & Telecommunications,Media,2022,22q1,13766342.4478464
Emerging Markets,India,Media & Telecommunications,Media,2022,22Q3,8087159.216865
Emerging Markets,India,Media & Telecommunications,Media,2022,22Q4,15636806.7799776
Emerging Markets,India,Media & Telecommunications,Media,2023,23Q3,14001590.8754842
Emerging Markets,India,Media & Telecommunications,Media,2023,23q4,15527414.118024
Emerging Markets,India,Media & Telecommunications,Media,2024,24q3,18487021.5216936
Emerging Markets,India,Media & Telecommunications,Media,2024,24q4,18350087.9379283
Emerging Markets,India,Media & Telecommunications,Telecoms,2010,10Q3,81126472.1470539
Emerging Markets,India,Media & Telecommunications,Telecoms,2011,11Q3,82465367.3330006
Emerging Markets,India,Media & Telecommunications,Telecoms,2012,12Q3,68135463.4663465
Emerging Markets,India,Media & Telecommunications,Telecoms,2013,13Q3,151415032.928071
Emerging Markets,India,Media & Telecommunications,Telecoms,2014,14Q3,226610736.202252
Emerging Markets,India,Media & Telecommunications,Telecoms,2016,16Q3,163912715.399085
Emerging Markets,India,Media & Telecommunications,Telecoms,2017,17Q2,341913253.483812
Emerging Markets,India,Media & Telecommunications,Telecoms,2017,17Q3,177057024.469683
Emerging Markets,India,Media & Telecommunications,Telecoms,2018,18Q1,177239236.569428
Emerging Markets,India,Media & Telecommunications,Telecoms,2018,18Q3,145111999.737271
Emerging Markets,India,Media & Telecommunications,Telecoms,2018,18Q4,189872195.728078
Emerging Markets,India,Media & Telecommunications,Telecoms,2019,19Q1,137879413.782173
Emerging Markets,India,Media & Telecommunications,Telecoms,2019,19Q2,198466479.051467
Emerging Markets,India,Media & Telecommunications,Telecoms,2019,19q3,93742078.3593718
Emerging Markets,India,Media & Telecommunications,Telecoms,2019,19Q4,71456085.0692746
Emerging Markets,India,Media & Telecommunications,Telecoms,2020,20Q2,99891572.4383407
Emerging Markets,India,Media & Telecommunications,Telecoms,2020,20Q3,205483662.702322
Emerging Markets,India,Media & Telecommunications,Telecoms,2021,21Q1,661017892.269298
Emerging Markets,India,Media & Telecommunications,Telecoms,2022,22Q2,382143509.386079
Emerging Markets,India,Media & Telecommunications,Telecoms,2022,22Q3,224885078.348261
Emerging Markets,India,Media & Telecommunications,Telecoms,2023,23Q3,289630158.455901
Emerging Markets,India,Media & Telecommunications,Telecoms,2024,24q3,580015974.523018
Emerging Markets,India,Mining & Chemicals,Mining & Chemicals,2010,10Q1,40093113.3882235
Emerging Markets,India,Mining & Chemicals,Mining & Chemicals,2010,10Q2,9530267.20491006
Emerging Markets,India,Mining & Chemicals,Mining & Chemicals,2010,10Q3,511140204.411599
Emerging Markets,India,Mining & Chemicals,Mining & Chemicals,2010,10Q4,27803662.1893514
Emerging Markets,India,Mining & Chemicals,Mining & Chemicals,2011,11Q1,13994033.285175
Emerging Markets,India,Mining & Chemicals,Mining & Chemicals,2011,11Q2,98367481.0426389
Emerging Markets,India,Mining & Chemicals,Mining & Chemicals,2011,11Q3,552563090.805643
Emerging Markets,India,Mining & Chemicals,Mining & Chemicals,2011,11Q4,63894471.8951259
Emerging Markets,India,Mining & Chemicals,Mining & Chemicals,2012,12Q1,47403433.3204762
Emerging Markets,India,Mining & Chemicals,Mining & Chemicals,2012,12Q2,140387313.949399
Emerging Markets,India,Mining & Chemicals,Mining & Chemicals,2012,12Q3,462703420.9377
Emerging Markets,India,Mining & Chemicals,Mining & Chemicals,2012,12Q4,29007584.0388229
Emerging Markets,India,Mining & Chemicals,Mining & Chemicals,2013,13Q1,5285391.9410625
Emerging Markets,India,Mining & Chemicals,Mining & Chemicals,2013,13Q2,125851348.087676
Emerging Markets,India,Mining & Chemicals,Mining & Chemicals,2013,13Q3,308131093.415181
Emerging Markets,India,Mining & Chemicals,Mining & Chemicals,2013,13Q4,123882586.918109
Emerging Markets,India,Mining & Chemicals,Mining & Chemicals,2014,14Q1,12055365.0876172
Emerging Markets,India,Mining & Chemicals,Mining & Chemicals,2014,14Q2,123330131.709818
Emerging Markets,India,Mining & Chemicals,Mining & Chemicals,2014,14Q3,498681305.115674
Emerging Markets,India,Mining & Chemicals,Mining & Chemicals,2014,14Q4,2338433.1425034
Emerging Markets,India,Mining & Chemicals,Mining & Chemicals,2015,15Q1,4609496.671075
Emerging Markets,India,Mining & Chemicals,Mining & Chemicals,2015,15Q2,79353332.0019395
Emerging Markets,India,Mining & Chemicals,Mining & Chemicals,2015,15Q3,497586731.708442
Emerging Markets,India,Mining & Chemicals,Mining & Chemicals,2015,15Q4,42102884.0486589
Emerging Markets,India,Mining & Chemicals,Mining & Chemicals,2016,16Q1,48353654.9904366
Emerging Markets,India,Mining & Chemicals,Mining & Chemicals,2016,16Q2,103158969.944954
Emerging Markets,India,Mining & Chemicals,Mining & Chemicals,2016,16Q3,299039662.448844
Emerging Markets,India,Mining & Chemicals,Mining & Chemicals,2016,16Q4,38082510.9303656
Emerging Markets,India,Mining & Chemicals,Mining & Chemicals,2017,17Q1,872395169.215987
Emerging Markets,India,Mining & Chemicals,Mining & Chemicals,2017,17Q2,150547474.070164
Emerging Markets,India,Mining & Chemicals,Mining & Chemicals,2017,17Q3,360651813.486184
Emerging Markets,India,Mining & Chemicals,Mining & Chemicals,2017,17Q4,39356274.5661632
Emerging Markets,India,Mining & Chemicals,Mining & Chemicals,2018,18Q1,1229459497.63566
Emerging Markets,India,Mining & Chemicals,Mining & Chemicals,2018,18Q2,142738637.740562
Emerging Markets,India,Mining & Chemicals,Mining & Chemicals,2018,18Q3,493500500.61278
Emerging Markets,India,Mining & Chemicals,Mining & Chemicals,2018,18Q4,928023037.041216
Emerging Markets,India,Mining & Chemicals,Mining & Chemicals,2019,19Q1,117361038.06191
Emerging Markets,India,Mining & Chemicals,Mining & Chemicals,2019,19Q2,149278166.508087
Emerging Markets,India,Mining & Chemicals,Mining & Chemicals,2019,19q3,596518841.606572
Emerging Markets,India,Mining & Chemicals,Mining & Chemicals,2019,19Q4,45373757.2510711
Emerging Markets,India,Mining & Chemicals,Mining & Chemicals,2020,20Q1,395786946.789867
Emerging Markets,India,Mining & Chemicals,Mining & Chemicals,2020,20Q2,39318071.9329073
Emerging Markets,India,Mining & Chemicals,Mining & Chemicals,2020,20Q3,373469891.439529
Emerging Markets,India,Mining & Chemicals,Mining & Chemicals,2020,20Q4,972368957.403948
Emerging Markets,India,Mining & Chemicals,Mining & Chemicals,2021,21Q1,15494005.7864313
Emerging Markets,India,Mining & Chemicals,Mining & Chemicals,2021,21q2,26469306.1654956
Emerging Markets,India,Mining & Chemicals,Mining & Chemicals,2021,21q3,2155765419.06216
Emerging Markets,India,Mining & Chemicals,Mining & Chemicals,2021,21Q4,47074821.5366842
Emerging Markets,India,Mining & Chemicals,Mining & Chemicals,2022,22q1,1359594978.82734
Emerging Markets,India,Mining & Chemicals,Mining & Chemicals,2022,22Q2,2593182462.20953
Emerging Markets,India,Mining & Chemicals,Mining & Chemicals,2022,22Q3,1932441508.04879
Emerging Markets,India,Mining & Chemicals,Mining & Chemicals,2022,22Q4,76379152.6892496
Emerging Markets,India,Mining & Chemicals,Mining & Chemicals,2023,23Q1,1379921236.42241
Emerging Markets,India,Mining & Chemicals,Mining & Chemicals,2023,23Q2,2045238696.24651
Emerging Markets,India,Mining & Chemicals,Mining & Chemicals,2023,23Q3,1091578256.5623
Emerging Markets,India,Mining & Chemicals,Mining & Chemicals,2023,23q4,59283462.0879909
Emerging Markets,India,Mining & Chemicals,Mining & Chemicals,2024,24q1,527029494.112868
Emerging Markets,India,Mining & Chemicals,Mining & Chemicals,2024,24q2,813919415.937241
Emerging Markets,India,Mining & Chemicals,Mining & Chemicals,2024,24q3,2514096736.62508
Emerging Markets,India,Mining & Chemicals,Mining & Chemicals,2024,24q4,48245817.9682183
Emerging Markets,India,Mining & Chemicals,Mining & Chemicals,2025,25Q1,420277594.292655
Emerging Markets,India,Mining & Chemicals,Mining & Chemicals,2025,25q2,229845071.102289
Emerging Markets,India,"Oil, Gas & Energy","Oil, Gas & Energy",2010,10Q2,500330235.555753
Emerging Markets,India,"Oil, Gas & Energy","Oil, Gas & Energy",2010,10Q3,1602286363.1745
Emerging Markets,India,"Oil, Gas & Energy","Oil, Gas & Energy",2010,10Q4,1517940107.56547
Emerging Markets,India,"Oil, Gas & Energy","Oil, Gas & Energy",2011,11Q1,487750142.169877
Emerging Markets,India,"Oil, Gas & Energy","Oil, Gas & Energy",2011,11Q2,584489249.373919
Emerging Markets,India,"Oil, Gas & Energy","Oil, Gas & Energy",2011,11Q3,343104585.003572
Emerging Markets,India,"Oil, Gas & Energy","Oil, Gas & Energy",2011,11Q4,518833911.117853
Emerging Markets,India,"Oil, Gas & Energy","Oil, Gas & Energy",2012,12Q1,2460021127.73556
Emerging Markets,India,"Oil, Gas & Energy","Oil, Gas & Energy",2012,12Q2,498301673.537348
Emerging Markets,India,"Oil, Gas & Energy","Oil, Gas & Energy",2012,12Q3,734835749.035865
Emerging Markets,India,"Oil, Gas & Energy","Oil, Gas & Energy",2013,13Q1,1914613270.49552
Emerging Markets,India,"Oil, Gas & Energy","Oil, Gas & Energy",2013,13Q2,1139636677.34706
Emerging Markets,India,"Oil, Gas & Energy","Oil, Gas & Energy",2013,13Q3,482818691.87572
Emerging Markets,India,"Oil, Gas & Energy","Oil, Gas & Energy",2013,13Q4,887557493.963624
Emerging Markets,India,"Oil, Gas & Energy","Oil, Gas & Energy",2014,14Q1,3540091759.74329
Emerging Markets,India,"Oil, Gas & Energy","Oil, Gas & Energy",2014,14Q2,510795808.862214
Emerging Markets,India,"Oil, Gas & Energy","Oil, Gas & Energy",2014,14Q3,667688564.291931
Emerging Markets,India,"Oil, Gas & Energy","Oil, Gas & Energy",2014,14Q4,676269871.526566
Emerging Markets,India,"Oil, Gas & Energy","Oil, Gas & Energy",2015,15Q1,2633014073.99225
Emerging Markets,India,"Oil, Gas & Energy","Oil, Gas & Energy",2015,15Q2,504634825.440332
Emerging Markets,India,"Oil, Gas & Energy","Oil, Gas & Energy",2015,15Q3,434987565.70197
Emerging Markets,India,"Oil, Gas & Energy","Oil, Gas & Energy",2015,15Q4,583306767.153913
Emerging Markets,India,"Oil, Gas & Energy","Oil, Gas & Energy",2016,16Q1,3671037446.11823
Emerging Markets,India,"Oil, Gas & Energy","Oil, Gas & Energy",2016,16Q3,966747444.422234
Emerging Markets,India,"Oil, Gas & Energy","Oil, Gas & Energy",2016,16Q4,576904689.619372
Emerging Markets,India,"Oil, Gas & Energy","Oil, Gas & Energy",2017,17Q1,4175836128.97086
Emerging Markets,India,"Oil, Gas & Energy","Oil, Gas & Energy",2017,17Q2,268685307.070835
Emerging Markets,India,"Oil, Gas & Energy","Oil, Gas & Energy",2017,17Q3,649203439.704015
Emerging Markets,India,"Oil, Gas & Energy","Oil, Gas & Energy",2017,17Q4,591030193.082293
Emerging Markets,India,"Oil, Gas & Energy","Oil, Gas & Energy",2018,18Q1,4266079043.31402
Emerging Markets,India,"Oil, Gas & Energy","Oil, Gas & Energy",2018,18Q3,877151978.270568
Emerging Markets,India,"Oil, Gas & Energy","Oil, Gas & Energy",2018,18Q4,935760676.906909
Emerging Markets,India,"Oil, Gas & Energy","Oil, Gas & Energy",2019,19Q1,2789672494.85098
Emerging Markets,India,"Oil, Gas & Energy","Oil, Gas & Energy",2019,19Q2,183025814.884509
Emerging Markets,India,"Oil, Gas & Energy","Oil, Gas & Energy",2019,19q3,1038814015.30577
Emerging Markets,India,"Oil, Gas & Energy","Oil, Gas & Energy",2020,20Q1,1996857487.88612
Emerging Markets,India,"Oil, Gas & Energy","Oil, Gas & Energy",2020,20Q2,824665922.088494
Emerging Markets,India,"Oil, Gas & Energy","Oil, Gas & Energy",2020,20Q3,786855060.196039
Emerging Markets,India,"Oil, Gas & Energy","Oil, Gas & Energy",2020,20Q4,624126413.391258
Emerging Markets,India,"Oil, Gas & Energy","Oil, Gas & Energy",2021,21Q1,2177079623.46288
Emerging Markets,India,"Oil, Gas & Energy","Oil, Gas & Energy",2021,21q2,1160950261.39366
Emerging Markets,India,"Oil, Gas & Energy","Oil, Gas & Energy",2021,21q3,1237227302.8363
Emerging Markets,India,"Oil, Gas & Energy","Oil, Gas & Energy",2021,21Q4,4107748768.44766
Emerging Markets,India,"Oil, Gas & Energy","Oil, Gas & Energy",2022,22q1,1338203223.52795
Emerging Markets,India,"Oil, Gas & Energy","Oil, Gas & Energy",2022,22Q3,2257695418.2191
Emerging Markets,India,"Oil, Gas & Energy","Oil, Gas & Energy",2022,22Q4,2181020063.03016
Emerging Markets,India,"Oil, Gas & Energy","Oil, Gas & Energy",2023,23Q1,1005163419.95344
Emerging Markets,India,"Oil, Gas & Energy","Oil, Gas & Energy",2023,23Q3,1651364781.37845
Emerging Markets,India,"Oil, Gas & Energy","Oil, Gas & Energy",2023,23q4,2841590953.43542
Emerging Markets,India,"Oil, Gas & Energy","Oil, Gas & Energy",2024,24q1,1801754784.10543
Emerging Markets,India,"Oil, Gas & Energy","Oil, Gas & Energy",2024,24q3,3548911734.66118
Emerging Markets,India,"Oil, Gas & Energy","Oil, Gas & Energy",2024,24q4,2042056034.51806
Emerging Markets,India,"Oil, Gas & Energy","Oil, Gas & Energy",2025,25Q1,1370001082.23523
Emerging Markets,India,Property,Property,2010,10Q3,75182919.1313848
Emerging Markets,India,Property,Property,2011,11Q3,75097181.022972
Emerging Markets,India,Property,Property,2012,12Q3,62428166.7415991
Emerging Markets,India,Property,Property,2013,13Q3,56550236.0439066
Emerging Markets,India,Property,Property,2014,14Q3,58990443.4607638
Emerging Markets,India,Property,Property,2015,15Q3,53623053.8090977
Emerging Markets,India,Property,Property,2016,16Q1,53741345.9967035
Emerging Markets,India,Property,Property,2017,17Q4,54610859.4089344
Emerging Markets,India,Property,Property,2018,18Q1,32824668.1714548
Emerging Markets,India,Property,Property,2018,18Q4,19490852.8830182
Emerging Markets,India,Property,Property,2019,19q3,71142423.8279346
Emerging Markets,India,Property,Property,2020,20Q1,41624439.6574749
Emerging Markets,India,Property,Property,2020,20Q3,26811758.5564043
Emerging Markets,India,Property,Property,2021,21q3,67420777.8260933
Emerging Markets,India,Property,Property,2022,22Q3,93223303.283852
Emerging Markets,India,Property,Property,2023,23Q3,131109188.30077
Emerging Markets,India,Property,Property,2024,24q3,174097461.246872
Emerging Markets,India,Technology,Software & IT Services,2010,10Q1,98647920.2610106
Emerging Markets,India,Technology,Software & IT Services,2010,10Q2,200177893.044517
Emerging Markets,India,Technology,Software & IT Services,2010,10Q3,867800740.690699
Emerging Markets,India,Technology,Software & IT Services,2010,10Q4,640469915.970802
Emerging Markets,India,Technology,Software & IT Services,2011,11Q1,227100509.276516
Emerging Markets,India,Technology,Software & IT Services,2011,11Q2,286789769.680274
Emerging Markets,India,Technology,Software & IT Services,2011,11Q3,715213335.562945
Emerging Markets,India,Technology,Software & IT Services,2011,11Q4,373651977.145266
Emerging Markets,India,Technology,Software & IT Services,2012,12Q1,250695727.145197
Emerging Markets,India,Technology,Software & IT Services,2012,12Q2,355662383.694156
Emerging Markets,India,Technology,Software & IT Services,2012,12Q3,865675655.745063
Emerging Markets,India,Technology,Software & IT Services,2012,12Q4,344998541.6341
Emerging Markets,India,Technology,Software & IT Services,2013,13Q1,232955320.791357
Emerging Markets,India,Technology,Software & IT Services,2013,13Q2,294153404.559312
Emerging Markets,India,Technology,Software & IT Services,2013,13Q3,753659458.778039
Emerging Markets,India,Technology,Software & IT Services,2013,13Q4,420974495.094054
Emerging Markets,India,Technology,Software & IT Services,2014,14Q1,293405226.093553
Emerging Markets,India,Technology,Software & IT Services,2014,14Q2,457496647.269931
Emerging Markets,India,Technology,Software & IT Services,2014,14Q3,999594052.023362
Emerging Markets,India,Technology,Software & IT Services,2014,14Q4,349360556.768753
Emerging Markets,India,Technology,Software & IT Services,2015,15Q1,447354841.150114
Emerging Markets,India,Technology,Software & IT Services,2015,15Q2,621383743.025491
Emerging Markets,India,Technology,Software & IT Services,2015,15Q3,1382812631.25492
Emerging Markets,India,Technology,Software & IT Services,2015,15Q4,625489081.180736
Emerging Markets,India,Technology,Software & IT Services,2016,16Q1,476134997.532686
Emerging Markets,India,Technology,Software & IT Services,2016,16Q2,1396233985.58621
Emerging Markets,India,Technology,Software & IT Services,2016,16Q3,354385884.912511
Emerging Markets,India,Technology,Software & IT Services,2016,16Q4,726339607.423005
Emerging Markets,India,Technology,Software & IT Services,2017,17Q1,396054552.324933
Emerging Markets,India,Technology,Software & IT Services,2017,17Q2,1474163709.28223
Emerging Markets,India,Technology,Software & IT Services,2017,17Q3,420223803.651729
Emerging Markets,India,Technology,Software & IT Services,2017,17Q4,733730697.784257
Emerging Markets,India,Technology,Software & IT Services,2018,18Q1,333485562.675698
Emerging Markets,India,Technology,Software & IT Services,2018,18Q2,1510821046.86359
Emerging Markets,India,Technology,Software & IT Services,2018,18Q3,819704081.080895
Emerging Markets,India,Technology,Software & IT Services,2018,18Q4,685580811.313884
Emerging Markets,India,Technology,Software & IT Services,2019,19Q1,566891848.552232
Emerging Markets,India,Technology,Software & IT Services,2019,19Q2,1666714407.4718
Emerging Markets,India,Technology,Software & IT Services,2019,19q3,543129759.62275
Emerging Markets,India,Technology,Software & IT Services,2019,19Q4,2926508862.15487
Emerging Markets,India,Technology,Software & IT Services,2020,20Q1,1155515529.96075
Emerging Markets,India,Technology,Software & IT Services,2020,20Q2,296131191.542889
Emerging Markets,India,Technology,Software & IT Services,2020,20Q3,965908200.085694
Emerging Markets,India,Technology,Software & IT Services,2020,20Q4,1742454361.74591
Emerging Markets,India,Technology,Software & IT Services,2021,21Q1,542693720.377302
Emerging Markets,India,Technology,Software & IT Services,2021,21q2,2212056041.83898
Emerging Markets,India,Technology,Software & IT Services,2021,21q3,1047676325.09482
Emerging Markets,India,Technology,Software & IT Services,2021,21Q4,1793374263.70413
Emerging Markets,India,Technology,Software & IT Services,2022,22q1,803652954.446632
Emerging Markets,India,Technology,Software & IT Services,2022,22Q2,2876527912.97064
Emerging Markets,India,Technology,Software & IT Services,2022,22Q3,1157228596.23331
Emerging Markets,India,Technology,Software & IT Services,2022,22Q4,1748415162.72484
Emerging Markets,India,Technology,Software & IT Services,2023,23Q1,3847970925.74125
Emerging Markets,India,Technology,Software & IT Services,2023,23Q2,595355902.572594
Emerging Markets,India,Technology,Software & IT Services,2023,23Q3,3227320507.77735
Emerging Markets,India,Technology,Software & IT Services,2023,23q4,1895914973.14367
Emerging Markets,India,Technology,Software & IT Services,2024,24q1,1660766798.00706
Emerging Markets,India,Technology,Software & IT Services,2024,24q2,1957648120.08825
Emerging Markets,India,Technology,Software & IT Services,2024,24q3,2558108170.32253
Emerging Markets,India,Technology,Software & IT Services,2024,24q4,2094914185.08443
Emerging Markets,India,Technology,Software & IT Services,2025,25Q1,4473952571.32893
Emerging Markets,India,Technology,Software & IT Services,2025,25q2,1996705808.80433
Emerging Markets,India,Utilities,Utilities,2010,10Q1,738793065.807695
Emerging Markets,India,Utilities,Utilities,2010,10Q3,771945161.372396
Emerging Markets,India,Utilities,Utilities,2011,11Q1,746452881.112627
Emerging Markets,India,Utilities,Utilities,2011,11Q3,558756132.204376
Emerging Markets,India,Utilities,Utilities,2011,11Q4,117732816.167019
Emerging Markets,India,Utilities,Utilities,2012,12Q1,838104463.076387
Emerging Markets,India,Utilities,Utilities,2012,12Q3,449314845.589973
Emerging Markets,India,Utilities,Utilities,2012,12Q4,115588717.623059
Emerging Markets,India,Utilities,Utilities,2013,13Q1,897709129.479245
Emerging Markets,India,Utilities,Utilities,2013,13Q3,527886378.919794
Emerging Markets,India,Utilities,Utilities,2013,13Q4,201028743.826389
Emerging Markets,India,Utilities,Utilities,2014,14Q1,824085158.036019
Emerging Markets,India,Utilities,Utilities,2014,14Q3,390400625.703759
Emerging Markets,India,Utilities,Utilities,2014,14Q4,287645007.521933
Emerging Markets,India,Utilities,Utilities,2015,15Q1,235367738.362148
Emerging Markets,India,Utilities,Utilities,2015,15Q3,432176391.263761
Emerging Markets,India,Utilities,Utilities,2015,15Q4,163315649.044214
Emerging Markets,India,Utilities,Utilities,2016,16Q1,439904684.476999
Emerging Markets,India,Utilities,Utilities,2016,16Q3,453107763.404999
Emerging Markets,India,Utilities,Utilities,2016,16Q4,175655228.442813
Emerging Markets,India,Utilities,Utilities,2017,17Q1,732799537.263199
Emerging Markets,India,Utilities,Utilities,2017,17Q3,389763373.420579
Emerging Markets,India,Utilities,Utilities,2017,17Q4,355611869.175742
Emerging Markets,India,Utilities,Utilities,2018,18Q1,994384808.397619
Emerging Markets,India,Utilities,Utilities,2018,18Q3,571159680.463491
Emerging Markets,India,Utilities,Utilities,2018,18Q4,83168814.0185073
Emerging Markets,India,Utilities,Utilities,2019,19Q1,1230582369.47014
Emerging Markets,India,Utilities,Utilities,2019,19Q2,50631129.0747703
Emerging Markets,India,Utilities,Utilities,2019,19q3,546079366.302639
Emerging Markets,India,Utilities,Utilities,2020,20Q1,641781291.990155
Emerging Markets,India,Utilities,Utilities,2020,20Q3,77822232.8870837
Emerging Markets,India,Utilities,Utilities,2020,20Q4,691123344.046909
Emerging Markets,India,Utilities,Utilities,2021,21Q1,1516660190.65692
Emerging Markets,India,Utilities,Utilities,2021,21q3,110697686.523653
Emerging Markets,India,Utilities,Utilities,2021,21Q4,733376708.710415
Emerging Markets,India,Utilities,Utilities,2022,22q1,2385532772.03073
Emerging Markets,India,Utilities,Utilities,2022,22Q2,42116862.1485476
Emerging Markets,India,Utilities,Utilities,2022,22Q3,750984830.039797
Emerging Markets,India,Utilities,Utilities,2022,22Q4,428276901.81707
Emerging Markets,India,Utilities,Utilities,2023,23Q1,1409196705.14835
Emerging Markets,India,Utilities,Utilities,2023,23Q2,77895923.5699751
Emerging Markets,India,Utilities,Utilities,2023,23Q3,844492324.002822
Emerging Markets,India,Utilities,Utilities,2023,23q4,708234723.425664
Emerging Markets,India,Utilities,Utilities,2024,24q1,1490533238.97641
Emerging Markets,India,Utilities,Utilities,2024,24q3,858203954.400521
Emerging Markets,India,Utilities,Utilities,2024,24q4,781128905.482982
Emerging Markets,India,Utilities,Utilities,2025,25Q1,1277373625.56705
Emerging Markets,Indonesia,Financial,Banks,2010,10Q2,501502550.983709
Emerging Markets,Indonesia,Financial,Banks,2010,10Q3,180221992.736396
Emerging Markets,Indonesia,Financial,Banks,2010,10Q4,225038361.855006
Emerging Markets,Indonesia,Financial,Banks,2011,11Q2,874376442.362297
Emerging Markets,Indonesia,Financial,Banks,2011,11Q4,118442017.67835
Emerging Markets,Indonesia,Financial,Banks,2012,12Q2,883599759.49638
Emerging Markets,Indonesia,Financial,Banks,2012,12Q4,109999273.355829
Emerging Markets,Indonesia,Financial,Banks,2013,13Q2,1428568135.18638
Emerging Markets,Indonesia,Financial,Banks,2013,13Q4,90606777.1765116
Emerging Markets,Indonesia,Financial,Banks,2014,14Q2,1417069648.26036
Emerging Markets,Indonesia,Financial,Banks,2014,14Q4,98025933.9673037
Emerging Markets,Indonesia,Financial,Banks,2015,15Q2,1330625151.08156
Emerging Markets,Indonesia,Financial,Banks,2015,15Q4,96771688.2095011
Emerging Markets,Indonesia,Financial,Banks,2016,16Q2,1400601990.26681
Emerging Markets,Indonesia,Financial,Banks,2016,16Q4,127009273.021011
Emerging Markets,Indonesia,Financial,Banks,2017,17Q2,1786549131.94999
Emerging Markets,Indonesia,Financial,Banks,2017,17Q4,143817101.507719
Emerging Markets,Indonesia,Financial,Banks,2018,18Q2,2245985875.23378
Emerging Markets,Indonesia,Financial,Banks,2018,18Q4,142543383.901654
Emerging Markets,Indonesia,Financial,Banks,2019,19Q2,2607400639.87569
Emerging Markets,Indonesia,Financial,Banks,2019,19Q4,174626787.127865
Emerging Markets,Indonesia,Financial,Banks,2020,20Q1,2605579609.92926
Emerging Markets,Indonesia,Financial,Banks,2020,20Q2,744984032.922114
Emerging Markets,Indonesia,Financial,Banks,2020,20Q4,168393464.476672
Emerging Markets,Indonesia,Financial,Banks,2021,21q2,2313670472.54895
Emerging Markets,Indonesia,Financial,Banks,2021,21Q4,212210567.554986
Emerging Markets,Indonesia,Financial,Banks,2022,22Q2,4189651808.05323
Emerging Markets,Indonesia,Financial,Banks,2022,22Q4,273768987.171132
Emerging Markets,Indonesia,Financial,Banks,2023,23Q1,570735699.159595
Emerging Markets,Indonesia,Financial,Banks,2023,23Q2,5879718326.92529
Emerging Markets,Indonesia,Financial,Banks,2023,23q4,334416345.766224
Emerging Markets,Indonesia,Financial,Banks,2024,24q1,806891629.409999
Emerging Markets,Indonesia,Financial,Banks,2024,24q2,6685255540.64881
Emerging Markets,Indonesia,Financial,Banks,2024,24q4,383419071.916155
Emerging Markets,Indonesia,Financial,Banks,2025,25Q1,1241167930.70244
Emerging Markets,Indonesia,Financial,Banks,2025,25q2,7045524522.33161
Emerging Markets,Indonesia,Industrial,Machinery,2010,10Q3,370875797.996108
Emerging Markets,Indonesia,Industrial,Machinery,2010,10Q4,212180317.862737
Emerging Markets,Indonesia,Industrial,Machinery,2011,11Q2,532554301.536529
Emerging Markets,Indonesia,Industrial,Machinery,2011,11Q4,270944033.198759
Emerging Markets,Indonesia,Industrial,Machinery,2012,12Q2,600078414.789761
Emerging Markets,Indonesia,Industrial,Machinery,2012,12Q4,278179538.820154
Emerging Markets,Indonesia,Industrial,Machinery,2013,13Q2,619330229.222065
Emerging Markets,Indonesia,Industrial,Machinery,2013,13Q4,229846742.268051
Emerging Markets,Indonesia,Industrial,Machinery,2014,14Q2,522013927.77482
Emerging Markets,Indonesia,Industrial,Machinery,2014,14Q4,214393668.686191
Emerging Markets,Indonesia,Industrial,Machinery,2015,15Q2,465328168.12392
Emerging Markets,Indonesia,Industrial,Machinery,2015,15Q4,188885858.888373
Emerging Markets,Indonesia,Industrial,Machinery,2016,16Q2,336791672.195408
Emerging Markets,Indonesia,Industrial,Machinery,2016,16Q4,170725005.609875
Emerging Markets,Indonesia,Industrial,Machinery,2017,17Q2,343055225.597392
Emerging Markets,Indonesia,Industrial,Machinery,2017,17Q4,163521869.220646
Emerging Markets,Indonesia,Industrial,Machinery,2018,18Q2,372723932.517444
Emerging Markets,Indonesia,Industrial,Machinery,2018,18Q4,159777208.365148
Emerging Markets,Indonesia,Industrial,Machinery,2019,19Q2,433540374.589059
Emerging Markets,Indonesia,Industrial,Machinery,2019,19Q4,164508634.088766
Emerging Markets,Indonesia,Industrial,Machinery,2020,20Q3,440008179.584782
Emerging Markets,Indonesia,Industrial,Machinery,2020,20Q4,74738864.738209
Emerging Markets,Indonesia,Industrial,Machinery,2021,21q2,245825794.122826
Emerging Markets,Indonesia,Industrial,Machinery,2021,21Q4,128587264.125909
Emerging Markets,Indonesia,Industrial,Machinery,2022,22Q2,536023035.116822
Emerging Markets,Indonesia,Industrial,Machinery,2022,22Q4,228405351.915713
Emerging Markets,Indonesia,Industrial,Machinery,2023,23Q2,1497281138.07607
Emerging Markets,Indonesia,Industrial,Machinery,2023,23q4,249756887.124847
Emerging Markets,Indonesia,Industrial,Machinery,2024,24q2,1048190380.8799
Emerging Markets,Indonesia,Industrial,Machinery,2024,24q4,252780394.004068
Emerging Markets,Indonesia,Industrial,Machinery,2025,25q2,766140380.303653
Emerging Markets,Indonesia,Media & Telecommunications,Telecoms,2010,10Q3,583365541.396165
Emerging Markets,Indonesia,Media & Telecommunications,Telecoms,2011,11Q1,59628481.3780113
Emerging Markets,Indonesia,Media & Telecommunications,Telecoms,2011,11Q3,698610065.098638
Emerging Markets,Indonesia,Media & Telecommunications,Telecoms,2012,12Q2,793247649.303644
Emerging Markets,Indonesia,Media & Telecommunications,Telecoms,2013,13Q2,887788993.284678
Emerging Markets,Indonesia,Media & Telecommunications,Telecoms,2014,14Q2,904052611.177286
Emerging Markets,Indonesia,Media & Telecommunications,Telecoms,2015,15Q2,686817270.947291
Emerging Markets,Indonesia,Media & Telecommunications,Telecoms,2016,16Q2,701246648.96218
Emerging Markets,Indonesia,Media & Telecommunications,Telecoms,2016,16Q4,145261424.858524
Emerging Markets,Indonesia,Media & Telecommunications,Telecoms,2017,17Q2,889856585.831187
Emerging Markets,Indonesia,Media & Telecommunications,Telecoms,2018,18Q2,1216272494.6264
Emerging Markets,Indonesia,Media & Telecommunications,Telecoms,2019,19Q2,1147709994.69166
Emerging Markets,Indonesia,Media & Telecommunications,Telecoms,2020,20Q3,1046440643.90593
Emerging Markets,Indonesia,Media & Telecommunications,Telecoms,2021,21q3,1145256700.40884
Emerging Markets,Indonesia,Media & Telecommunications,Telecoms,2022,22Q2,997209296.959809
Emerging Markets,Indonesia,Media & Telecommunications,Telecoms,2023,23Q3,1105740730.99907
Emerging Markets,Indonesia,Media & Telecommunications,Telecoms,2024,24q3,1087516547.81848
Emerging Markets,Indonesia,Mining & Chemicals,Mining & Chemicals,2010,10Q2,4028320.8469615
Emerging Markets,Indonesia,Mining & Chemicals,Mining & Chemicals,2010,10Q4,5249882.53176309
Emerging Markets,Indonesia,Mining & Chemicals,Mining & Chemicals,2011,11Q4,4973137.44084202
Emerging Markets,Indonesia,Mining & Chemicals,Mining & Chemicals,2014,14Q3,5226837.75652787
Emerging Markets,Indonesia,Mining & Chemicals,Mining & Chemicals,2015,15Q3,4515607.69351593
Emerging Markets,Indonesia,Mining & Chemicals,Mining & Chemicals,2016,16Q2,10709837.7731203
Emerging Markets,Indonesia,Mining & Chemicals,Mining & Chemicals,2016,16Q3,65971272.7995095
Emerging Markets,Indonesia,Mining & Chemicals,Mining & Chemicals,2017,17Q2,117184138.576948
Emerging Markets,Indonesia,Mining & Chemicals,Mining & Chemicals,2017,17Q4,43477532.2495243
Emerging Markets,Indonesia,Mining & Chemicals,Mining & Chemicals,2018,18Q2,51225013.0394563
Emerging Markets,Indonesia,Mining & Chemicals,Mining & Chemicals,2018,18Q4,28093338.7154141
Emerging Markets,Indonesia,Mining & Chemicals,Mining & Chemicals,2019,19Q2,25740512.5050161
Emerging Markets,Indonesia,Mining & Chemicals,Mining & Chemicals,2019,19Q4,6658186.84051177
Emerging Markets,Indonesia,Mining & Chemicals,Mining & Chemicals,2021,21q2,39053308.7947156
Emerging Markets,Indonesia,Mining & Chemicals,Mining & Chemicals,2021,21q3,63695097.8047832
Emerging Markets,Indonesia,Mining & Chemicals,Mining & Chemicals,2022,22Q2,10772538.6754735
Emerging Markets,Indonesia,Mining & Chemicals,Mining & Chemicals,2023,23Q2,29729059.7459628
Emerging Markets,Indonesia,Mining & Chemicals,Mining & Chemicals,2024,24q2,29606491.2549237
Emerging Markets,Kuwait,Financial,Banks,2010,10Q1,603004959.669791
Emerging Markets,Kuwait,Financial,Banks,2011,11Q1,693526560.202108
Emerging Markets,Kuwait,Financial,Banks,2012,12Q1,706213867.137625
Emerging Markets,Kuwait,Financial,Banks,2013,13Q1,455882857.384222
Emerging Markets,Kuwait,Financial,Banks,2013,13Q2,100099723.896731
Emerging Markets,Kuwait,Financial,Banks,2014,14Q1,652888750.802461
Emerging Markets,Kuwait,Financial,Banks,2015,15Q1,719033962.681139
Emerging Markets,Kuwait,Financial,Banks,2016,16Q1,791090951.004003
Emerging Markets,Kuwait,Financial,Banks,2017,17Q1,331767802.371209
Emerging Markets,Kuwait,Financial,Banks,2018,18Q2,958195678.020255
Emerging Markets,Kuwait,Financial,Banks,2019,19Q2,1179490200.79425
Emerging Markets,Kuwait,Financial,Banks,2020,20Q1,724392019.344
Emerging Markets,Kuwait,Financial,Banks,2020,20Q2,529824383.013038
Emerging Markets,Kuwait,Financial,Banks,2021,21Q1,453204442.871999
Emerging Markets,Kuwait,Financial,Banks,2021,21q2,252312850.757942
Emerging Markets,Kuwait,Financial,Banks,2022,22Q2,1090349706.24487
Emerging Markets,Kuwait,Financial,Banks,2022,22Q3,245484456.676354
Emerging Markets,Kuwait,Financial,Banks,2023,23Q2,1339677872.95767
Emerging Markets,Kuwait,Financial,Banks,2023,23Q3,731104183.410775
Emerging Markets,Kuwait,Financial,Banks,2024,24q2,1339485777.19016
Emerging Markets,Kuwait,Financial,Banks,2024,24q3,815602509.916216
Emerging Markets,Kuwait,Financial,Banks,2025,25q2,1465917226.28259
Emerging Markets,Malaysia,Financial,Banks,2010,10Q1,458721395.865113
Emerging Markets,Malaysia,Financial,Banks,2010,10Q2,203575814.409839
Emerging Markets,Malaysia,Financial,Banks,2010,10Q3,304914772.459253
Emerging Markets,Malaysia,Financial,Banks,2010,10Q4,1389864762.0232
Emerging Markets,Malaysia,Financial,Banks,2011,11Q1,511071931.871178
Emerging Markets,Malaysia,Financial,Banks,2011,11Q2,678995633.503611
Emerging Markets,Malaysia,Financial,Banks,2011,11Q3,445564175.1439
Emerging Markets,Malaysia,Financial,Banks,2011,11Q4,845463014.295232
Emerging Markets,Malaysia,Financial,Banks,2012,12Q1,539045983.150921
Emerging Markets,Malaysia,Financial,Banks,2012,12Q2,859571442.80121
Emerging Markets,Malaysia,Financial,Banks,2012,12Q3,279845232.888943
Emerging Markets,Malaysia,Financial,Banks,2012,12Q4,992621206.254334
Emerging Markets,Malaysia,Financial,Banks,2013,13Q1,330147557.89374
Emerging Markets,Malaysia,Financial,Banks,2013,13Q2,1365374556.83759
Emerging Markets,Malaysia,Financial,Banks,2013,13Q3,165424748.491738
Emerging Markets,Malaysia,Financial,Banks,2013,13Q4,1107339115.87394
Emerging Markets,Malaysia,Financial,Banks,2014,14Q1,312042040.117653
Emerging Markets,Malaysia,Financial,Banks,2014,14Q2,1115913321.03224
Emerging Markets,Malaysia,Financial,Banks,2014,14Q3,282025220.780071
Emerging Markets,Malaysia,Financial,Banks,2014,14Q4,1070490239.65687
Emerging Markets,Malaysia,Financial,Banks,2015,15Q1,406875832.813276
Emerging Markets,Malaysia,Financial,Banks,2015,15Q2,965842340.120906
Emerging Markets,Malaysia,Financial,Banks,2015,15Q3,219510698.979565
Emerging Markets,Malaysia,Financial,Banks,2015,15Q4,696287502.02971
Emerging Markets,Malaysia,Financial,Banks,2016,16Q1,378511501.728676
Emerging Markets,Malaysia,Financial,Banks,2016,16Q2,947324552.243604
Emerging Markets,Malaysia,Financial,Banks,2016,16Q3,250896360.441003
Emerging Markets,Malaysia,Financial,Banks,2016,16Q4,776280499.815775
Emerging Markets,Malaysia,Financial,Banks,2017,17Q1,353209371.52021
Emerging Markets,Malaysia,Financial,Banks,2017,17Q2,1008424200.4421
Emerging Markets,Malaysia,Financial,Banks,2017,17Q3,244017553.694722
Emerging Markets,Malaysia,Financial,Banks,2017,17Q4,1012188207.15186
Emerging Markets,Malaysia,Financial,Banks,2018,18Q1,1290563226.40456
Emerging Markets,Malaysia,Financial,Banks,2018,18Q2,282162781.768753
Emerging Markets,Malaysia,Financial,Banks,2018,18Q3,299851371.93951
Emerging Markets,Malaysia,Financial,Banks,2018,18Q4,1107469451.48177
Emerging Markets,Malaysia,Financial,Banks,2019,19Q1,436146432.88922
Emerging Markets,Malaysia,Financial,Banks,2019,19Q2,1128148030.06281
Emerging Markets,Malaysia,Financial,Banks,2019,19q3,307109094.410937
Emerging Markets,Malaysia,Financial,Banks,2019,19Q4,1176506937.79156
Emerging Markets,Malaysia,Financial,Banks,2020,20Q1,433371439.331584
Emerging Markets,Malaysia,Financial,Banks,2020,20Q2,1289055082.40284
Emerging Markets,Malaysia,Financial,Banks,2020,20Q4,105949086.697351
Emerging Markets,Malaysia,Financial,Banks,2021,21Q1,690633848.261687
Emerging Markets,Malaysia,Financial,Banks,2021,21q2,1551935058.57285
Emerging Markets,Malaysia,Financial,Banks,2021,21q3,347488218.69674
Emerging Markets,Malaysia,Financial,Banks,2021,21Q4,1221663393.23621
Emerging Markets,Malaysia,Financial,Banks,2022,22q1,1289289722.19368
Emerging Markets,Malaysia,Financial,Banks,2022,22Q2,294454902.132929
Emerging Markets,Malaysia,Financial,Banks,2022,22Q3,1049248041.96577
Emerging Markets,Malaysia,Financial,Banks,2022,22Q4,639937564.076718
Emerging Markets,Malaysia,Financial,Banks,2023,23Q1,1137586034.29883
Emerging Markets,Malaysia,Financial,Banks,2023,23Q2,314212779.26399
Emerging Markets,Malaysia,Financial,Banks,2023,23Q3,1115186756.29735
Emerging Markets,Malaysia,Financial,Banks,2023,23q4,571802392.124435
Emerging Markets,Malaysia,Financial,Banks,2024,24q1,1317072833.54112
Emerging Markets,Malaysia,Financial,Banks,2024,24q2,571945747.152684
Emerging Markets,Malaysia,Financial,Banks,2024,24q3,2006673412.00234
Emerging Markets,Malaysia,Financial,Banks,2024,24q4,208411151.415004
Emerging Markets,Malaysia,Financial,Banks,2025,25Q1,1490325025.16209
Emerging Markets,Malaysia,Financial,Banks,2025,25q2,484363163.517841
Emerging Markets,Malaysia,Health,Healthcare,2014,14Q3,51213255.1659638
Emerging Markets,Malaysia,Health,Healthcare,2015,15Q3,65014320.25086
Emerging Markets,Malaysia,Health,Healthcare,2016,16Q3,62063608.3862398
Emerging Markets,Malaysia,Health,Healthcare,2017,17Q3,57663437.8364178
Emerging Markets,Malaysia,Health,Healthcare,2018,18Q3,60921342.4846691
Emerging Markets,Malaysia,Health,Healthcare,2019,19q3,63965891.9531188
Emerging Markets,Malaysia,Health,Healthcare,2020,20Q2,81618512.5885246
Emerging Markets,Malaysia,Health,Healthcare,2021,21q2,85706669.1282111
Emerging Markets,Malaysia,Health,Healthcare,2022,22Q2,121260128.181553
Emerging Markets,Malaysia,Health,Healthcare,2023,23Q2,319336006.472367
Emerging Markets,Malaysia,Health,Healthcare,2023,23q4,64506581.3100142
Emerging Markets,Malaysia,Health,Healthcare,2024,24q2,101601369.986272
Emerging Markets,Malaysia,Health,Healthcare,2024,24q4,90505164.1246847
Emerging Markets,Malaysia,Health,Healthcare,2025,25q2,111119523.966025
Emerging Markets,Malaysia,Media & Telecommunications,Telecoms,2010,10Q1,126977166.81
Emerging Markets,Malaysia,Media & Telecommunications,Telecoms,2010,10Q2,83705015.94875
Emerging Markets,Malaysia,Media & Telecommunications,Telecoms,2010,10Q3,87980924.2375
Emerging Markets,Malaysia,Media & Telecommunications,Telecoms,2010,10Q4,123491102.5
Emerging Markets,Malaysia,Media & Telecommunications,Telecoms,2011,11Q1,109975329.47525
Emerging Markets,Malaysia,Media & Telecommunications,Telecoms,2011,11Q2,110657837.2465
Emerging Markets,Malaysia,Media & Telecommunications,Telecoms,2011,11Q3,78193090.2525
Emerging Markets,Malaysia,Media & Telecommunications,Telecoms,2011,11Q4,91864926.265
Emerging Markets,Malaysia,Media & Telecommunications,Telecoms,2012,12Q1,167926560.9125
Emerging Markets,Malaysia,Media & Telecommunications,Telecoms,2012,12Q2,143823475.84375
Emerging Markets,Malaysia,Media & Telecommunications,Telecoms,2012,12Q3,147428893.79
Emerging Markets,Malaysia,Media & Telecommunications,Telecoms,2012,12Q4,305350999.11
Emerging Markets,Malaysia,Media & Telecommunications,Telecoms,2013,13Q1,62580489.0625
Emerging Markets,Malaysia,Media & Telecommunications,Telecoms,2013,13Q2,95506712.007
Emerging Markets,Malaysia,Media & Telecommunications,Telecoms,2013,13Q3,112122577.116
Emerging Markets,Malaysia,Media & Telecommunications,Telecoms,2013,13Q4,137057364.12
Emerging Markets,Malaysia,Media & Telecommunications,Telecoms,2014,14Q1,167050337.0725
Emerging Markets,Malaysia,Media & Telecommunications,Telecoms,2014,14Q2,150077841.266
Emerging Markets,Malaysia,Media & Telecommunications,Telecoms,2014,14Q3,156355075.84
Emerging Markets,Malaysia,Media & Telecommunications,Telecoms,2014,14Q4,138879279.87
Emerging Markets,Malaysia,Media & Telecommunications,Telecoms,2015,15Q1,151892549.28
Emerging Markets,Malaysia,Media & Telecommunications,Telecoms,2015,15Q2,127510417.8285
Emerging Markets,Malaysia,Media & Telecommunications,Telecoms,2015,15Q3,107719850.4135
Emerging Markets,Malaysia,Media & Telecommunications,Telecoms,2015,15Q4,93874288.0905
Emerging Markets,Malaysia,Media & Telecommunications,Telecoms,2016,16Q1,94605022.554
Emerging Markets,Malaysia,Media & Telecommunications,Telecoms,2016,16Q2,96949874.77425
Emerging Markets,Malaysia,Media & Telecommunications,Telecoms,2016,16Q3,101523395.2905
Emerging Markets,Malaysia,Media & Telecommunications,Telecoms,2016,16Q4,97057513.196
Emerging Markets,Malaysia,Media & Telecommunications,Telecoms,2017,17Q1,84329458.776
Emerging Markets,Malaysia,Media & Telecommunications,Telecoms,2017,17Q2,85128063.236
Emerging Markets,Malaysia,Media & Telecommunications,Telecoms,2017,17Q3,84701012.031
Emerging Markets,Malaysia,Media & Telecommunications,Telecoms,2017,17Q4,93410570.68525
Emerging Markets,Malaysia,Media & Telecommunications,Telecoms,2018,18Q1,91295473.6025
Emerging Markets,Malaysia,Media & Telecommunications,Telecoms,2018,18Q2,94312410.8955
Emerging Markets,Malaysia,Media & Telecommunications,Telecoms,2018,18Q3,92056295.99425
Emerging Markets,Malaysia,Media & Telecommunications,Telecoms,2018,18Q4,93002396.325
Emerging Markets,Malaysia,Media & Telecommunications,Telecoms,2019,19Q1,91414578.672
Emerging Markets,Malaysia,Media & Telecommunications,Telecoms,2019,19Q2,80901387.7245
Emerging Markets,Malaysia,Media & Telecommunications,Telecoms,2019,19q3,92824729.8
Emerging Markets,Malaysia,Media & Telecommunications,Telecoms,2019,19Q4,84470058.84375
Emerging Markets,Malaysia,Media & Telecommunications,Telecoms,2020,20Q1,78979569.911
Emerging Markets,Malaysia,Media & Telecommunications,Telecoms,2020,20Q2,76101145.176
Emerging Markets,Malaysia,Media & Telecommunications,Telecoms,2020,20Q3,69028194.47675
Emerging Markets,Malaysia,Media & Telecommunications,Telecoms,2020,20Q4,79012266.4295
Emerging Markets,Malaysia,Media & Telecommunications,Telecoms,2021,21Q1,67502713.275
Emerging Markets,Malaysia,Media & Telecommunications,Telecoms,2021,21q2,63606829.026
Emerging Markets,Malaysia,Media & Telecommunications,Telecoms,2021,21q3,66825831.105
Emerging Markets,Malaysia,Media & Telecommunications,Telecoms,2021,21Q4,73740364.08
Emerging Markets,Malaysia,Media & Telecommunications,Telecoms,2022,22q1,72016392.3375
Emerging Markets,Malaysia,Media & Telecommunications,Telecoms,2022,22Q2,51221036.24825
Emerging Markets,Malaysia,Media & Telecommunications,Telecoms,2022,22Q3,46948457.059
Emerging Markets,Malaysia,Media & Telecommunications,Telecoms,2022,22Q4,59746864.344
Emerging Markets,Malaysia,Media & Telecommunications,Telecoms,2023,23Q1,82307739.7514287
Emerging Markets,Malaysia,Media & Telecommunications,Telecoms,2023,23Q2,80361392.8301834
Emerging Markets,Malaysia,Media & Telecommunications,Telecoms,2023,23Q3,79954904.525085
Emerging Markets,Malaysia,Media & Telecommunications,Telecoms,2023,23q4,83579398.3803929
Emerging Markets,Malaysia,Media & Telecommunications,Telecoms,2024,24q1,86753177.6705836
Emerging Markets,Malaysia,Media & Telecommunications,Telecoms,2024,24q2,87038214.0141402
Emerging Markets,Malaysia,Media & Telecommunications,Telecoms,2024,24q3,99576277.8407002
Emerging Markets,Malaysia,Media & Telecommunications,Telecoms,2024,24q4,94061097.3211111
Emerging Markets,Malaysia,Media & Telecommunications,Telecoms,2025,25Q1,97950080.7222553
Emerging Markets,Malaysia,Media & Telecommunications,Telecoms,2025,25q2,103091277.543243
Emerging Markets,Malaysia,Mining & Chemicals,Mining & Chemicals,2017,17Q3,13386727.3367357
Emerging Markets,Malaysia,Mining & Chemicals,Mining & Chemicals,2017,17Q4,14206008.32436
Emerging Markets,Malaysia,Mining & Chemicals,Mining & Chemicals,2018,18Q2,29481102.9039594
Emerging Markets,Malaysia,Mining & Chemicals,Mining & Chemicals,2018,18Q3,14000860.4798344
Emerging Markets,Malaysia,Mining & Chemicals,Mining & Chemicals,2018,18Q4,18934327.8762193
Emerging Markets,Malaysia,Mining & Chemicals,Mining & Chemicals,2019,19Q2,26720275.8827834
Emerging Markets,Malaysia,Mining & Chemicals,Mining & Chemicals,2019,19q3,12071201.8421646
Emerging Markets,Malaysia,Mining & Chemicals,Mining & Chemicals,2019,19Q4,12291822.2074957
Emerging Markets,Malaysia,Mining & Chemicals,Mining & Chemicals,2020,20Q1,11650633.508164
Emerging Markets,Malaysia,Mining & Chemicals,Mining & Chemicals,2020,20Q3,19090389.7873786
Emerging Markets,Malaysia,Mining & Chemicals,Mining & Chemicals,2021,21Q1,22242090.3681269
Emerging Markets,Malaysia,Mining & Chemicals,Mining & Chemicals,2021,21q3,33847419.0129872
Emerging Markets,Malaysia,Mining & Chemicals,Mining & Chemicals,2021,21Q4,19337290.3036779
Emerging Markets,Malaysia,Mining & Chemicals,Mining & Chemicals,2022,22q1,19207369.7826139
Emerging Markets,Malaysia,Mining & Chemicals,Mining & Chemicals,2022,22Q2,28060907.8097181
Emerging Markets,Malaysia,Mining & Chemicals,Mining & Chemicals,2022,22Q3,31106312.5625176
Emerging Markets,Malaysia,Mining & Chemicals,Mining & Chemicals,2022,22Q4,32734008.4744439
Emerging Markets,Malaysia,Mining & Chemicals,Mining & Chemicals,2023,23Q1,32678371.4853502
Emerging Markets,Malaysia,Mining & Chemicals,Mining & Chemicals,2023,23Q2,30893049.2134454
Emerging Markets,Malaysia,Mining & Chemicals,Mining & Chemicals,2023,23Q3,30710465.8751792
Emerging Markets,Malaysia,Mining & Chemicals,Mining & Chemicals,2023,23q4,31380483.1662048
Emerging Markets,Malaysia,Mining & Chemicals,Mining & Chemicals,2024,24q1,30465583.8168457
Emerging Markets,Malaysia,Mining & Chemicals,Mining & Chemicals,2024,24q2,30565619.3683648
Emerging Markets,Malaysia,Mining & Chemicals,Mining & Chemicals,2024,24q3,34968670.2682447
Emerging Markets,Malaysia,Mining & Chemicals,Mining & Chemicals,2024,24q4,32247191.6690561
Emerging Markets,Malaysia,Mining & Chemicals,Mining & Chemicals,2025,25Q1,32494266.9076517
Emerging Markets,Malaysia,Mining & Chemicals,Mining & Chemicals,2025,25q2,38829490.4612943
Emerging Markets,Malaysia,Utilities,Utilities,2010,10Q2,79069339.1355938
Emerging Markets,Malaysia,Utilities,Utilities,2010,10Q4,282802658.764256
Emerging Markets,Malaysia,Utilities,Utilities,2011,11Q2,80975179.6462101
Emerging Markets,Malaysia,Utilities,Utilities,2012,12Q2,88219880.6732515
Emerging Markets,Malaysia,Utilities,Utilities,2012,12Q4,271162458.233877
Emerging Markets,Malaysia,Utilities,Utilities,2013,13Q2,181695966.9615
Emerging Markets,Malaysia,Utilities,Utilities,2013,13Q4,258446549.29675
Emerging Markets,Malaysia,Utilities,Utilities,2014,14Q2,175512695.506951
Emerging Markets,Malaysia,Utilities,Utilities,2014,14Q4,306674131.272254
Emerging Markets,Malaysia,Utilities,Utilities,2015,15Q2,153944659.072242
Emerging Markets,Malaysia,Utilities,Utilities,2015,15Q4,249746396.692093
Emerging Markets,Malaysia,Utilities,Utilities,2016,16Q2,136682269.046556
Emerging Markets,Malaysia,Utilities,Utilities,2016,16Q4,276770947.300261
Emerging Markets,Malaysia,Utilities,Utilities,2017,17Q2,224508581.211671
Emerging Markets,Malaysia,Utilities,Utilities,2017,17Q4,616020239.943082
Emerging Markets,Malaysia,Utilities,Utilities,2018,18Q2,311807636.646963
Emerging Markets,Malaysia,Utilities,Utilities,2018,18Q4,412381379.673598
Emerging Markets,Malaysia,Utilities,Utilities,2019,19Q2,317934976.882226
Emerging Markets,Malaysia,Utilities,Utilities,2019,19Q4,407613576.035526
Emerging Markets,Malaysia,Utilities,Utilities,2020,20Q2,910110246.811909
Emerging Markets,Malaysia,Utilities,Utilities,2020,20Q4,302303724.820591
Emerging Markets,Malaysia,Utilities,Utilities,2021,21q2,801720227.001004
Emerging Markets,Malaysia,Utilities,Utilities,2021,21Q4,302967796.777234
Emerging Markets,Malaysia,Utilities,Utilities,2022,22Q2,243577245.471497
Emerging Markets,Malaysia,Utilities,Utilities,2022,22Q4,244707663.752448
Emerging Markets,Malaysia,Utilities,Utilities,2023,23Q2,339800119.682157
Emerging Markets,Malaysia,Utilities,Utilities,2023,23q4,219957716.099452
Emerging Markets,Malaysia,Utilities,Utilities,2024,24q2,338758827.415786
Emerging Markets,Malaysia,Utilities,Utilities,2024,24q4,337177960.19705
Emerging Markets,Malaysia,Utilities,Utilities,2025,25q2,342674635.064223
Emerging Markets,Mexico,Consumer Defensive,Food Retail,2010,10Q2,514125076.99945
Emerging Markets,Mexico,Consumer Defensive,Food Retail,2011,11Q2,851132302.976217
Emerging Markets,Mexico,Consumer Defensive,Food Retail,2012,12Q2,750435891.542704
Emerging Markets,Mexico,Consumer Defensive,Food Retail,2013,13Q2,1086512991.78463
Emerging Markets,Mexico,Consumer Defensive,Food Retail,2013,13Q4,229178939.753917
Emerging Markets,Mexico,Consumer Defensive,Food Retail,2014,14Q2,1082469100.84997
Emerging Markets,Mexico,Consumer Defensive,Food Retail,2014,14Q3,174122549.233596
Emerging Markets,Mexico,Consumer Defensive,Food Retail,2014,14Q4,411092506.24735
Emerging Markets,Mexico,Consumer Defensive,Food Retail,2015,15Q1,152017440.632299
Emerging Markets,Mexico,Consumer Defensive,Food Retail,2015,15Q2,897663837.079541
Emerging Markets,Mexico,Consumer Defensive,Food Retail,2015,15Q3,278138832.381897
Emerging Markets,Mexico,Consumer Defensive,Food Retail,2015,15Q4,488218349.328481
Emerging Markets,Mexico,Consumer Defensive,Food Retail,2016,16Q1,134349097.205504
Emerging Markets,Mexico,Consumer Defensive,Food Retail,2016,16Q2,780920050.952747
Emerging Markets,Mexico,Consumer Defensive,Food Retail,2016,16Q3,133710547.463381
Emerging Markets,Mexico,Consumer Defensive,Food Retail,2016,16Q4,528332919.10081
Emerging Markets,Mexico,Consumer Defensive,Food Retail,2017,17Q1,119416073.329462
Emerging Markets,Mexico,Consumer Defensive,Food Retail,2017,17Q2,1515109028.97316
Emerging Markets,Mexico,Consumer Defensive,Food Retail,2017,17Q3,157199297.309777
Emerging Markets,Mexico,Consumer Defensive,Food Retail,2017,17Q4,499880811.305428
Emerging Markets,Mexico,Consumer Defensive,Food Retail,2018,18Q1,149893340.283638
Emerging Markets,Mexico,Consumer Defensive,Food Retail,2018,18Q2,360889410.796669
Emerging Markets,Mexico,Consumer Defensive,Food Retail,2018,18Q3,264543919.548027
Emerging Markets,Mexico,Consumer Defensive,Food Retail,2018,18Q4,545882068.073855
Emerging Markets,Mexico,Consumer Defensive,Food Retail,2019,19Q1,299676910.158093
Emerging Markets,Mexico,Consumer Defensive,Food Retail,2019,19Q2,576752236.318614
Emerging Markets,Mexico,Consumer Defensive,Food Retail,2019,19q3,505729572.025415
Emerging Markets,Mexico,Consumer Defensive,Food Retail,2019,19Q4,481755378.422931
Emerging Markets,Mexico,Consumer Defensive,Food Retail,2020,20Q2,208829128.780997
Emerging Markets,Mexico,Consumer Defensive,Food Retail,2020,20Q4,1326188493.08286
Emerging Markets,Mexico,Consumer Defensive,Food Retail,2021,21Q4,1355516863.12881
Emerging Markets,Mexico,Consumer Defensive,"Food, drink & Tobacco",2010,10Q2,184765222.099989
Emerging Markets,Mexico,Consumer Defensive,"Food, drink & Tobacco",2010,10Q4,68360521.8788877
Emerging Markets,Mexico,Consumer Defensive,"Food, drink & Tobacco",2011,11Q2,279881354.979366
Emerging Markets,Mexico,Consumer Defensive,"Food, drink & Tobacco",2011,11Q3,1474618459.87018
Emerging Markets,Mexico,Consumer Defensive,"Food, drink & Tobacco",2011,11Q4,110256165.011281
Emerging Markets,Mexico,Consumer Defensive,"Food, drink & Tobacco",2012,12Q2,208319164.820802
Emerging Markets,Mexico,Consumer Defensive,"Food, drink & Tobacco",2012,12Q4,154325098.895853
Emerging Markets,Mexico,Consumer Defensive,"Food, drink & Tobacco",2013,13Q2,441953740.69196
Emerging Markets,Mexico,Consumer Defensive,"Food, drink & Tobacco",2013,13Q4,807191857.820069
Emerging Markets,Mexico,Consumer Defensive,"Food, drink & Tobacco",2015,15Q2,338850573.685251
Emerging Markets,Mexico,Consumer Defensive,"Food, drink & Tobacco",2015,15Q4,143249102.702491
Emerging Markets,Mexico,Consumer Defensive,"Food, drink & Tobacco",2016,16Q2,387606622.557624
Emerging Markets,Mexico,Consumer Defensive,"Food, drink & Tobacco",2016,16Q4,140507757.054054
Emerging Markets,Mexico,Consumer Defensive,"Food, drink & Tobacco",2017,17Q2,404597576.831462
Emerging Markets,Mexico,Consumer Defensive,"Food, drink & Tobacco",2017,17Q4,145461456.098785
Emerging Markets,Mexico,Consumer Defensive,"Food, drink & Tobacco",2018,18Q2,439146526.538642
Emerging Markets,Mexico,Consumer Defensive,"Food, drink & Tobacco",2018,18Q4,150051951.000538
Emerging Markets,Mexico,Consumer Defensive,"Food, drink & Tobacco",2019,19Q2,537004302.72158
Emerging Markets,Mexico,Consumer Defensive,"Food, drink & Tobacco",2019,19Q4,211975625.204131
Emerging Markets,Mexico,Consumer Defensive,"Food, drink & Tobacco",2020,20Q2,325269337.168402
Emerging Markets,Mexico,Consumer Defensive,"Food, drink & Tobacco",2020,20Q3,270806297.031001
Emerging Markets,Mexico,Consumer Defensive,"Food, drink & Tobacco",2020,20Q4,282895563.056909
Emerging Markets,Mexico,Consumer Defensive,"Food, drink & Tobacco",2021,21q2,677466698.311234
Emerging Markets,Mexico,Consumer Defensive,"Food, drink & Tobacco",2021,21q3,133300996.065021
Emerging Markets,Mexico,Consumer Defensive,"Food, drink & Tobacco",2021,21Q4,279424483.388024
Emerging Markets,Mexico,Consumer Defensive,"Food, drink & Tobacco",2022,22Q2,607144323.512238
Emerging Markets,Mexico,Consumer Defensive,"Food, drink & Tobacco",2022,22Q4,609656690.878855
Emerging Markets,Mexico,Consumer Defensive,"Food, drink & Tobacco",2023,23Q2,837784202.983073
Emerging Markets,Mexico,Consumer Defensive,"Food, drink & Tobacco",2023,23Q3,225501070.680563
Emerging Markets,Mexico,Consumer Defensive,"Food, drink & Tobacco",2023,23q4,306715007.167684
Emerging Markets,Mexico,Consumer Defensive,"Food, drink & Tobacco",2024,24q2,893517822.818515
Emerging Markets,Mexico,Consumer Defensive,"Food, drink & Tobacco",2024,24q3,468995011.168091
Emerging Markets,Mexico,Consumer Defensive,"Food, drink & Tobacco",2024,24q4,247149872.491672
Emerging Markets,Mexico,Consumer Defensive,"Food, drink & Tobacco",2025,25q2,1322556603.06295
Emerging Markets,Mexico,Financial,Banks,2010,10Q1,26861264.4250809
Emerging Markets,Mexico,Financial,Banks,2010,10Q2,174942611.746215
Emerging Markets,Mexico,Financial,Banks,2010,10Q4,27620218.1030996
Emerging Markets,Mexico,Financial,Banks,2011,11Q2,208449016.884704
Emerging Markets,Mexico,Financial,Banks,2011,11Q4,29187315.2427002
Emerging Markets,Mexico,Financial,Banks,2012,12Q1,30919887.0669386
Emerging Markets,Mexico,Financial,Banks,2012,12Q2,193333431.37103
Emerging Markets,Mexico,Financial,Banks,2012,12Q4,32839533.975814
Emerging Markets,Mexico,Financial,Banks,2013,13Q1,33501878.8140628
Emerging Markets,Mexico,Financial,Banks,2013,13Q2,229413925.002628
Emerging Markets,Mexico,Financial,Banks,2013,13Q3,34046302.5072191
Emerging Markets,Mexico,Financial,Banks,2013,13Q4,1646220376.21741
Emerging Markets,Mexico,Financial,Banks,2014,14Q2,237145727.571505
Emerging Markets,Mexico,Financial,Banks,2014,14Q3,42101759.2568241
Emerging Markets,Mexico,Financial,Banks,2014,14Q4,50093314.2327232
Emerging Markets,Mexico,Financial,Banks,2015,15Q1,45108072.4135516
Emerging Markets,Mexico,Financial,Banks,2015,15Q2,227737311.634791
Emerging Markets,Mexico,Financial,Banks,2015,15Q3,42157365.7347643
Emerging Markets,Mexico,Financial,Banks,2015,15Q4,726209020.283073
Emerging Markets,Mexico,Financial,Banks,2016,16Q1,70160859.8211082
Emerging Markets,Mexico,Financial,Banks,2016,16Q2,232422105.104456
Emerging Markets,Mexico,Financial,Banks,2016,16Q3,248587927.840949
Emerging Markets,Mexico,Financial,Banks,2017,17Q1,175222090.866684
Emerging Markets,Mexico,Financial,Banks,2017,17Q2,591555287.127245
Emerging Markets,Mexico,Financial,Banks,2018,18Q2,631106310.627539
Emerging Markets,Mexico,Financial,Banks,2019,19Q2,1333015015.72832
Emerging Markets,Mexico,Financial,Banks,2021,21q2,451018329.548619
Emerging Markets,Mexico,Financial,Banks,2021,21Q4,354918605.005894
Emerging Markets,Mexico,Financial,Banks,2022,22Q2,888960201.241967
Emerging Markets,Mexico,Financial,Banks,2022,22Q4,851835747.370396
Emerging Markets,Mexico,Financial,Banks,2023,23Q2,1310705290.00893
Emerging Markets,Mexico,Financial,Banks,2023,23q4,834283500.048259
Emerging Markets,Mexico,Financial,Banks,2024,24q2,1433327738.00358
Emerging Markets,Mexico,Financial,Banks,2024,24q4,508692405.162429
Emerging Markets,Mexico,Financial,Banks,2025,25q2,1778330849.96278
Emerging Markets,Mexico,Industrial,Machinery,2010,10Q2,60721410.6459784
Emerging Markets,Mexico,Industrial,Machinery,2010,10Q4,60894412.40685
Emerging Markets,Mexico,Industrial,Machinery,2011,11Q2,48880015.9992788
Emerging Markets,Mexico,Industrial,Machinery,2011,11Q4,42599707.74774
Emerging Markets,Mexico,Industrial,Machinery,2012,12Q2,100093332.338729
Emerging Markets,Mexico,Industrial,Machinery,2012,12Q4,53707509.5352564
Emerging Markets,Mexico,Industrial,Machinery,2013,13Q2,66056778.7614301
Emerging Markets,Mexico,Industrial,Machinery,2013,13Q4,767075068.038738
Emerging Markets,Mexico,Industrial,Machinery,2014,14Q2,70954850.9875885
Emerging Markets,Mexico,Industrial,Machinery,2014,14Q4,67785719.6387545
Emerging Markets,Mexico,Industrial,Machinery,2015,15Q2,63612614.8649846
Emerging Markets,Mexico,Industrial,Machinery,2015,15Q4,58173113.7820389
Emerging Markets,Mexico,Industrial,Machinery,2016,16Q2,54419807.1754637
Emerging Markets,Mexico,Industrial,Machinery,2016,16Q4,52616548.5456738
Emerging Markets,Mexico,Industrial,Machinery,2017,17Q2,56258695.7183151
Emerging Markets,Mexico,Industrial,Machinery,2017,17Q4,54895186.216517
Emerging Markets,Mexico,Industrial,Machinery,2018,18Q2,53394908.3816271
Emerging Markets,Mexico,Industrial,Machinery,2018,18Q4,52779327.83484
Emerging Markets,Mexico,Industrial,Machinery,2019,19Q2,55813851.4847084
Emerging Markets,Mexico,Industrial,Machinery,2019,19Q4,56661947.1708746
Emerging Markets,Mexico,Industrial,Machinery,2023,23Q2,78616125.3925986
Emerging Markets,Mexico,Industrial,Machinery,2023,23q4,79381457.3226722
Emerging Markets,Mexico,Industrial,Machinery,2025,25q2,89538762.3055405
Emerging Markets,Mexico,Industrial,Transport,2010,10Q2,50642461.9226531
Emerging Markets,Mexico,Industrial,Transport,2010,10Q3,16726291.4784565
Emerging Markets,Mexico,Industrial,Transport,2010,10Q4,17028811.5780669
Emerging Markets,Mexico,Industrial,Transport,2011,11Q2,59426261.2920398
Emerging Markets,Mexico,Industrial,Transport,2011,11Q4,16890810.8178959
Emerging Markets,Mexico,Industrial,Transport,2012,12Q2,54117170.6852801
Emerging Markets,Mexico,Industrial,Transport,2012,12Q4,80272581.066753
Emerging Markets,Mexico,Industrial,Transport,2013,13Q2,67409992.9267292
Emerging Markets,Mexico,Industrial,Transport,2013,13Q4,20970856.7220939
Emerging Markets,Mexico,Industrial,Transport,2014,14Q2,189745579.381949
Emerging Markets,Mexico,Industrial,Transport,2014,14Q3,27786519.2316005
Emerging Markets,Mexico,Industrial,Transport,2015,15Q2,85078085.79468
Emerging Markets,Mexico,Industrial,Transport,2015,15Q3,51328325.674626
Emerging Markets,Mexico,Industrial,Transport,2015,15Q4,43330958.946
Emerging Markets,Mexico,Industrial,Transport,2016,16Q2,87543649.544175
Emerging Markets,Mexico,Industrial,Transport,2016,16Q3,58958483.98968
Emerging Markets,Mexico,Industrial,Transport,2016,16Q4,41769076.387698
Emerging Markets,Mexico,Industrial,Transport,2017,17Q2,83151911.485368
Emerging Markets,Mexico,Industrial,Transport,2017,17Q3,76328458.302096
Emerging Markets,Mexico,Industrial,Transport,2017,17Q4,71223676.758234
Emerging Markets,Mexico,Industrial,Transport,2018,18Q2,58767484.726335
Emerging Markets,Mexico,Industrial,Transport,2018,18Q3,96296308.667856
Emerging Markets,Mexico,Industrial,Transport,2018,18Q4,88988302.106352
Emerging Markets,Mexico,Industrial,Transport,2019,19Q2,75626100.653598
Emerging Markets,Mexico,Industrial,Transport,2019,19q3,99827863.22025
Emerging Markets,Mexico,Industrial,Transport,2019,19Q4,103249847.09858
Emerging Markets,Mexico,Industrial,Transport,2021,21q2,91359989.1225712
Emerging Markets,Mexico,Industrial,Transport,2021,21q3,183259269.32742
Emerging Markets,Mexico,Industrial,Transport,2022,22Q2,170879961.98592
Emerging Markets,Mexico,Industrial,Transport,2022,22Q4,467134969.343979
Emerging Markets,Mexico,Industrial,Transport,2023,23Q2,91024198.1686514
Emerging Markets,Mexico,Industrial,Transport,2023,23Q3,95382613.3728792
Emerging Markets,Mexico,Industrial,Transport,2023,23q4,276509171.166796
Emerging Markets,Mexico,Industrial,Transport,2024,24q3,164452138.326311
Emerging Markets,Mexico,Industrial,Transport,2024,24q4,143886930.131757
Emerging Markets,Mexico,Mining & Chemicals,Mining & Chemicals,2010,10Q1,86820409.494
Emerging Markets,Mexico,Mining & Chemicals,Mining & Chemicals,2010,10Q2,104505316.0695
Emerging Markets,Mexico,Mining & Chemicals,Mining & Chemicals,2010,10Q3,102129088.0635
Emerging Markets,Mexico,Mining & Chemicals,Mining & Chemicals,2010,10Q4,158803645.95
Emerging Markets,Mexico,Mining & Chemicals,Mining & Chemicals,2011,11Q1,194237331.912
Emerging Markets,Mexico,Mining & Chemicals,Mining & Chemicals,2011,11Q2,266341665.6
Emerging Markets,Mexico,Mining & Chemicals,Mining & Chemicals,2011,11Q3,286277567.5575
Emerging Markets,Mexico,Mining & Chemicals,Mining & Chemicals,2011,11Q4,230314382.73
Emerging Markets,Mexico,Mining & Chemicals,Mining & Chemicals,2012,12Q2,284538441.375
Emerging Markets,Mexico,Mining & Chemicals,Mining & Chemicals,2012,12Q3,237700849.896
Emerging Markets,Mexico,Mining & Chemicals,Mining & Chemicals,2012,12Q4,155051767.962
Emerging Markets,Mexico,Mining & Chemicals,Mining & Chemicals,2013,13Q1,158405681.421
Emerging Markets,Mexico,Mining & Chemicals,Mining & Chemicals,2013,13Q2,162034953.444
Emerging Markets,Mexico,Mining & Chemicals,Mining & Chemicals,2013,13Q3,79921821.2715
Emerging Markets,Mexico,Mining & Chemicals,Mining & Chemicals,2013,13Q4,155873856.177
Emerging Markets,Mexico,Mining & Chemicals,Mining & Chemicals,2014,14Q1,152948100.591
Emerging Markets,Mexico,Mining & Chemicals,Mining & Chemicals,2014,14Q2,120993130.98
Emerging Markets,Mexico,Mining & Chemicals,Mining & Chemicals,2014,14Q3,153223094.817
Emerging Markets,Mexico,Mining & Chemicals,Mining & Chemicals,2014,14Q4,148844561.697
Emerging Markets,Mexico,Mining & Chemicals,Mining & Chemicals,2015,15Q2,133546668.9336
Emerging Markets,Mexico,Mining & Chemicals,Mining & Chemicals,2015,15Q3,125284719.8187
Emerging Markets,Mexico,Mining & Chemicals,Mining & Chemicals,2015,15Q4,92892834.054
Emerging Markets,Mexico,Mining & Chemicals,Mining & Chemicals,2016,16Q1,41326263.009
Emerging Markets,Mexico,Mining & Chemicals,Mining & Chemicals,2016,16Q2,63298689.8265
Emerging Markets,Mexico,Mining & Chemicals,Mining & Chemicals,2016,16Q3,63995070.5325
Emerging Markets,Mexico,Mining & Chemicals,Mining & Chemicals,2016,16Q4,57039932.8485
Emerging Markets,Mexico,Mining & Chemicals,Mining & Chemicals,2017,17Q1,101522257.434
Emerging Markets,Mexico,Mining & Chemicals,Mining & Chemicals,2017,17Q2,125715574.26
Emerging Markets,Mexico,Mining & Chemicals,Mining & Chemicals,2017,17Q3,131979726.243
Emerging Markets,Mexico,Mining & Chemicals,Mining & Chemicals,2017,17Q4,167345136.198
Emerging Markets,Mexico,Mining & Chemicals,Mining & Chemicals,2018,18Q1,206312604.93
Emerging Markets,Mexico,Mining & Chemicals,Mining & Chemicals,2018,18Q2,236304138.375
Emerging Markets,Mexico,Mining & Chemicals,Mining & Chemicals,2018,18Q3,330367212.072
Emerging Markets,Mexico,Mining & Chemicals,Mining & Chemicals,2018,18Q4,305732482.632
Emerging Markets,Mexico,Mining & Chemicals,Mining & Chemicals,2019,19Q1,323204214.888
Emerging Markets,Mexico,Mining & Chemicals,Mining & Chemicals,2019,19Q2,326359500.3
Emerging Markets,Mexico,Mining & Chemicals,Mining & Chemicals,2019,19q3,310999601.88
Emerging Markets,Mexico,Mining & Chemicals,Mining & Chemicals,2019,19Q4,318201548.976
Emerging Markets,Mexico,Mining & Chemicals,Mining & Chemicals,2020,20Q1,269336374.488
Emerging Markets,Mexico,Mining & Chemicals,Mining & Chemicals,2020,20Q2,
Emerging Markets,Mexico,Mining & Chemicals,Mining & Chemicals,2020,20Q3,282493834.128
Emerging Markets,Mexico,Mining & Chemicals,Mining & Chemicals,2020,20Q4,387660583.26
Emerging Markets,Mexico,Mining & Chemicals,Mining & Chemicals,2021,21Q1,465376274.49375
Emerging Markets,Mexico,Mining & Chemicals,Mining & Chemicals,2021,21q2,584796039.4575
Emerging Markets,Mexico,Mining & Chemicals,Mining & Chemicals,2021,21q3,676788391.125
Emerging Markets,Mexico,Mining & Chemicals,Mining & Chemicals,2021,21Q4,640861308.99
Emerging Markets,Mexico,Mining & Chemicals,Mining & Chemicals,2022,22q1,650344910.355
Emerging Markets,Mexico,Mining & Chemicals,Mining & Chemicals,2022,22Q2,597299267.16
Emerging Markets,Mexico,Mining & Chemicals,Mining & Chemicals,2022,22Q3,388633062.105
Emerging Markets,Mexico,Mining & Chemicals,Mining & Chemicals,2022,22Q4,301993900.25625
Emerging Markets,Mexico,Mining & Chemicals,Mining & Chemicals,2023,23Q1,429659490.51
Emerging Markets,Mexico,Mining & Chemicals,Mining & Chemicals,2023,23Q2,443867964.075
Emerging Markets,Mexico,Mining & Chemicals,Mining & Chemicals,2023,23Q3,372415672.404
Emerging Markets,Mexico,Mining & Chemicals,Mining & Chemicals,2023,23q4,454107979.395
Emerging Markets,Mexico,Mining & Chemicals,Mining & Chemicals,2024,24q1,366881670.9
Emerging Markets,Mexico,Mining & Chemicals,Mining & Chemicals,2024,24q2,465540430.95
Emerging Markets,Mexico,Mining & Chemicals,Mining & Chemicals,2024,24q3,479113746.606
Emerging Markets,Mexico,Mining & Chemicals,Mining & Chemicals,2024,24q4,489261707.415
Emerging Markets,Mexico,Mining & Chemicals,Mining & Chemicals,2025,25Q1,417131467.5825
Emerging Markets,Mexico,Mining & Chemicals,Mining & Chemicals,2025,25q2,486562487.544
Emerging Markets,Peru,Financial,Banks,2010,10Q2,160449938.9
Emerging Markets,Peru,Financial,Banks,2011,11Q2,184045518.15
Emerging Markets,Peru,Financial,Banks,2012,12Q2,217079329.1
Emerging Markets,Peru,Financial,Banks,2013,13Q2,245394024.2
Emerging Markets,Peru,Financial,Banks,2014,14Q2,179326402.3
Emerging Markets,Peru,Financial,Banks,2015,15Q2,206442441.9741
Emerging Markets,Peru,Financial,Banks,2016,16Q2,218589446.172
Emerging Markets,Peru,Financial,Banks,2017,17Q2,352763348.0192
Emerging Markets,Peru,Financial,Banks,2017,17Q4,456376255.6218
Emerging Markets,Peru,Financial,Banks,2018,18Q2,406221492.368
Emerging Markets,Peru,Financial,Banks,2019,19Q2,569427394.9244
Emerging Markets,Peru,Financial,Banks,2019,19Q4,222959347.4491
Emerging Markets,Peru,Financial,Banks,2020,20Q2,830809783.6242
Emerging Markets,Peru,Financial,Banks,2021,21Q4,114079906.5579
Emerging Markets,Peru,Financial,Banks,2022,22Q2,376925221.1712
Emerging Markets,Peru,Financial,Banks,2023,23Q2,639430759.4433
Emerging Markets,Peru,Financial,Banks,2024,24q2,876575769.1375
Emerging Markets,Peru,Financial,Banks,2024,24q4,275284903.9939
Emerging Markets,Peru,Financial,Banks,2025,25q2,1023104316.28
Emerging Markets,Peru,Mining & Chemicals,Mining & Chemicals,2010,10Q1,365500000
Emerging Markets,Peru,Mining & Chemicals,Mining & Chemicals,2010,10Q2,382500000
Emerging Markets,Peru,Mining & Chemicals,Mining & Chemicals,2010,10Q3,314500000
Emerging Markets,Peru,Mining & Chemicals,Mining & Chemicals,2010,10Q4,365500000
Emerging Markets,Peru,Mining & Chemicals,Mining & Chemicals,2011,11Q1,493000000
Emerging Markets,Peru,Mining & Chemicals,Mining & Chemicals,2011,11Q2,476000000
Emerging Markets,Peru,Mining & Chemicals,Mining & Chemicals,2011,11Q3,524168137.6
Emerging Markets,Peru,Mining & Chemicals,Mining & Chemicals,2011,11Q4,588686000
Emerging Markets,Peru,Mining & Chemicals,Mining & Chemicals,2012,12Q1,159786200
Emerging Markets,Peru,Mining & Chemicals,Mining & Chemicals,2012,12Q2,450341000
Emerging Markets,Peru,Mining & Chemicals,Mining & Chemicals,2012,12Q3,203722656
Emerging Markets,Peru,Mining & Chemicals,Mining & Chemicals,2012,12Q4,2325264012.5
Emerging Markets,Peru,Mining & Chemicals,Mining & Chemicals,2013,13Q1,78427875.0819314
Emerging Markets,Peru,Mining & Chemicals,Mining & Chemicals,2013,13Q2,169110110
Emerging Markets,Peru,Mining & Chemicals,Mining & Chemicals,2013,13Q3,101055390
Emerging Markets,Peru,Mining & Chemicals,Mining & Chemicals,2013,13Q4,100799140.56
Emerging Markets,Peru,Mining & Chemicals,Mining & Chemicals,2014,14Q1,100025946
Emerging Markets,Peru,Mining & Chemicals,Mining & Chemicals,2014,14Q2,83344347.1
Emerging Markets,Peru,Mining & Chemicals,Mining & Chemicals,2014,14Q3,99873650.76
Emerging Markets,Peru,Mining & Chemicals,Mining & Chemicals,2014,14Q4,98180076.24
Emerging Markets,Peru,Mining & Chemicals,Mining & Chemicals,2015,15Q1,80669096.8
Emerging Markets,Peru,Mining & Chemicals,Mining & Chemicals,2015,15Q2,79802604.3
Emerging Markets,Peru,Mining & Chemicals,Mining & Chemicals,2015,15Q3,79701424.3
Emerging Markets,Peru,Mining & Chemicals,Mining & Chemicals,2015,15Q4,31415046.8
Emerging Markets,Peru,Mining & Chemicals,Mining & Chemicals,2016,16Q1,23211212.1
Emerging Markets,Peru,Mining & Chemicals,Mining & Chemicals,2016,16Q2,38685353.5
Emerging Markets,Peru,Mining & Chemicals,Mining & Chemicals,2016,16Q3,38685953.5
Emerging Markets,Peru,Mining & Chemicals,Mining & Chemicals,2016,16Q4,38650823.45
Emerging Markets,Peru,Mining & Chemicals,Mining & Chemicals,2017,17Q1,61841317.52
Emerging Markets,Peru,Mining & Chemicals,Mining & Chemicals,2017,17Q2,92761976.28
Emerging Markets,Peru,Mining & Chemicals,Mining & Chemicals,2017,17Q3,108223817.66
Emerging Markets,Peru,Mining & Chemicals,Mining & Chemicals,2017,17Q4,193257117.25
Emerging Markets,Peru,Mining & Chemicals,Mining & Chemicals,2018,18Q1,231908540.7
Emerging Markets,Peru,Mining & Chemicals,Mining & Chemicals,2018,18Q2,231908540.7
Emerging Markets,Peru,Mining & Chemicals,Mining & Chemicals,2018,18Q3,309217787.6
Emerging Markets,Peru,Mining & Chemicals,Mining & Chemicals,2018,18Q4,309217787.6
Emerging Markets,Peru,Mining & Chemicals,Mining & Chemicals,2019,19Q1,652665984.28732
Emerging Markets,Peru,Mining & Chemicals,Mining & Chemicals,2019,19Q2,309217787.6
Emerging Markets,Peru,Mining & Chemicals,Mining & Chemicals,2019,19q3,309223547.6
Emerging Markets,Peru,Mining & Chemicals,Mining & Chemicals,2019,19Q4,309223547.6
Emerging Markets,Peru,Mining & Chemicals,Mining & Chemicals,2020,20Q1,309223547.6
Emerging Markets,Peru,Mining & Chemicals,Mining & Chemicals,2020,20Q2,154611773.8
Emerging Markets,Peru,Mining & Chemicals,Mining & Chemicals,2020,20Q3,309229307.6
Emerging Markets,Peru,Mining & Chemicals,Mining & Chemicals,2020,20Q4,386536634.5
Emerging Markets,Peru,Mining & Chemicals,Mining & Chemicals,2021,21Q1,463843961.4
Emerging Markets,Peru,Mining & Chemicals,Mining & Chemicals,2021,21q2,541151288.3
Emerging Markets,Peru,Mining & Chemicals,Mining & Chemicals,2021,21q3,695773142.1
Emerging Markets,Peru,Mining & Chemicals,Mining & Chemicals,2021,21Q4,773081269
Emerging Markets,Peru,Mining & Chemicals,Mining & Chemicals,2022,22q1,773081269
Emerging Markets,Peru,Mining & Chemicals,Mining & Chemicals,2022,22Q2,966362586.25
Emerging Markets,Peru,Mining & Chemicals,Mining & Chemicals,2022,22Q3,579819351.75
Emerging Markets,Peru,Mining & Chemicals,Mining & Chemicals,2022,22Q4,386549234.5
Emerging Markets,Peru,Mining & Chemicals,Mining & Chemicals,2023,23Q1,773098469
Emerging Markets,Peru,Mining & Chemicals,Mining & Chemicals,2023,23Q2,773101669
Emerging Markets,Peru,Mining & Chemicals,Mining & Chemicals,2023,23Q3,773108069
Emerging Markets,Peru,Mining & Chemicals,Mining & Chemicals,2023,23q4,773110469
Emerging Markets,Peru,Mining & Chemicals,Mining & Chemicals,2024,24q1,618488375.2
Emerging Markets,Peru,Mining & Chemicals,Mining & Chemicals,2024,24q3,468695556.6
Emerging Markets,Peru,Mining & Chemicals,Mining & Chemicals,2024,24q4,549878125.3
Emerging Markets,Peru,Mining & Chemicals,Mining & Chemicals,2025,25Q1,541170000
Emerging Markets,Peru,Mining & Chemicals,Mining & Chemicals,2025,25q2,557330273.5
Emerging Markets,Philippines,Financial,Banks,2010,10Q1,63354823.6415274
Emerging Markets,Philippines,Financial,Banks,2010,10Q3,109247970.95101
Emerging Markets,Philippines,Financial,Banks,2010,10Q4,72384923.9260792
Emerging Markets,Philippines,Financial,Banks,2011,11Q3,136329087.975532
Emerging Markets,Philippines,Financial,Banks,2012,12Q1,72504712.875902
Emerging Markets,Philippines,Financial,Banks,2012,12Q2,3242491241.01829
Emerging Markets,Philippines,Financial,Banks,2012,12Q4,77933294.974397
Emerging Markets,Philippines,Financial,Banks,2013,13Q2,74774455.8471684
Emerging Markets,Philippines,Financial,Banks,2013,13Q3,148443104.443237
Emerging Markets,Philippines,Financial,Banks,2013,13Q4,24204643.5323776
Emerging Markets,Philippines,Financial,Banks,2014,14Q1,94463380.408576
Emerging Markets,Philippines,Financial,Banks,2014,14Q2,24551767.8572733
Emerging Markets,Philippines,Financial,Banks,2014,14Q3,179302131.253272
Emerging Markets,Philippines,Financial,Banks,2014,14Q4,24015259.6303804
Emerging Markets,Philippines,Financial,Banks,2015,15Q1,79341932.1845112
Emerging Markets,Philippines,Financial,Banks,2015,15Q2,48104817.4105914
Emerging Markets,Philippines,Financial,Banks,2015,15Q3,169064427.88191
Emerging Markets,Philippines,Financial,Banks,2015,15Q4,22774276.8480217
Emerging Markets,Philippines,Financial,Banks,2016,16Q1,97065199.1893833
Emerging Markets,Philippines,Financial,Banks,2016,16Q2,22825085.1718757
Emerging Markets,Philippines,Financial,Banks,2016,16Q3,97295043.9653629
Emerging Markets,Philippines,Financial,Banks,2016,16Q4,21609505.4771813
Emerging Markets,Philippines,Financial,Banks,2017,17Q1,96922069.7894179
Emerging Markets,Philippines,Financial,Banks,2017,17Q2,25965436.0180278
Emerging Markets,Philippines,Financial,Banks,2017,17Q3,95710703.3438152
Emerging Markets,Philippines,Financial,Banks,2017,17Q4,26254366.2594661
Emerging Markets,Philippines,Financial,Banks,2018,18Q1,94789711.8715651
Emerging Markets,Philippines,Financial,Banks,2018,18Q2,24562424.4381989
Emerging Markets,Philippines,Financial,Banks,2018,18Q3,99927995.9888606
Emerging Markets,Philippines,Financial,Banks,2018,18Q4,24953089.2931916
Emerging Markets,Philippines,Financial,Banks,2019,19Q1,101979917.074309
Emerging Markets,Philippines,Financial,Banks,2019,19Q2,103365778.480414
Emerging Markets,Philippines,Financial,Banks,2019,19q3,25344625.3187188
Emerging Markets,Philippines,Financial,Banks,2019,19Q4,105670682.359896
Emerging Markets,Philippines,Financial,Banks,2020,20Q1,25771842.5168568
Emerging Markets,Philippines,Financial,Banks,2020,20Q2,107610605.588706
Emerging Markets,Philippines,Financial,Banks,2020,20Q3,27116937.2095682
Emerging Markets,Philippines,Financial,Banks,2020,20Q4,111726504.943993
Emerging Markets,Philippines,Financial,Banks,2021,21Q1,27075670.1967464
Emerging Markets,Philippines,Financial,Banks,2021,21q2,110382139.244686
Emerging Markets,Philippines,Financial,Banks,2021,21q3,25977751.9493669
Emerging Markets,Philippines,Financial,Banks,2021,21Q4,107005715.377415
Emerging Markets,Philippines,Financial,Banks,2022,22q1,25426366.2778191
Emerging Markets,Philippines,Financial,Banks,2022,22Q2,195429549.071805
Emerging Markets,Philippines,Financial,Banks,2022,22Q3,22447538.6811848
Emerging Markets,Philippines,Financial,Banks,2022,22Q4,110343015.123643
Emerging Markets,Philippines,Financial,Banks,2023,23Q1,72622995.139358
Emerging Markets,Philippines,Financial,Banks,2023,23Q2,208366720.62502
Emerging Markets,Philippines,Financial,Banks,2023,23Q3,69833386.0621116
Emerging Markets,Philippines,Financial,Banks,2023,23q4,208725564.461209
Emerging Markets,Philippines,Financial,Banks,2024,24q1,70288497.5653734
Emerging Markets,Philippines,Financial,Banks,2024,24q2,267570226.182472
Emerging Markets,Philippines,Financial,Banks,2024,24q3,94079567.5116137
Emerging Markets,Philippines,Financial,Banks,2024,24q4,268688829.367915
Emerging Markets,Philippines,Financial,Banks,2025,25Q1,92138014.8917568
Emerging Markets,Philippines,Financial,Banks,2025,25q2,298070888.25876
Emerging Markets,Philippines,Industrial,Machinery,2010,10Q2,1059512894.56307
Emerging Markets,Philippines,Industrial,Machinery,2011,11Q2,127531648.454563
Emerging Markets,Philippines,Industrial,Machinery,2012,12Q2,150424280.116922
Emerging Markets,Philippines,Industrial,Machinery,2013,13Q2,169217465.102346
Emerging Markets,Philippines,Industrial,Machinery,2014,14Q2,187657101.452998
Emerging Markets,Philippines,Industrial,Machinery,2015,15Q2,189376724.020993
Emerging Markets,Philippines,Industrial,Machinery,2016,16Q2,182872302.129232
Emerging Markets,Philippines,Industrial,Machinery,2017,17Q2,187868502.869222
Emerging Markets,Philippines,Industrial,Machinery,2018,18Q2,188015439.091922
Emerging Markets,Philippines,Industrial,Machinery,2019,19Q2,209253262.787234
Emerging Markets,Philippines,Industrial,Machinery,2020,20Q3,103673017.103126
Emerging Markets,Philippines,Industrial,Machinery,2021,21q2,106611351.272267
Emerging Markets,Philippines,Industrial,Machinery,2022,22Q2,143690105.260892
Emerging Markets,Philippines,Industrial,Machinery,2023,23Q2,163463887.271585
Emerging Markets,Philippines,Industrial,Machinery,2024,24q2,189167709.0636
Emerging Markets,Philippines,Industrial,Machinery,2025,25q2,286547000.273411
Emerging Markets,Philippines,Industrial,Transport,2010,10Q2,16833111.4894247
Emerging Markets,Philippines,Industrial,Transport,2011,11Q2,22410817.0373648
Emerging Markets,Philippines,Industrial,Transport,2012,12Q2,29180484.4324396
Emerging Markets,Philippines,Industrial,Transport,2013,13Q2,33054646.4937161
Emerging Markets,Philippines,Industrial,Transport,2014,14Q2,40896426.6123537
Emerging Markets,Philippines,Industrial,Transport,2015,15Q2,42474980.6393105
Emerging Markets,Philippines,Industrial,Transport,2016,16Q2,40950033.9329083
Emerging Markets,Philippines,Industrial,Transport,2017,17Q2,104238464.747786
Emerging Markets,Philippines,Industrial,Transport,2018,18Q2,100579095.890803
Emerging Markets,Philippines,Industrial,Transport,2019,19Q2,202443799.724952
Emerging Markets,Philippines,Industrial,Transport,2020,20Q2,136867543.038133
Emerging Markets,Philippines,Industrial,Transport,2021,21q2,102461197.084778
Emerging Markets,Philippines,Industrial,Transport,2021,21q3,110335573.858809
Emerging Markets,Philippines,Industrial,Transport,2022,22q1,234750049.743542
Emerging Markets,Philippines,Industrial,Transport,2023,23Q1,372813255.699739
Emerging Markets,Philippines,Industrial,Transport,2024,24q1,396728767.892363
Emerging Markets,Philippines,Industrial,Transport,2025,25Q1,499821659.31248
Emerging Markets,Philippines,Property,Property,2010,10Q2,72371241.070456
Emerging Markets,Philippines,Property,Property,2011,11Q2,86707822.4592856
Emerging Markets,Philippines,Property,Property,2012,12Q2,119548388.813156
Emerging Markets,Philippines,Property,Property,2013,13Q2,108554070.394664
Emerging Markets,Philippines,Property,Property,2014,14Q2,75671670.3370429
Emerging Markets,Philippines,Property,Property,2015,15Q2,154827675.548453
Emerging Markets,Philippines,Property,Property,2016,16Q2,163520869.918049
Emerging Markets,Philippines,Property,Property,2017,17Q2,173087875.569289
Emerging Markets,Philippines,Property,Property,2018,18Q2,221287816.042065
Emerging Markets,Philippines,Property,Property,2019,19Q2,221003415.018922
Emerging Markets,Philippines,Property,Property,2020,20Q3,123829780.046613
Emerging Markets,Philippines,Property,Property,2021,21q2,56801100.8803029
Emerging Markets,Philippines,Property,Property,2022,22Q2,53536274.316185
Emerging Markets,Philippines,Property,Property,2023,23Q2,122698683.712612
Emerging Markets,Philippines,Property,Property,2024,24q2,172071883.300298
Emerging Markets,Philippines,Property,Property,2025,25q2,249805776.680464
Emerging Markets,Philippines,Utilities,Utilities,2010,10Q2,78895831.9542335
Emerging Markets,Philippines,Utilities,Utilities,2010,10Q3,63458183.1700847
Emerging Markets,Philippines,Utilities,Utilities,2011,11Q1,32940769.9451055
Emerging Markets,Philippines,Utilities,Utilities,2011,11Q2,69029889.1928892
Emerging Markets,Philippines,Utilities,Utilities,2011,11Q3,90475409.4313389
Emerging Markets,Philippines,Utilities,Utilities,2011,11Q4,43692621.9133287
Emerging Markets,Philippines,Utilities,Utilities,2012,12Q2,108271041.439515
Emerging Markets,Philippines,Utilities,Utilities,2012,12Q3,107886203.122098
Emerging Markets,Philippines,Utilities,Utilities,2013,13Q2,166552949.055477
Emerging Markets,Philippines,Utilities,Utilities,2013,13Q3,107348964.368228
Emerging Markets,Philippines,Utilities,Utilities,2014,14Q2,252178024.682456
Emerging Markets,Philippines,Utilities,Utilities,2014,14Q3,149792551.861001
Emerging Markets,Philippines,Utilities,Utilities,2015,15Q2,214577026.936197
Emerging Markets,Philippines,Utilities,Utilities,2015,15Q3,163960579.166993
Emerging Markets,Philippines,Utilities,Utilities,2016,16Q2,283481591.477451
Emerging Markets,Philippines,Utilities,Utilities,2016,16Q3,317616955.456064
Emerging Markets,Philippines,Utilities,Utilities,2017,17Q2,210614343.443844
Emerging Markets,Philippines,Utilities,Utilities,2017,17Q3,198290966.250096
Emerging Markets,Philippines,Utilities,Utilities,2018,18Q2,173670506.491269
Emerging Markets,Philippines,Utilities,Utilities,2018,18Q3,110401845.202643
Emerging Markets,Philippines,Utilities,Utilities,2019,19Q2,231168248.502551
Emerging Markets,Philippines,Utilities,Utilities,2019,19q3,118476977.696831
Emerging Markets,Philippines,Utilities,Utilities,2020,20Q2,231484535.26726
Emerging Markets,Philippines,Utilities,Utilities,2020,20Q3,109338547.156433
Emerging Markets,Philippines,Utilities,Utilities,2021,21q2,182216582.451557
Emerging Markets,Philippines,Utilities,Utilities,2021,21q3,114451948.211296
Emerging Markets,Philippines,Utilities,Utilities,2022,22Q2,220566662.291161
Emerging Markets,Philippines,Utilities,Utilities,2022,22Q3,114614850.361296
Emerging Markets,Philippines,Utilities,Utilities,2023,23Q2,223414122.184255
Emerging Markets,Philippines,Utilities,Utilities,2023,23Q3,169191392.820428
Emerging Markets,Philippines,Utilities,Utilities,2024,24q2,220047341.865275
Emerging Markets,Philippines,Utilities,Utilities,2024,24q3,207362400.529418
Emerging Markets,Philippines,Utilities,Utilities,2025,25q2,272422008.405487
Emerging Markets,Qatar,Financial,Banks,2010,10Q3,331038395.347695
Emerging Markets,Qatar,Financial,Banks,2014,14Q1,259552333.621152
Emerging Markets,Qatar,Financial,Banks,2019,19Q1,1522070121.93459
Emerging Markets,Qatar,Financial,Banks,2021,21Q1,1401144140.29156
Emerging Markets,Qatar,Financial,Banks,2022,22q1,1768393796.5651
Emerging Markets,Qatar,Financial,Banks,2023,23Q1,1927284869.72501
Emerging Markets,Qatar,Financial,Banks,2024,24q1,2119418981.0361
Emerging Markets,Qatar,Financial,Banks,2024,24q3,999383285.089412
Emerging Markets,Qatar,Financial,Banks,2025,25Q1,1295548288.18219
Emerging Markets,Qatar,Industrial,Machinery,2010,10Q2,755183275
Emerging Markets,Qatar,Industrial,Machinery,2012,12Q1,1133023856.25
Emerging Markets,Qatar,Industrial,Machinery,2021,21Q1,548338385.595
Emerging Markets,Qatar,Industrial,Machinery,2022,22q1,1661289223
Emerging Markets,Qatar,Industrial,Machinery,2023,23Q1,1827418145.3
Emerging Markets,Qatar,Industrial,Machinery,2024,24q1,1296072547.77
Emerging Markets,Qatar,Industrial,Machinery,2024,24q3,515105756.165
Emerging Markets,Qatar,Industrial,Machinery,2025,25Q1,714501532.745
Emerging Markets,Qatar,Media & Telecommunications,Telecoms,2010,10Q2,282070661.307736
Emerging Markets,Qatar,Media & Telecommunications,Telecoms,2011,11Q1,201373920.457668
Emerging Markets,Qatar,Media & Telecommunications,Telecoms,2012,12Q1,188535169.68
Emerging Markets,Qatar,Media & Telecommunications,Telecoms,2013,13Q2,439909389.92
Emerging Markets,Qatar,Media & Telecommunications,Telecoms,2014,14Q1,351879156.4288
Emerging Markets,Qatar,Media & Telecommunications,Telecoms,2016,16Q1,2639456339.52
Emerging Markets,Qatar,Media & Telecommunications,Telecoms,2020,20Q2,219939583.864
Emerging Markets,Qatar,Media & Telecommunications,Telecoms,2021,21Q1,219906358.672
Emerging Markets,Qatar,Media & Telecommunications,Telecoms,2022,22Q2,263873139.1296
Emerging Markets,Qatar,Media & Telecommunications,Telecoms,2023,23Q1,378218166.08576
Emerging Markets,Qatar,Media & Telecommunications,Telecoms,2024,24q2,483867084.5008
Emerging Markets,Qatar,Media & Telecommunications,Telecoms,2025,25Q1,571842918.0464
Emerging Markets,Saudi Arabia,Consumer Defensive,"Food, drink & Tobacco",2010,10Q2,122658494
Emerging Markets,Saudi Arabia,Consumer Defensive,"Food, drink & Tobacco",2011,11Q2,137990805.75
Emerging Markets,Saudi Arabia,Consumer Defensive,"Food, drink & Tobacco",2012,12Q2,239987196
Emerging Markets,Saudi Arabia,Consumer Defensive,"Food, drink & Tobacco",2013,13Q2,133326220
Emerging Markets,Saudi Arabia,Consumer Defensive,"Food, drink & Tobacco",2014,14Q2,159989340
Emerging Markets,Saudi Arabia,Consumer Defensive,"Food, drink & Tobacco",2015,15Q2,159955218
Emerging Markets,Saudi Arabia,Consumer Defensive,"Food, drink & Tobacco",2016,16Q2,183992640
Emerging Markets,Saudi Arabia,Consumer Defensive,"Food, drink & Tobacco",2017,17Q2,191982074.4
Emerging Markets,Saudi Arabia,Consumer Defensive,"Food, drink & Tobacco",2018,18Q2,199981327.5
Emerging Markets,Saudi Arabia,Consumer Defensive,"Food, drink & Tobacco",2019,19Q2,226651565
Emerging Markets,Saudi Arabia,Consumer Defensive,"Food, drink & Tobacco",2020,20Q2,226063824
Emerging Markets,Saudi Arabia,Consumer Defensive,"Food, drink & Tobacco",2021,21q2,266652440
Emerging Markets,Saudi Arabia,Consumer Defensive,"Food, drink & Tobacco",2022,22Q2,266645340
Emerging Markets,Saudi Arabia,Consumer Defensive,"Food, drink & Tobacco",2023,23Q2,266599120
Emerging Markets,Saudi Arabia,Consumer Defensive,"Food, drink & Tobacco",2024,24q2,266588450
Emerging Markets,Saudi Arabia,Consumer Defensive,"Food, drink & Tobacco",2025,25q2,266588450
Emerging Markets,Saudi Arabia,Financial,Banks,2010,10Q1,472838232.3808
Emerging Markets,Saudi Arabia,Financial,Banks,2010,10Q2,173326894
Emerging Markets,Saudi Arabia,Financial,Banks,2010,10Q3,840007971
Emerging Markets,Saudi Arabia,Financial,Banks,2011,11Q1,1015948284
Emerging Markets,Saudi Arabia,Financial,Banks,2011,11Q2,366173257.737892
Emerging Markets,Saudi Arabia,Financial,Banks,2011,11Q3,854959785.041631
Emerging Markets,Saudi Arabia,Financial,Banks,2012,12Q1,1273188536.75
Emerging Markets,Saudi Arabia,Financial,Banks,2012,12Q2,226639469.5
Emerging Markets,Saudi Arabia,Financial,Banks,2012,12Q3,759959454
Emerging Markets,Saudi Arabia,Financial,Banks,2013,13Q1,1305235471.3
Emerging Markets,Saudi Arabia,Financial,Banks,2013,13Q2,419504006.3808
Emerging Markets,Saudi Arabia,Financial,Banks,2013,13Q3,956341694.520656
Emerging Markets,Saudi Arabia,Financial,Banks,2014,14Q1,586611894
Emerging Markets,Saudi Arabia,Financial,Banks,2014,14Q2,399962655
Emerging Markets,Saudi Arabia,Financial,Banks,2014,14Q3,1001872190.95483
Emerging Markets,Saudi Arabia,Financial,Banks,2015,15Q1,951535987.125
Emerging Markets,Saudi Arabia,Financial,Banks,2015,15Q2,840653825.897533
Emerging Markets,Saudi Arabia,Financial,Banks,2015,15Q3,1363958214.74553
Emerging Markets,Saudi Arabia,Financial,Banks,2016,16Q2,1166620532.5
Emerging Markets,Saudi Arabia,Financial,Banks,2016,16Q3,1361658189.83522
Emerging Markets,Saudi Arabia,Financial,Banks,2017,17Q2,1473883399.97759
Emerging Markets,Saudi Arabia,Financial,Banks,2017,17Q3,2284692671.17205
Emerging Markets,Saudi Arabia,Financial,Banks,2017,17Q4,47994879.6
Emerging Markets,Saudi Arabia,Financial,Banks,2018,18Q2,2661028004.44068
Emerging Markets,Saudi Arabia,Financial,Banks,2018,18Q3,2808987625.34196
Emerging Markets,Saudi Arabia,Financial,Banks,2019,19Q2,3458535199.64134
Emerging Markets,Saudi Arabia,Financial,Banks,2019,19q3,3225549344.50335
Emerging Markets,Saudi Arabia,Financial,Banks,2020,20Q2,3343926855.24227
Emerging Markets,Saudi Arabia,Financial,Banks,2021,21q2,2155034452.64646
Emerging Markets,Saudi Arabia,Financial,Banks,2021,21q3,2662597255.42974
Emerging Markets,Saudi Arabia,Financial,Banks,2022,22Q2,2015260793.23575
Emerging Markets,Saudi Arabia,Financial,Banks,2022,22Q3,2690822536.11377
Emerging Markets,Saudi Arabia,Financial,Banks,2023,23Q2,4036368292.55487
Emerging Markets,Saudi Arabia,Financial,Banks,2023,23Q3,4312444058.92767
Emerging Markets,Saudi Arabia,Financial,Banks,2023,23q4,159974400
Emerging Markets,Saudi Arabia,Financial,Banks,2024,24q1,279962686.5
Emerging Markets,Saudi Arabia,Financial,Banks,2024,24q2,4424370845.58542
Emerging Markets,Saudi Arabia,Financial,Banks,2024,24q3,4793152066.01647
Emerging Markets,Saudi Arabia,Financial,Banks,2024,24q4,366239607.5
Emerging Markets,Saudi Arabia,Financial,Banks,2025,25Q1,346629686
Emerging Markets,Saudi Arabia,Financial,Banks,2025,25q2,5157596323.59262
Emerging Markets,Saudi Arabia,Health,Healthcare,2020,20Q3,83989425.45
Emerging Markets,Saudi Arabia,Health,Healthcare,2020,20Q4,55992537.3
Emerging Markets,Saudi Arabia,Health,Healthcare,2021,21q2,121323629.7
Emerging Markets,Saudi Arabia,Health,Healthcare,2021,21q3,65322880
Emerging Markets,Saudi Arabia,Health,Healthcare,2021,21Q4,65321140.5
Emerging Markets,Saudi Arabia,Health,Healthcare,2022,22Q2,142765414.085
Emerging Markets,Saudi Arabia,Health,Healthcare,2022,22Q3,80144843.94
Emerging Markets,Saudi Arabia,Health,Healthcare,2022,22Q4,80083006.5
Emerging Markets,Saudi Arabia,Health,Healthcare,2023,23Q1,86700583.62
Emerging Markets,Saudi Arabia,Health,Healthcare,2023,23Q2,93330846
Emerging Markets,Saudi Arabia,Health,Healthcare,2023,23Q3,93296017.5
Emerging Markets,Saudi Arabia,Health,Healthcare,2023,23q4,109185447.735
Emerging Markets,Saudi Arabia,Health,Healthcare,2024,24q1,107324749.35
Emerging Markets,Saudi Arabia,Health,Healthcare,2024,24q2,109194174.18
Emerging Markets,Saudi Arabia,Health,Healthcare,2024,24q3,109133060.4
Emerging Markets,Saudi Arabia,Health,Healthcare,2024,24q4,111844908
Emerging Markets,Saudi Arabia,Health,Healthcare,2025,25Q1,114757153.77
Emerging Markets,Saudi Arabia,Health,Healthcare,2025,25q2,104513824.8
Emerging Markets,Saudi Arabia,Media & Telecommunications,Telecoms,2010,10Q2,1033285787.5
Emerging Markets,Saudi Arabia,Media & Telecommunications,Telecoms,2010,10Q3,399989340
Emerging Markets,Saudi Arabia,Media & Telecommunications,Telecoms,2010,10Q4,400026660
Emerging Markets,Saudi Arabia,Media & Telecommunications,Telecoms,2011,11Q1,373313416
Emerging Markets,Saudi Arabia,Media & Telecommunications,Telecoms,2011,11Q2,666650650
Emerging Markets,Saudi Arabia,Media & Telecommunications,Telecoms,2011,11Q3,499973325
Emerging Markets,Saudi Arabia,Media & Telecommunications,Telecoms,2011,11Q4,266627550
Emerging Markets,Saudi Arabia,Media & Telecommunications,Telecoms,2012,12Q2,1093238056
Emerging Markets,Saudi Arabia,Media & Telecommunications,Telecoms,2012,12Q3,453293169
Emerging Markets,Saudi Arabia,Media & Telecommunications,Telecoms,2012,12Q4,453303130
Emerging Markets,Saudi Arabia,Media & Telecommunications,Telecoms,2013,13Q1,214649498.7
Emerging Markets,Saudi Arabia,Media & Telecommunications,Telecoms,2013,13Q2,769425615.62
Emerging Markets,Saudi Arabia,Media & Telecommunications,Telecoms,2013,13Q3,513011935.28
Emerging Markets,Saudi Arabia,Media & Telecommunications,Telecoms,2013,13Q4,513011935.28
Emerging Markets,Saudi Arabia,Media & Telecommunications,Telecoms,2014,14Q1,256642703.625
Emerging Markets,Saudi Arabia,Media & Telecommunications,Telecoms,2014,14Q2,1056550529.875
Emerging Markets,Saudi Arabia,Media & Telecommunications,Telecoms,2014,14Q3,656598524.875
Emerging Markets,Saudi Arabia,Media & Telecommunications,Telecoms,2014,14Q4,533084600
Emerging Markets,Saudi Arabia,Media & Telecommunications,Telecoms,2015,15Q2,1066595560
Emerging Markets,Saudi Arabia,Media & Telecommunications,Telecoms,2015,15Q3,533290680
Emerging Markets,Saudi Arabia,Media & Telecommunications,Telecoms,2015,15Q4,533297800
Emerging Markets,Saudi Arabia,Media & Telecommunications,Telecoms,2016,16Q2,1066410800
Emerging Markets,Saudi Arabia,Media & Telecommunications,Telecoms,2016,16Q3,533283540
Emerging Markets,Saudi Arabia,Media & Telecommunications,Telecoms,2016,16Q4,533198240
Emerging Markets,Saudi Arabia,Media & Telecommunications,Telecoms,2017,17Q2,1066574240
Emerging Markets,Saudi Arabia,Media & Telecommunications,Telecoms,2017,17Q3,533290680
Emerging Markets,Saudi Arabia,Media & Telecommunications,Telecoms,2017,17Q4,533297800
Emerging Markets,Saudi Arabia,Media & Telecommunications,Telecoms,2018,18Q2,1066595600
Emerging Markets,Saudi Arabia,Media & Telecommunications,Telecoms,2018,18Q3,533233800
Emerging Markets,Saudi Arabia,Media & Telecommunications,Telecoms,2018,18Q4,533077400
Emerging Markets,Saudi Arabia,Media & Telecommunications,Telecoms,2019,19Q2,2133240880
Emerging Markets,Saudi Arabia,Media & Telecommunications,Telecoms,2019,19q3,533290680
Emerging Markets,Saudi Arabia,Media & Telecommunications,Telecoms,2019,19Q4,533304880
Emerging Markets,Saudi Arabia,Media & Telecommunications,Telecoms,2020,20Q2,1064998140
Emerging Markets,Saudi Arabia,Media & Telecommunications,Telecoms,2020,20Q3,533283540
Emerging Markets,Saudi Arabia,Media & Telecommunications,Telecoms,2020,20Q4,533276440
Emerging Markets,Saudi Arabia,Media & Telecommunications,Telecoms,2021,21q2,1702587375.9
Emerging Markets,Saudi Arabia,Media & Telecommunications,Telecoms,2021,21q3,533262260
Emerging Markets,Saudi Arabia,Media & Telecommunications,Telecoms,2021,21Q4,533191140
Emerging Markets,Saudi Arabia,Media & Telecommunications,Telecoms,2022,22q1,533063240
Emerging Markets,Saudi Arabia,Media & Telecommunications,Telecoms,2022,22Q2,707716505.735
Emerging Markets,Saudi Arabia,Media & Telecommunications,Telecoms,2022,22Q3,532339640
Emerging Markets,Saudi Arabia,Media & Telecommunications,Telecoms,2022,22Q4,532127140
Emerging Markets,Saudi Arabia,Media & Telecommunications,Telecoms,2023,23Q1,532467200
Emerging Markets,Saudi Arabia,Media & Telecommunications,Telecoms,2023,23Q2,769358044.275
Emerging Markets,Saudi Arabia,Media & Telecommunications,Telecoms,2023,23Q3,533205340
Emerging Markets,Saudi Arabia,Media & Telecommunications,Telecoms,2023,23q4,533248000
Emerging Markets,Saudi Arabia,Media & Telecommunications,Telecoms,2024,24q1,533290680
Emerging Markets,Saudi Arabia,Media & Telecommunications,Telecoms,2024,24q2,1866495980
Emerging Markets,Saudi Arabia,Media & Telecommunications,Telecoms,2024,24q3,830641568.85
Emerging Markets,Saudi Arabia,Media & Telecommunications,Telecoms,2024,24q4,716782824.8
Emerging Markets,Saudi Arabia,Media & Telecommunications,Telecoms,2025,25Q1,733079132.5
Emerging Markets,Saudi Arabia,Media & Telecommunications,Telecoms,2025,25q2,3399120107.5
Emerging Markets,Saudi Arabia,Mining & Chemicals,Mining & Chemicals,2010,10Q2,1666488085
Emerging Markets,Saudi Arabia,Mining & Chemicals,Mining & Chemicals,2010,10Q3,1599887985
Emerging Markets,Saudi Arabia,Mining & Chemicals,Mining & Chemicals,2011,11Q2,1599893400
Emerging Markets,Saudi Arabia,Mining & Chemicals,Mining & Chemicals,2011,11Q3,1999893300
Emerging Markets,Saudi Arabia,Mining & Chemicals,Mining & Chemicals,2012,12Q2,2866552000
Emerging Markets,Saudi Arabia,Mining & Chemicals,Mining & Chemicals,2012,12Q3,1999936020
Emerging Markets,Saudi Arabia,Mining & Chemicals,Mining & Chemicals,2013,13Q2,2933176839.4667
Emerging Markets,Saudi Arabia,Mining & Chemicals,Mining & Chemicals,2013,13Q3,2133112859.46672
Emerging Markets,Saudi Arabia,Mining & Chemicals,Mining & Chemicals,2014,14Q2,2933073729.4667
Emerging Markets,Saudi Arabia,Mining & Chemicals,Mining & Chemicals,2014,14Q3,2355345141.31114
Emerging Markets,Saudi Arabia,Mining & Chemicals,Mining & Chemicals,2015,15Q2,2666510179.73336
Emerging Markets,Saudi Arabia,Mining & Chemicals,Mining & Chemicals,2015,15Q3,2332986799.46667
Emerging Markets,Saudi Arabia,Mining & Chemicals,Mining & Chemicals,2016,16Q2,2733168974.46667
Emerging Markets,Saudi Arabia,Mining & Chemicals,Mining & Chemicals,2016,16Q3,1766418637.23335
Emerging Markets,Saudi Arabia,Mining & Chemicals,Mining & Chemicals,2017,17Q2,1710969818.98891
Emerging Markets,Saudi Arabia,Mining & Chemicals,Mining & Chemicals,2017,17Q3,1683243527.36667
Emerging Markets,Saudi Arabia,Mining & Chemicals,Mining & Chemicals,2018,18Q2,1870990889.82223
Emerging Markets,Saudi Arabia,Mining & Chemicals,Mining & Chemicals,2018,18Q3,1870888080.15557
Emerging Markets,Saudi Arabia,Mining & Chemicals,Mining & Chemicals,2019,19Q2,1926524631.23334
Emerging Markets,Saudi Arabia,Mining & Chemicals,Mining & Chemicals,2019,19q3,1926079194.48337
Emerging Markets,Saudi Arabia,Mining & Chemicals,Mining & Chemicals,2020,20Q2,1922955061.73403
Emerging Markets,Saudi Arabia,Mining & Chemicals,Mining & Chemicals,2020,20Q3,1310812525.6556
Emerging Markets,Saudi Arabia,Mining & Chemicals,Mining & Chemicals,2021,21q2,1311006254.82224
Emerging Markets,Saudi Arabia,Mining & Chemicals,Mining & Chemicals,2021,21q3,138870379.986141
Emerging Markets,Saudi Arabia,Mining & Chemicals,Mining & Chemicals,2021,21Q4,1399738725
Emerging Markets,Saudi Arabia,Mining & Chemicals,Mining & Chemicals,2022,22Q2,2132830271.96678
Emerging Markets,Saudi Arabia,Mining & Chemicals,Mining & Chemicals,2022,22Q3,506986978.42967
Emerging Markets,Saudi Arabia,Mining & Chemicals,Mining & Chemicals,2022,22Q4,1796646285
Emerging Markets,Saudi Arabia,Mining & Chemicals,Mining & Chemicals,2023,23Q2,2613694358.95648
Emerging Markets,Saudi Arabia,Mining & Chemicals,Mining & Chemicals,2023,23Q3,380665895.159801
Emerging Markets,Saudi Arabia,Mining & Chemicals,Mining & Chemicals,2023,23q4,1439769600
Emerging Markets,Saudi Arabia,Mining & Chemicals,Mining & Chemicals,2024,24q1,1660715806.12519
Emerging Markets,Saudi Arabia,Mining & Chemicals,Mining & Chemicals,2024,24q3,1740102659.16279
Emerging Markets,Saudi Arabia,Mining & Chemicals,Mining & Chemicals,2025,25Q1,1740632495.06558
Emerging Markets,Saudi Arabia,"Oil, Gas & Energy","Oil, Gas & Energy",2020,20Q1,
Emerging Markets,Saudi Arabia,"Oil, Gas & Energy","Oil, Gas & Energy",2020,20Q2,
Emerging Markets,Saudi Arabia,"Oil, Gas & Energy","Oil, Gas & Energy",2020,20Q3,
Emerging Markets,Saudi Arabia,"Oil, Gas & Energy","Oil, Gas & Energy",2020,20Q4,
Emerging Markets,Saudi Arabia,"Oil, Gas & Energy","Oil, Gas & Energy",2021,21Q1,
Emerging Markets,Saudi Arabia,"Oil, Gas & Energy","Oil, Gas & Energy",2021,21q2,
Emerging Markets,Saudi Arabia,"Oil, Gas & Energy","Oil, Gas & Energy",2021,21q3,
Emerging Markets,Saudi Arabia,"Oil, Gas & Energy","Oil, Gas & Energy",2021,21Q4,
Emerging Markets,Saudi Arabia,"Oil, Gas & Energy","Oil, Gas & Energy",2022,22q1,
Emerging Markets,Saudi Arabia,"Oil, Gas & Energy","Oil, Gas & Energy",2022,22Q2,
Emerging Markets,Saudi Arabia,"Oil, Gas & Energy","Oil, Gas & Energy",2022,22Q3,
Emerging Markets,Saudi Arabia,"Oil, Gas & Energy","Oil, Gas & Energy",2022,22Q4,
Emerging Markets,Saudi Arabia,"Oil, Gas & Energy","Oil, Gas & Energy",2023,23Q1,
Emerging Markets,Saudi Arabia,"Oil, Gas & Energy","Oil, Gas & Energy",2023,23Q2,
Emerging Markets,Saudi Arabia,"Oil, Gas & Energy","Oil, Gas & Energy",2023,23Q3,
Emerging Markets,Saudi Arabia,"Oil, Gas & Energy","Oil, Gas & Energy",2023,23q4,
Emerging Markets,Saudi Arabia,"Oil, Gas & Energy","Oil, Gas & Energy",2024,24q1,
Emerging Markets,Saudi Arabia,"Oil, Gas & Energy","Oil, Gas & Energy",2024,24q2,
Emerging Markets,Saudi Arabia,"Oil, Gas & Energy","Oil, Gas & Energy",2024,24q3,
Emerging Markets,Saudi Arabia,"Oil, Gas & Energy","Oil, Gas & Energy",2024,24q4,
Emerging Markets,Saudi Arabia,"Oil, Gas & Energy","Oil, Gas & Energy",2025,25Q1,
Emerging Markets,Saudi Arabia,"Oil, Gas & Energy","Oil, Gas & Energy",2025,25q2,
Emerging Markets,Saudi Arabia,Technology,Software & IT Services,2022,22Q2,191912997.6
Emerging Markets,Saudi Arabia,Technology,Software & IT Services,2022,22Q4,42584336
Emerging Markets,Saudi Arabia,Technology,Software & IT Services,2023,23Q2,223965868.8
Emerging Markets,Saudi Arabia,Technology,Software & IT Services,2023,23Q3,63974412
Emerging Markets,Saudi Arabia,Technology,Software & IT Services,2024,24q1,85324230.4
Emerging Markets,Saudi Arabia,Technology,Software & IT Services,2024,24q2,191918109.6
Emerging Markets,Saudi Arabia,Technology,Software & IT Services,2024,24q3,74622884
Emerging Markets,Saudi Arabia,Technology,Software & IT Services,2025,25Q1,85321961.6
Emerging Markets,Saudi Arabia,Technology,Software & IT Services,2025,25q2,319923204
Emerging Markets,Saudi Arabia,Utilities,Utilities,2010,10Q2,777712360.261588
Emerging Markets,Saudi Arabia,Utilities,Utilities,2011,11Q2,777816016.782517
Emerging Markets,Saudi Arabia,Utilities,Utilities,2012,12Q2,777722685.081061
Emerging Markets,Saudi Arabia,Utilities,Utilities,2013,13Q2,777722685.081061
Emerging Markets,Saudi Arabia,Utilities,Utilities,2014,14Q2,777670856.820596
Emerging Markets,Saudi Arabia,Utilities,Utilities,2015,15Q2,777743451.384635
Emerging Markets,Saudi Arabia,Utilities,Utilities,2016,16Q2,777691564.791857
Emerging Markets,Saudi Arabia,Utilities,Utilities,2017,17Q2,777712360.261588
Emerging Markets,Saudi Arabia,Utilities,Utilities,2018,18Q3,777650090.517022
Emerging Markets,Saudi Arabia,Utilities,Utilities,2019,19Q2,777691564.791857
Emerging Markets,Saudi Arabia,Utilities,Utilities,2020,20Q2,777453218.959263
Emerging Markets,Saudi Arabia,Utilities,Utilities,2021,21q2,777722685.081061
Emerging Markets,Saudi Arabia,Utilities,Utilities,2022,22Q2,777577525.11914
Emerging Markets,Saudi Arabia,Utilities,Utilities,2022,22Q3,149799578.226122
Emerging Markets,Saudi Arabia,Utilities,Utilities,2023,23Q2,777764217.688209
Emerging Markets,Saudi Arabia,Utilities,Utilities,2023,23Q3,161752043.663298
Emerging Markets,Saudi Arabia,Utilities,Utilities,2024,24q2,865339304.658815
Emerging Markets,Saudi Arabia,Utilities,Utilities,2025,25q2,777453218.959263
Emerging Markets,South Africa,Consumer Cyclical,General Retail,2010,10Q3,136150703.425785
Emerging Markets,South Africa,Consumer Cyclical,General Retail,2011,11Q3,136102063.908198
Emerging Markets,South Africa,Consumer Cyclical,General Retail,2012,12Q3,169147726.905646
Emerging Markets,South Africa,Consumer Cyclical,General Retail,2013,13Q3,162512823.331928
Emerging Markets,South Africa,Consumer Cyclical,General Retail,2014,14Q3,158854891.159847
Emerging Markets,South Africa,Consumer Cyclical,General Retail,2015,15Q3,146221262.731244
Emerging Markets,South Africa,Consumer Cyclical,General Retail,2016,16Q3,162551661.794431
Emerging Markets,South Africa,Consumer Cyclical,General Retail,2017,17Q3,191465951.110256
Emerging Markets,South Africa,Consumer Cyclical,General Retail,2018,18Q3,191327923.467377
Emerging Markets,South Africa,Consumer Cyclical,General Retail,2019,19q3,245009854.375
Emerging Markets,South Africa,Consumer Cyclical,General Retail,2020,20Q4,163215526.308465
Emerging Markets,South Africa,Consumer Cyclical,General Retail,2021,21Q4,181467593.118361
Emerging Markets,South Africa,Consumer Cyclical,General Retail,2022,22Q4,158533084.315164
Emerging Markets,South Africa,Consumer Cyclical,General Retail,2023,23q4,84130821.2378585
Emerging Markets,South Africa,Consumer Cyclical,General Retail,2024,24q4,121191969.302604
Emerging Markets,South Africa,Financial,Banks,2010,10Q2,549304420.782507
Emerging Markets,South Africa,Financial,Banks,2010,10Q3,313062496.751699
Emerging Markets,South Africa,Financial,Banks,2010,10Q4,10397143.3394585
Emerging Markets,South Africa,Financial,Banks,2011,11Q2,613590223.946518
Emerging Markets,South Africa,Financial,Banks,2011,11Q3,302510222.476943
Emerging Markets,South Africa,Financial,Banks,2011,11Q4,15529052.8101775
Emerging Markets,South Africa,Financial,Banks,2012,12Q1,39226212.555108
Emerging Markets,South Africa,Financial,Banks,2012,12Q2,590257171.221581
Emerging Markets,South Africa,Financial,Banks,2012,12Q3,411373676.491456
Emerging Markets,South Africa,Financial,Banks,2012,12Q4,19667762.4663811
Emerging Markets,South Africa,Financial,Banks,2013,13Q2,471520436.822486
Emerging Markets,South Africa,Financial,Banks,2013,13Q3,384427011.238025
Emerging Markets,South Africa,Financial,Banks,2013,13Q4,23840826.7285435
Emerging Markets,South Africa,Financial,Banks,2014,14Q2,512689237.683332
Emerging Markets,South Africa,Financial,Banks,2014,14Q3,381057659.392911
Emerging Markets,South Africa,Financial,Banks,2014,14Q4,25922686.7674017
Emerging Markets,South Africa,Financial,Banks,2015,15Q2,519502175.805855
Emerging Markets,South Africa,Financial,Banks,2015,15Q3,361916628.226035
Emerging Markets,South Africa,Financial,Banks,2015,15Q4,31878573.883296
Emerging Markets,South Africa,Financial,Banks,2016,16Q2,468299854.024488
Emerging Markets,South Africa,Financial,Banks,2016,16Q3,392605843.694126
Emerging Markets,South Africa,Financial,Banks,2016,16Q4,36710219.1192451
Emerging Markets,South Africa,Financial,Banks,2017,17Q2,599159974.937079
Emerging Markets,South Africa,Financial,Banks,2017,17Q3,487138106.511373
Emerging Markets,South Africa,Financial,Banks,2017,17Q4,44220851.2585438
Emerging Markets,South Africa,Financial,Banks,2018,18Q2,772718490.096635
Emerging Markets,South Africa,Financial,Banks,2018,18Q3,466881143.343214
Emerging Markets,South Africa,Financial,Banks,2018,18Q4,51007441.5179474
Emerging Markets,South Africa,Financial,Banks,2019,19Q2,713902392.02199
Emerging Markets,South Africa,Financial,Banks,2019,19q3,503835043.835268
Emerging Markets,South Africa,Financial,Banks,2019,19Q4,59225489.5321053
Emerging Markets,South Africa,Financial,Banks,2020,20Q2,468006064.871062
Emerging Markets,South Africa,Financial,Banks,2021,21q2,404992812.233757
Emerging Markets,South Africa,Financial,Banks,2021,21q3,394339492.234425
Emerging Markets,South Africa,Financial,Banks,2021,21Q4,94177004.7741918
Emerging Markets,South Africa,Financial,Banks,2022,22Q2,869412125.445566
Emerging Markets,South Africa,Financial,Banks,2022,22Q3,488089117.304302
Emerging Markets,South Africa,Financial,Banks,2022,22Q4,88187063.0180154
Emerging Markets,South Africa,Financial,Banks,2023,23Q2,801849535.081284
Emerging Markets,South Africa,Financial,Banks,2023,23Q3,608298914.207686
Emerging Markets,South Africa,Financial,Banks,2023,23q4,93861438.0381069
Emerging Markets,South Africa,Financial,Banks,2024,24q2,858704635.523161
Emerging Markets,South Africa,Financial,Banks,2024,24q3,704652442.19071
Emerging Markets,South Africa,Financial,Banks,2024,24q4,137333908.9189
Emerging Markets,South Africa,Financial,Banks,2025,25q2,952630285.6271
Emerging Markets,South Africa,Financial,General Financial,2010,10Q2,263772422.325809
Emerging Markets,South Africa,Financial,General Financial,2010,10Q4,328409682.849533
Emerging Markets,South Africa,Financial,General Financial,2011,11Q2,294682075.679895
Emerging Markets,South Africa,Financial,General Financial,2011,11Q4,822265551.507965
Emerging Markets,South Africa,Financial,General Financial,2012,12Q1,326705906.963679
Emerging Markets,South Africa,Financial,General Financial,2012,12Q4,370778446.992837
Emerging Markets,South Africa,Financial,General Financial,2013,13Q2,336547863.314619
Emerging Markets,South Africa,Financial,General Financial,2013,13Q4,458553355.022295
Emerging Markets,South Africa,Financial,General Financial,2014,14Q1,412745410.310141
Emerging Markets,South Africa,Financial,General Financial,2014,14Q4,495082353.31472
Emerging Markets,South Africa,Financial,General Financial,2015,15Q1,429872388.176526
Emerging Markets,South Africa,Financial,General Financial,2015,15Q4,494721628.127274
Emerging Markets,South Africa,Financial,General Financial,2016,16Q2,411298814.139261
Emerging Markets,South Africa,Financial,General Financial,2016,16Q4,480696830.990888
Emerging Markets,South Africa,Financial,General Financial,2017,17Q2,494740840.623677
Emerging Markets,South Africa,Financial,General Financial,2017,17Q4,550922805.130149
Emerging Markets,South Africa,Financial,General Financial,2018,18Q2,617601903.820829
Emerging Markets,South Africa,Financial,General Financial,2018,18Q4,546945127.285718
Emerging Markets,South Africa,Financial,General Financial,2019,19Q2,552134499.414269
Emerging Markets,South Africa,Financial,General Financial,2019,19q3,562336102.771684
Emerging Markets,South Africa,Financial,General Financial,2020,20Q2,437737664.463272
Emerging Markets,South Africa,Financial,General Financial,2021,21q2,424211853.273768
Emerging Markets,South Africa,Financial,General Financial,2021,21Q4,584341538.120301
Emerging Markets,South Africa,Financial,General Financial,2022,22Q2,604091340.34161
Emerging Markets,South Africa,Financial,General Financial,2022,22Q4,963002205.328394
Emerging Markets,South Africa,Financial,General Financial,2023,23Q2,595237962.840566
Emerging Markets,South Africa,Financial,General Financial,2023,23q4,581719195.765619
Emerging Markets,South Africa,Financial,General Financial,2024,24q2,597270291.001355
Emerging Markets,South Africa,Financial,General Financial,2024,24q4,686808944.36328
Emerging Markets,South Africa,Financial,General Financial,2025,25q2,627513990.844486
Emerging Markets,South Africa,Financial,Insurance,2010,10Q2,286373658.48
Emerging Markets,South Africa,Financial,Insurance,2011,11Q2,357169298.85
Emerging Markets,South Africa,Financial,Insurance,2012,12Q2,339996247.5
Emerging Markets,South Africa,Financial,Insurance,2013,13Q2,503008041.06
Emerging Markets,South Africa,Financial,Insurance,2014,14Q2,400095234
Emerging Markets,South Africa,Financial,Insurance,2015,15Q2,402347578.837297
Emerging Markets,South Africa,Financial,Insurance,2016,16Q2,360765731.53255
Emerging Markets,South Africa,Financial,Insurance,2017,17Q2,417108074.922462
Emerging Markets,South Africa,Financial,Insurance,2018,18Q2,519666521.261311
Emerging Markets,South Africa,Financial,Insurance,2019,19Q2,521553470.322195
Emerging Markets,South Africa,Financial,Insurance,2020,20Q2,417482286.496202
Emerging Markets,South Africa,Financial,Insurance,2021,21q2,458498799.872066
Emerging Markets,South Africa,Financial,Insurance,2022,22Q2,509807742.396681
Emerging Markets,South Africa,Financial,Insurance,2023,23Q2,436305184.466808
Emerging Markets,South Africa,Financial,Insurance,2024,24q2,472633689.23392
Emerging Markets,South Africa,Financial,Insurance,2025,25q2,481247542.545789
Emerging Markets,South Africa,Media & Telecommunications,Telecoms,2010,10Q2,488172247.166677
Emerging Markets,South Africa,Media & Telecommunications,Telecoms,2010,10Q3,727397581.617848
Emerging Markets,South Africa,Media & Telecommunications,Telecoms,2010,10Q4,389064114.284508
Emerging Markets,South Africa,Media & Telecommunications,Telecoms,2011,11Q2,982187093.710937
Emerging Markets,South Africa,Media & Telecommunications,Telecoms,2011,11Q3,1288032259.67895
Emerging Markets,South Africa,Media & Telecommunications,Telecoms,2011,11Q4,484090338.347044
Emerging Markets,South Africa,Media & Telecommunications,Telecoms,2012,12Q2,1961175004.37561
Emerging Markets,South Africa,Media & Telecommunications,Telecoms,2012,12Q3,720233675.142542
Emerging Markets,South Africa,Media & Telecommunications,Telecoms,2012,12Q4,596660645.619402
Emerging Markets,South Africa,Media & Telecommunications,Telecoms,2013,13Q2,1028237795.33507
Emerging Markets,South Africa,Media & Telecommunications,Telecoms,2013,13Q3,1344983207.56224
Emerging Markets,South Africa,Media & Telecommunications,Telecoms,2013,13Q4,571663799.595252
Emerging Markets,South Africa,Media & Telecommunications,Telecoms,2014,14Q1,1183717334.90059
Emerging Markets,South Africa,Media & Telecommunications,Telecoms,2014,14Q2,601405413.9912
Emerging Markets,South Africa,Media & Telecommunications,Telecoms,2014,14Q3,770449310.542506
Emerging Markets,South Africa,Media & Telecommunications,Telecoms,2014,14Q4,507430042.933613
Emerging Markets,South Africa,Media & Telecommunications,Telecoms,2015,15Q1,1217830319.07145
Emerging Markets,South Africa,Media & Telecommunications,Telecoms,2015,15Q2,484389616.48688
Emerging Markets,South Africa,Media & Telecommunications,Telecoms,2015,15Q3,667837823.742537
Emerging Markets,South Africa,Media & Telecommunications,Telecoms,2015,15Q4,403775580.952484
Emerging Markets,South Africa,Media & Telecommunications,Telecoms,2016,16Q2,1423335644.80089
Emerging Markets,South Africa,Media & Telecommunications,Telecoms,2016,16Q3,319891941.119673
Emerging Markets,South Africa,Media & Telecommunications,Telecoms,2016,16Q4,425129710.990959
Emerging Markets,South Africa,Media & Telecommunications,Telecoms,2017,17Q1,665297319.850113
Emerging Markets,South Africa,Media & Telecommunications,Telecoms,2017,17Q2,503753259.125142
Emerging Markets,South Africa,Media & Telecommunications,Telecoms,2017,17Q3,361074935.326276
Emerging Markets,South Africa,Media & Telecommunications,Telecoms,2017,17Q4,494276743.055203
Emerging Markets,South Africa,Media & Telecommunications,Telecoms,2018,18Q2,1256409158.41986
Emerging Markets,South Africa,Media & Telecommunications,Telecoms,2018,18Q3,221865231.636142
Emerging Markets,South Africa,Media & Telecommunications,Telecoms,2018,18Q4,529463685.153453
Emerging Markets,South Africa,Media & Telecommunications,Telecoms,2019,19Q2,944089379.908647
Emerging Markets,South Africa,Media & Telecommunications,Telecoms,2019,19q3,241950841.597398
Emerging Markets,South Africa,Media & Telecommunications,Telecoms,2019,19Q4,553312283.496034
Emerging Markets,South Africa,Media & Telecommunications,Telecoms,2020,20Q2,787279698.270366
Emerging Markets,South Africa,Media & Telecommunications,Telecoms,2020,20Q4,503558479.007446
Emerging Markets,South Africa,Media & Telecommunications,Telecoms,2021,21q2,529747273.967776
Emerging Markets,South Africa,Media & Telecommunications,Telecoms,2021,21Q4,485594451.783577
Emerging Markets,South Africa,Media & Telecommunications,Telecoms,2022,22Q2,886095091.32184
Emerging Markets,South Africa,Media & Telecommunications,Telecoms,2022,22Q4,359921627.053077
Emerging Markets,South Africa,Media & Telecommunications,Telecoms,2023,23Q2,706282295.574967
Emerging Markets,South Africa,Media & Telecommunications,Telecoms,2023,23q4,336537178.672285
Emerging Markets,South Africa,Media & Telecommunications,Telecoms,2024,24q2,650957114.040358
Emerging Markets,South Africa,Media & Telecommunications,Telecoms,2024,24q4,325219890.125845
Emerging Markets,South Africa,Media & Telecommunications,Telecoms,2025,25q2,731394093.856569
Emerging Markets,South Africa,Mining & Chemicals,Mining & Chemicals,2010,10Q1,46111954.1486767
Emerging Markets,South Africa,Mining & Chemicals,Mining & Chemicals,2010,10Q3,97522080.8044281
Emerging Markets,South Africa,Mining & Chemicals,Mining & Chemicals,2011,11Q1,336179972.540523
Emerging Markets,South Africa,Mining & Chemicals,Mining & Chemicals,2011,11Q3,317715442.11838
Emerging Markets,South Africa,Mining & Chemicals,Mining & Chemicals,2012,12Q1,314784612.290085
Emerging Markets,South Africa,Mining & Chemicals,Mining & Chemicals,2012,12Q3,168716846.954152
Emerging Markets,South Africa,Mining & Chemicals,Mining & Chemicals,2013,13Q1,84029438.2928698
Emerging Markets,South Africa,Mining & Chemicals,Mining & Chemicals,2014,14Q1,15761041.8684656
Emerging Markets,South Africa,Mining & Chemicals,Mining & Chemicals,2014,14Q3,14097480.9391497
Emerging Markets,South Africa,Mining & Chemicals,Mining & Chemicals,2015,15Q1,12870382.5736266
Emerging Markets,South Africa,Mining & Chemicals,Mining & Chemicals,2015,15Q3,2297500.46170475
Emerging Markets,South Africa,Mining & Chemicals,Mining & Chemicals,2016,16Q1,10563262.2698319
Emerging Markets,South Africa,Mining & Chemicals,Mining & Chemicals,2016,16Q3,44079282.2966612
Emerging Markets,South Africa,Mining & Chemicals,Mining & Chemicals,2017,17Q1,54991391.7108469
Emerging Markets,South Africa,Mining & Chemicals,Mining & Chemicals,2017,17Q3,25400044.7219049
Emerging Markets,South Africa,Mining & Chemicals,Mining & Chemicals,2017,17Q4,11604144.380923
Emerging Markets,South Africa,Mining & Chemicals,Mining & Chemicals,2018,18Q1,114281521.363936
Emerging Markets,South Africa,Mining & Chemicals,Mining & Chemicals,2018,18Q3,81269693.4106194
Emerging Markets,South Africa,Mining & Chemicals,Mining & Chemicals,2019,19Q1,152471622.797869
Emerging Markets,South Africa,Mining & Chemicals,Mining & Chemicals,2019,19q3,227021623.600336
Emerging Markets,South Africa,Mining & Chemicals,Mining & Chemicals,2020,20Q1,756294403.845046
Emerging Markets,South Africa,Mining & Chemicals,Mining & Chemicals,2020,20Q3,247554672.764905
Emerging Markets,South Africa,Mining & Chemicals,Mining & Chemicals,2021,21Q1,818028929.879453
Emerging Markets,South Africa,Mining & Chemicals,Mining & Chemicals,2021,21q2,47598661.0149525
Emerging Markets,South Africa,Mining & Chemicals,Mining & Chemicals,2021,21q3,3274117818.49223
Emerging Markets,South Africa,Mining & Chemicals,Mining & Chemicals,2021,21Q4,11333578.4656226
Emerging Markets,South Africa,Mining & Chemicals,Mining & Chemicals,2022,22q1,2354436893.56013
Emerging Markets,South Africa,Mining & Chemicals,Mining & Chemicals,2022,22Q2,16902693.3070601
Emerging Markets,South Africa,Mining & Chemicals,Mining & Chemicals,2022,22Q3,1460508237.14939
Emerging Markets,South Africa,Mining & Chemicals,Mining & Chemicals,2022,22Q4,7520731.65766966
Emerging Markets,South Africa,Mining & Chemicals,Mining & Chemicals,2023,23Q1,214509313.418002
Emerging Markets,South Africa,Mining & Chemicals,Mining & Chemicals,2023,23Q2,506417846.645727
Emerging Markets,South Africa,Mining & Chemicals,Mining & Chemicals,2023,23Q3,324847691.696747
Emerging Markets,South Africa,Mining & Chemicals,Mining & Chemicals,2023,23q4,24698187.7311523
Emerging Markets,South Africa,Mining & Chemicals,Mining & Chemicals,2024,24q1,278092633.589656
Emerging Markets,South Africa,Mining & Chemicals,Mining & Chemicals,2024,24q2,180220480.02965
Emerging Markets,South Africa,Mining & Chemicals,Mining & Chemicals,2024,24q3,390565248.18112
Emerging Markets,South Africa,Mining & Chemicals,Mining & Chemicals,2024,24q4,33979497.2406126
Emerging Markets,South Africa,Mining & Chemicals,Mining & Chemicals,2025,25Q1,636662562.402924
Emerging Markets,South Africa,Mining & Chemicals,Mining & Chemicals,2025,25q2,962004562.147729
Emerging Markets,Thailand,Consumer Defensive,Food Retail,2010,10Q2,110753909.729883
Emerging Markets,Thailand,Consumer Defensive,Food Retail,2010,10Q4,59620470.7737648
Emerging Markets,Thailand,Consumer Defensive,Food Retail,2011,11Q2,148411172.929873
Emerging Markets,Thailand,Consumer Defensive,Food Retail,2012,12Q2,179009881.658025
Emerging Markets,Thailand,Consumer Defensive,Food Retail,2013,13Q2,271165215.111696
Emerging Markets,Thailand,Consumer Defensive,Food Retail,2014,14Q2,248495193.751773
Emerging Markets,Thailand,Consumer Defensive,Food Retail,2015,15Q2,214010747.516753
Emerging Markets,Thailand,Consumer Defensive,Food Retail,2016,16Q2,226528201.581376
Emerging Markets,Thailand,Consumer Defensive,Food Retail,2017,17Q2,260379755.987265
Emerging Markets,Thailand,Consumer Defensive,Food Retail,2018,18Q2,306780870.061994
Emerging Markets,Thailand,Consumer Defensive,Food Retail,2019,19Q2,337499102.548118
Emerging Markets,Thailand,Consumer Defensive,Food Retail,2020,20Q2,349782001.548374
Emerging Markets,Thailand,Consumer Defensive,Food Retail,2021,21q2,257662053.420948
Emerging Markets,Thailand,Consumer Defensive,Food Retail,2022,22Q2,157287823.619017
Emerging Markets,Thailand,Consumer Defensive,Food Retail,2023,23Q2,195966425.525655
Emerging Markets,Thailand,Consumer Defensive,Food Retail,2024,24q2,244871231.005963
Emerging Markets,Thailand,Consumer Defensive,Food Retail,2025,25q2,372256526.817746
Emerging Markets,Thailand,Financial,Banks,2010,10Q2,286236628.327933
Emerging Markets,Thailand,Financial,Banks,2010,10Q3,8171587.19202992
Emerging Markets,Thailand,Financial,Banks,2011,11Q2,221878835.498352
Emerging Markets,Thailand,Financial,Banks,2011,11Q3,8162280.26081449
Emerging Markets,Thailand,Financial,Banks,2012,12Q2,255676716.137294
Emerging Markets,Thailand,Financial,Banks,2012,12Q3,38719626.880962
Emerging Markets,Thailand,Financial,Banks,2012,12Q4,131290471.736243
Emerging Markets,Thailand,Financial,Banks,2013,13Q2,413085734.350823
Emerging Markets,Thailand,Financial,Banks,2013,13Q3,38378128.9941326
Emerging Markets,Thailand,Financial,Banks,2014,14Q2,599140018.259381
Emerging Markets,Thailand,Financial,Banks,2014,14Q3,37053110.0613189
Emerging Markets,Thailand,Financial,Banks,2015,15Q2,629486769.943034
Emerging Markets,Thailand,Financial,Banks,2015,15Q3,33010485.544479
Emerging Markets,Thailand,Financial,Banks,2016,16Q2,536231591.787931
Emerging Markets,Thailand,Financial,Banks,2016,16Q3,34519834.5739876
Emerging Markets,Thailand,Financial,Banks,2017,17Q2,595306195.998744
Emerging Markets,Thailand,Financial,Banks,2017,17Q3,35827247.4881915
Emerging Markets,Thailand,Financial,Banks,2018,18Q2,530093971.331966
Emerging Markets,Thailand,Financial,Banks,2018,18Q3,36938726.5836546
Emerging Markets,Thailand,Financial,Banks,2019,19Q2,580035643.005099
Emerging Markets,Thailand,Financial,Banks,2019,19q3,39051323.170671
Emerging Markets,Thailand,Financial,Banks,2020,20Q2,655098589.998611
Emerging Markets,Thailand,Financial,Banks,2021,21q2,313287438.597584
Emerging Markets,Thailand,Financial,Banks,2021,21q3,35637023.1557267
Emerging Markets,Thailand,Financial,Banks,2022,22Q2,359861515.275506
Emerging Markets,Thailand,Financial,Banks,2022,22Q3,31605787.5864791
Emerging Markets,Thailand,Financial,Banks,2022,22Q4,132920870.012176
Emerging Markets,Thailand,Financial,Banks,2023,23Q2,1037384714.08842
Emerging Markets,Thailand,Financial,Banks,2023,23Q3,263712521.76773
Emerging Markets,Thailand,Financial,Banks,2024,24q2,1434317239.22056
Emerging Markets,Thailand,Financial,Banks,2024,24q3,313679472.963229
Emerging Markets,Thailand,Financial,Banks,2025,25q2,2268678958.66981
Emerging Markets,Thailand,Health,Healthcare,2010,10Q2,26275664.3166916
Emerging Markets,Thailand,Health,Healthcare,2011,11Q1,32790420.496328
Emerging Markets,Thailand,Health,Healthcare,2012,12Q2,54909715.511759
Emerging Markets,Thailand,Health,Healthcare,2013,13Q2,93996489.7960494
Emerging Markets,Thailand,Health,Healthcare,2014,14Q2,95711810.636165
Emerging Markets,Thailand,Health,Healthcare,2015,15Q2,106930376.54357
Emerging Markets,Thailand,Health,Healthcare,2016,16Q2,114516182.088854
Emerging Markets,Thailand,Health,Healthcare,2016,16Q3,44706942.4000227
Emerging Markets,Thailand,Health,Healthcare,2017,17Q2,85436334.4727339
Emerging Markets,Thailand,Health,Healthcare,2017,17Q3,60294140.6900857
Emerging Markets,Thailand,Health,Healthcare,2018,18Q2,112965122.181564
Emerging Markets,Thailand,Health,Healthcare,2018,18Q3,62823169.8348764
Emerging Markets,Thailand,Health,Healthcare,2019,19Q2,93114445.0731251
Emerging Markets,Thailand,Health,Healthcare,2019,19q3,128020173.461537
Emerging Markets,Thailand,Health,Healthcare,2020,20Q2,146944076.48596
Emerging Markets,Thailand,Health,Healthcare,2021,21q2,278407407.48036
Emerging Markets,Thailand,Health,Healthcare,2021,21Q4,119731800.368104
Emerging Markets,Thailand,Health,Healthcare,2022,22Q2,92800010.1376933
Emerging Markets,Thailand,Health,Healthcare,2022,22Q3,126394502.29758
Emerging Markets,Thailand,Health,Healthcare,2023,23Q2,138603111.615364
Emerging Markets,Thailand,Health,Healthcare,2023,23Q3,152755256.348299
Emerging Markets,Thailand,Health,Healthcare,2024,24q2,150350066.224099
Emerging Markets,Thailand,Health,Healthcare,2024,24q3,170097869.846474
Emerging Markets,Thailand,Health,Healthcare,2025,25q2,189415988.700012
Emerging Markets,Thailand,Industrial,Transport,2010,10Q1,18096800.3031816
Emerging Markets,Thailand,Industrial,Transport,2011,11Q1,25580775.3477705
Emerging Markets,Thailand,Industrial,Transport,2012,12Q1,37166047.405344
Emerging Markets,Thailand,Industrial,Transport,2013,13Q1,86390939.32326
Emerging Markets,Thailand,Industrial,Transport,2014,14Q1,200195637.518448
Emerging Markets,Thailand,Industrial,Transport,2015,15Q1,148809375.47619
Emerging Markets,Thailand,Industrial,Transport,2015,15Q2,65437174.56276
Emerging Markets,Thailand,Industrial,Transport,2016,16Q1,200811084.903
Emerging Markets,Thailand,Industrial,Transport,2017,17Q1,278755340.815809
Emerging Markets,Thailand,Industrial,Transport,2018,18Q1,389249985.03534
Emerging Markets,Thailand,Industrial,Transport,2019,19Q1,479884380.11514
Emerging Markets,Thailand,Industrial,Transport,2020,20Q1,482799762.199755
Emerging Markets,Thailand,Industrial,Transport,2021,21Q1,90310527.832239
Emerging Markets,Thailand,Industrial,Transport,2024,24q1,142342973.085456
Emerging Markets,Thailand,Industrial,Transport,2025,25Q1,334081863.06066
Emerging Markets,Thailand,Media & Telecommunications,Telecoms,2010,10Q2,760972703.341945
Emerging Markets,Thailand,Media & Telecommunications,Telecoms,2010,10Q3,285463037.634616
Emerging Markets,Thailand,Media & Telecommunications,Telecoms,2010,10Q4,592925621.370609
Emerging Markets,Thailand,Media & Telecommunications,Telecoms,2011,11Q2,388510034.019884
Emerging Markets,Thailand,Media & Telecommunications,Telecoms,2011,11Q3,414157612.443944
Emerging Markets,Thailand,Media & Telecommunications,Telecoms,2012,12Q2,408692707.585741
Emerging Markets,Thailand,Media & Telecommunications,Telecoms,2012,12Q3,562039818.100739
Emerging Markets,Thailand,Media & Telecommunications,Telecoms,2013,13Q2,515714676.816848
Emerging Markets,Thailand,Media & Telecommunications,Telecoms,2013,13Q3,590467388.111663
Emerging Markets,Thailand,Media & Telecommunications,Telecoms,2014,14Q2,528856844.098518
Emerging Markets,Thailand,Media & Telecommunications,Telecoms,2014,14Q3,559336433.594948
Emerging Markets,Thailand,Media & Telecommunications,Telecoms,2015,15Q2,547663363.12766
Emerging Markets,Thailand,Media & Telecommunications,Telecoms,2015,15Q3,540562787.81329
Emerging Markets,Thailand,Media & Telecommunications,Telecoms,2016,16Q2,550675342.857939
Emerging Markets,Thailand,Media & Telecommunications,Telecoms,2016,16Q3,496982213.905738
Emerging Markets,Thailand,Media & Telecommunications,Telecoms,2017,17Q2,370234510.274858
Emerging Markets,Thailand,Media & Telecommunications,Telecoms,2017,17Q3,313333264.293368
Emerging Markets,Thailand,Media & Telecommunications,Telecoms,2018,18Q2,336523467.894163
Emerging Markets,Thailand,Media & Telecommunications,Telecoms,2018,18Q3,343573856.824206
Emerging Markets,Thailand,Media & Telecommunications,Telecoms,2019,19Q2,308262181.321189
Emerging Markets,Thailand,Media & Telecommunications,Telecoms,2019,19q3,366496524.765543
Emerging Markets,Thailand,Media & Telecommunications,Telecoms,2020,20Q2,327313972.354941
Emerging Markets,Thailand,Media & Telecommunications,Telecoms,2020,20Q3,306337527.871107
Emerging Markets,Thailand,Media & Telecommunications,Telecoms,2021,21q2,349997785.762847
Emerging Markets,Thailand,Media & Telecommunications,Telecoms,2021,21q3,317083971.037927
Emerging Markets,Thailand,Media & Telecommunications,Telecoms,2022,22Q2,373640852.853159
Emerging Markets,Thailand,Media & Telecommunications,Telecoms,2022,22Q3,280989203.899719
Emerging Markets,Thailand,Media & Telecommunications,Telecoms,2023,23Q2,365791151.457064
Emerging Markets,Thailand,Media & Telecommunications,Telecoms,2023,23Q3,335476593.910906
Emerging Markets,Thailand,Media & Telecommunications,Telecoms,2024,24q2,372711033.932214
Emerging Markets,Thailand,Media & Telecommunications,Telecoms,2024,24q3,423087525.793308
Emerging Markets,Thailand,Media & Telecommunications,Telecoms,2025,25q2,499289728.723681
Emerging Markets,Thailand,"Oil, Gas & Energy","Oil, Gas & Energy",2010,10Q2,517667413.523851
Emerging Markets,Thailand,"Oil, Gas & Energy","Oil, Gas & Energy",2010,10Q3,709928648.079208
Emerging Markets,Thailand,"Oil, Gas & Energy","Oil, Gas & Energy",2011,11Q2,791964968.448486
Emerging Markets,Thailand,"Oil, Gas & Energy","Oil, Gas & Energy",2011,11Q3,843219083.201971
Emerging Markets,Thailand,"Oil, Gas & Energy","Oil, Gas & Energy",2012,12Q2,949399259.222459
Emerging Markets,Thailand,"Oil, Gas & Energy","Oil, Gas & Energy",2012,12Q3,759828984.217269
Emerging Markets,Thailand,"Oil, Gas & Energy","Oil, Gas & Energy",2013,13Q2,1188882843.73145
Emerging Markets,Thailand,"Oil, Gas & Energy","Oil, Gas & Energy",2013,13Q3,373118919.019584
Emerging Markets,Thailand,"Oil, Gas & Energy","Oil, Gas & Energy",2013,13Q4,456277912.660344
Emerging Markets,Thailand,"Oil, Gas & Energy","Oil, Gas & Energy",2014,14Q2,1075650200.90556
Emerging Markets,Thailand,"Oil, Gas & Energy","Oil, Gas & Energy",2014,14Q3,372885281.408809
Emerging Markets,Thailand,"Oil, Gas & Energy","Oil, Gas & Energy",2014,14Q4,528658833.053844
Emerging Markets,Thailand,"Oil, Gas & Energy","Oil, Gas & Energy",2015,15Q2,621799891.184993
Emerging Markets,Thailand,"Oil, Gas & Energy","Oil, Gas & Energy",2015,15Q3,584095652.053295
Emerging Markets,Thailand,"Oil, Gas & Energy","Oil, Gas & Energy",2016,16Q2,553491923.723691
Emerging Markets,Thailand,"Oil, Gas & Energy","Oil, Gas & Energy",2016,16Q3,577074395.325458
Emerging Markets,Thailand,"Oil, Gas & Energy","Oil, Gas & Energy",2017,17Q2,1113573151.87241
Emerging Markets,Thailand,"Oil, Gas & Energy","Oil, Gas & Energy",2017,17Q3,178801319.99609
Emerging Markets,Thailand,"Oil, Gas & Energy","Oil, Gas & Energy",2017,17Q4,690970572.788139
Emerging Markets,Thailand,"Oil, Gas & Energy","Oil, Gas & Energy",2018,18Q2,1435044889.35542
Emerging Markets,Thailand,"Oil, Gas & Energy","Oil, Gas & Energy",2018,18Q3,212071879.905432
Emerging Markets,Thailand,"Oil, Gas & Energy","Oil, Gas & Energy",2018,18Q4,689927475.015486
Emerging Markets,Thailand,"Oil, Gas & Energy","Oil, Gas & Energy",2019,19Q2,1479493802.11779
Emerging Markets,Thailand,"Oil, Gas & Energy","Oil, Gas & Energy",2019,19q3,290817754.137468
Emerging Markets,Thailand,"Oil, Gas & Energy","Oil, Gas & Energy",2019,19Q4,852061570.050904
Emerging Markets,Thailand,"Oil, Gas & Energy","Oil, Gas & Energy",2020,20Q2,1422202330.38729
Emerging Markets,Thailand,"Oil, Gas & Energy","Oil, Gas & Energy",2020,20Q3,191094353.982285
Emerging Markets,Thailand,"Oil, Gas & Energy","Oil, Gas & Energy",2020,20Q4,164918664.407935
Emerging Markets,Thailand,"Oil, Gas & Energy","Oil, Gas & Energy",2021,21q2,1099641763.08027
Emerging Markets,Thailand,"Oil, Gas & Energy","Oil, Gas & Energy",2021,21q3,243352109.469404
Emerging Markets,Thailand,"Oil, Gas & Energy","Oil, Gas & Energy",2021,21Q4,1028988132.36384
Emerging Markets,Thailand,"Oil, Gas & Energy","Oil, Gas & Energy",2022,22Q2,1020917187.13287
Emerging Markets,Thailand,"Oil, Gas & Energy","Oil, Gas & Energy",2022,22Q3,468386082.023005
Emerging Markets,Thailand,"Oil, Gas & Energy","Oil, Gas & Energy",2022,22Q4,975230311.232034
Emerging Markets,Thailand,"Oil, Gas & Energy","Oil, Gas & Energy",2023,23Q2,1162596259.02647
Emerging Markets,Thailand,"Oil, Gas & Energy","Oil, Gas & Energy",2023,23Q3,1106152544.39197
Emerging Markets,Thailand,"Oil, Gas & Energy","Oil, Gas & Energy",2024,24q2,1488252489.51007
Emerging Markets,Thailand,"Oil, Gas & Energy","Oil, Gas & Energy",2024,24q3,1211135590.42092
Emerging Markets,Thailand,"Oil, Gas & Energy","Oil, Gas & Energy",2025,25q2,1723914390.19174
Emerging Markets,Thailand,Technology,IT Hardware,2010,10Q2,58053709.0413223
Emerging Markets,Thailand,Technology,IT Hardware,2011,11Q2,70626101.5894329
Emerging Markets,Thailand,Technology,IT Hardware,2012,12Q2,48348125.1692923
Emerging Markets,Thailand,Technology,IT Hardware,2013,13Q2,103142663.634946
Emerging Markets,Thailand,Technology,IT Hardware,2014,14Q2,104431949.287934
Emerging Markets,Thailand,Technology,IT Hardware,2015,15Q2,114983717.010943
Emerging Markets,Thailand,Technology,IT Hardware,2016,16Q2,110261848.712149
Emerging Markets,Thailand,Technology,IT Hardware,2017,17Q2,108231110.197175
Emerging Markets,Thailand,Technology,IT Hardware,2018,18Q2,88041050.0199072
Emerging Markets,Thailand,Technology,IT Hardware,2019,19Q2,90247805.1823126
Emerging Markets,Thailand,Technology,IT Hardware,2020,20Q2,68443435.4865426
Emerging Markets,Thailand,Technology,IT Hardware,2021,21q2,130823440.006289
Emerging Markets,Thailand,Technology,IT Hardware,2022,22Q2,62465538.7244
Emerging Markets,Thailand,Technology,IT Hardware,2023,23Q2,146116890.186079
Emerging Markets,Thailand,Technology,IT Hardware,2024,24q2,151636843.220563
Emerging Markets,Thailand,Technology,IT Hardware,2025,25q2,170455422.032341
Emerging Markets,Turkey,Consumer Cyclical,Auto,2010,10Q2,171650853.327996
Emerging Markets,Turkey,Consumer Cyclical,Auto,2010,10Q4,98283785.166
Emerging Markets,Turkey,Consumer Cyclical,Auto,2011,11Q2,197146889.195004
Emerging Markets,Turkey,Consumer Cyclical,Auto,2011,11Q4,123213619.694624
Emerging Markets,Turkey,Consumer Cyclical,Auto,2012,12Q2,195749318.394
Emerging Markets,Turkey,Consumer Cyclical,Auto,2012,12Q4,127382725.31166
Emerging Markets,Turkey,Consumer Cyclical,Auto,2013,13Q2,167062788.910395
Emerging Markets,Turkey,Consumer Cyclical,Auto,2014,14Q4,66184458.720975
Emerging Markets,Turkey,Consumer Cyclical,Auto,2015,15Q2,77249642.16627
Emerging Markets,Turkey,Consumer Cyclical,Auto,2015,15Q4,58668653.2062267
Emerging Markets,Turkey,Consumer Cyclical,Auto,2016,16Q2,123044286.0213
Emerging Markets,Turkey,Consumer Cyclical,Auto,2016,16Q4,90511490.910393
Emerging Markets,Turkey,Consumer Cyclical,Auto,2017,17Q2,108308485.89666
Emerging Markets,Turkey,Consumer Cyclical,Auto,2017,17Q4,86971628.4922705
Emerging Markets,Turkey,Consumer Cyclical,Auto,2018,18Q2,199976200.026624
Emerging Markets,Turkey,Consumer Cyclical,Auto,2018,18Q4,76337454.77946
Emerging Markets,Turkey,Consumer Cyclical,Auto,2019,19Q2,151686144.170631
Emerging Markets,Turkey,Consumer Cyclical,Auto,2019,19Q4,64392525.0118899
Emerging Markets,Turkey,Consumer Cyclical,Auto,2020,20Q1,169492866.733008
Emerging Markets,Turkey,Consumer Cyclical,Auto,2021,21Q1,279503744.946363
Emerging Markets,Turkey,Consumer Cyclical,Auto,2021,21Q4,88827622.2518139
Emerging Markets,Turkey,Consumer Cyclical,Auto,2022,22q1,307670462.04258
Emerging Markets,Turkey,Consumer Cyclical,Auto,2022,22Q4,107317683.265275
Emerging Markets,Turkey,Consumer Cyclical,Auto,2023,23Q1,263376573.407325
Emerging Markets,Turkey,Consumer Cyclical,Auto,2023,23q4,368603216.715485
Emerging Markets,Turkey,Consumer Cyclical,Auto,2024,24q2,467534469.719331
Emerging Markets,Turkey,Consumer Cyclical,Auto,2024,24q4,144318842.550225
Emerging Markets,Turkey,Consumer Cyclical,Auto,2025,25q2,157898066.088924
Emerging Markets,Turkey,Industrial,Machinery,2010,10Q2,238906063.509338
Emerging Markets,Turkey,Industrial,Machinery,2011,11Q2,367025701.464458
Emerging Markets,Turkey,Industrial,Machinery,2012,12Q2,197811439.85368
Emerging Markets,Turkey,Industrial,Machinery,2013,13Q2,305466736.571162
Emerging Markets,Turkey,Industrial,Machinery,2014,14Q2,204341777.038344
Emerging Markets,Turkey,Industrial,Machinery,2015,15Q2,215548268.30739
Emerging Markets,Turkey,Industrial,Machinery,2016,16Q2,263490408.020618
Emerging Markets,Turkey,Industrial,Machinery,2016,16Q3,4689724.2
Emerging Markets,Turkey,Industrial,Machinery,2016,16Q4,3948166.18
Emerging Markets,Turkey,Industrial,Machinery,2017,17Q2,228870598.407024
Emerging Markets,Turkey,Industrial,Machinery,2017,17Q3,7225063.106274
Emerging Markets,Turkey,Industrial,Machinery,2017,17Q4,6579331.166262
Emerging Markets,Turkey,Industrial,Machinery,2018,18Q2,224938249.74939
Emerging Markets,Turkey,Industrial,Machinery,2018,18Q3,4472864.07438078
Emerging Markets,Turkey,Industrial,Machinery,2018,18Q4,5232942.4272834
Emerging Markets,Turkey,Industrial,Machinery,2019,19Q2,189516769.812631
Emerging Markets,Turkey,Industrial,Machinery,2019,19q3,10094135.0920642
Emerging Markets,Turkey,Industrial,Machinery,2019,19Q4,9764702.6541315
Emerging Markets,Turkey,Industrial,Machinery,2020,20Q2,78572903.7330085
Emerging Markets,Turkey,Industrial,Machinery,2020,20Q3,16310630.2567798
Emerging Markets,Turkey,Industrial,Machinery,2020,20Q4,28799151.2358127
Emerging Markets,Turkey,Industrial,Machinery,2021,21q2,183823348.16535
Emerging Markets,Turkey,Industrial,Machinery,2021,21Q4,31597430.6214036
Emerging Markets,Turkey,Industrial,Machinery,2022,22Q2,155736507.985818
Emerging Markets,Turkey,Industrial,Machinery,2022,22Q4,24707262.4525533
Emerging Markets,Turkey,Industrial,Machinery,2023,23Q1,229614745.239982
Emerging Markets,Turkey,Industrial,Machinery,2023,23q4,13853638.8839071
Emerging Markets,Turkey,Industrial,Machinery,2024,24q2,624990312.601276
Emerging Markets,Turkey,Industrial,Machinery,2024,24q4,14713412.0976041
Emerging Markets,Turkey,Industrial,Machinery,2025,25q2,458500560.53293
Emerging Markets,Turkey,Industrial,Transport,2013,13Q2,91684967.4912
Emerging Markets,Turkey,Industrial,Transport,2025,25q2,120186976.514302
Emerging Markets,United Arab Emirates,Consumer Cyclical,General Retail,2018,18Q2,200100721.8
Emerging Markets,United Arab Emirates,Consumer Cyclical,General Retail,2018,18Q4,200100721.8
Emerging Markets,United Arab Emirates,Consumer Cyclical,General Retail,2019,19Q2,200100721.8
Emerging Markets,United Arab Emirates,Consumer Cyclical,General Retail,2019,19Q4,325020104.0625
Emerging Markets,United Arab Emirates,Consumer Cyclical,General Retail,2020,20Q2,324997960
Emerging Markets,United Arab Emirates,Consumer Cyclical,General Retail,2020,20Q4,28000488.758
Emerging Markets,United Arab Emirates,Consumer Cyclical,General Retail,2021,21q2,28000488.758
Emerging Markets,United Arab Emirates,Consumer Cyclical,General Retail,2021,21Q4,350006109.475
Emerging Markets,United Arab Emirates,Consumer Cyclical,General Retail,2022,22Q2,350015648.8125
Emerging Markets,United Arab Emirates,Consumer Cyclical,General Retail,2022,22Q4,350015648.8125
Emerging Markets,United Arab Emirates,Consumer Cyclical,General Retail,2023,23Q2,28005445.0995
Emerging Markets,United Arab Emirates,Consumer Cyclical,General Retail,2023,23q4,350010892
Emerging Markets,United Arab Emirates,Consumer Cyclical,General Retail,2024,24q2,350025201.00625
Emerging Markets,United Arab Emirates,Consumer Cyclical,General Retail,2024,24q4,350015648.8125
Emerging Markets,United Arab Emirates,Consumer Cyclical,General Retail,2025,25q2,350025201.00625
Emerging Markets,United Arab Emirates,Financial,Banks,2010,10Q2,361824779.082408
Emerging Markets,United Arab Emirates,Financial,Banks,2012,12Q1,316467030.830341
Emerging Markets,United Arab Emirates,Financial,Banks,2014,14Q1,1304205030.78588
Emerging Markets,United Arab Emirates,Financial,Banks,2015,15Q1,1138975272.21557
Emerging Markets,United Arab Emirates,Financial,Banks,2015,15Q2,706400556.419601
Emerging Markets,United Arab Emirates,Financial,Banks,2016,16Q1,605240778.199644
Emerging Markets,United Arab Emirates,Financial,Banks,2016,16Q2,1948437534.35127
Emerging Markets,United Arab Emirates,Financial,Banks,2017,17Q1,1854558037.49204
Emerging Markets,United Arab Emirates,Financial,Banks,2017,17Q2,777600082.063777
Emerging Markets,United Arab Emirates,Financial,Banks,2018,18Q1,2682275673.72221
Emerging Markets,United Arab Emirates,Financial,Banks,2018,18Q2,1448623302.28048
Emerging Markets,United Arab Emirates,Financial,Banks,2019,19Q1,2800673251.28556
Emerging Markets,United Arab Emirates,Financial,Banks,2019,19Q2,1549624251.90607
Emerging Markets,United Arab Emirates,Financial,Banks,2020,20Q1,2199964507.104
Emerging Markets,United Arab Emirates,Financial,Banks,2020,20Q2,2368309122.93542
Emerging Markets,United Arab Emirates,Financial,Banks,2021,21Q1,2887831647.10178
Emerging Markets,United Arab Emirates,Financial,Banks,2021,21q2,1109158818.47137
Emerging Markets,United Arab Emirates,Financial,Banks,2022,22q1,2809459454.99042
Emerging Markets,United Arab Emirates,Financial,Banks,2022,22Q2,1008563288.29936
Emerging Markets,United Arab Emirates,Financial,Banks,2023,23Q1,2596134193.82195
Emerging Markets,United Arab Emirates,Financial,Banks,2023,23Q2,932502434.248523
Emerging Markets,United Arab Emirates,Financial,Banks,2024,24q1,5086593054.46447
Emerging Markets,United Arab Emirates,Financial,Banks,2024,24q2,1822911465.63898
Emerging Markets,United Arab Emirates,Financial,Banks,2025,25Q1,4863052030.16693
Emerging Markets,United Arab Emirates,Financial,Banks,2025,25q2,1996506968.88928
Emerging Markets,United Arab Emirates,Media & Telecommunications,Telecoms,2010,10Q2,684590775.152306
Emerging Markets,United Arab Emirates,Media & Telecommunications,Telecoms,2010,10Q3,537892751.959835
Emerging Markets,United Arab Emirates,Media & Telecommunications,Telecoms,2011,11Q2,753080693.110989
Emerging Markets,United Arab Emirates,Media & Telecommunications,Telecoms,2011,11Q3,537892751.959835
Emerging Markets,United Arab Emirates,Media & Telecommunications,Telecoms,2012,12Q2,753049852.743769
Emerging Markets,United Arab Emirates,Media & Telecommunications,Telecoms,2012,12Q3,537900121.246813
Emerging Markets,United Arab Emirates,Media & Telecommunications,Telecoms,2013,13Q2,968691842.01702
Emerging Markets,United Arab Emirates,Media & Telecommunications,Telecoms,2014,14Q2,753375685.293
Emerging Markets,United Arab Emirates,Media & Telecommunications,Telecoms,2014,14Q3,753375685.293
Emerging Markets,United Arab Emirates,Media & Telecommunications,Telecoms,2015,15Q2,753365446.8417
Emerging Markets,United Arab Emirates,Media & Telecommunications,Telecoms,2015,15Q3,860989082.1048
Emerging Markets,United Arab Emirates,Media & Telecommunications,Telecoms,2016,16Q2,861024248.61552
Emerging Markets,United Arab Emirates,Media & Telecommunications,Telecoms,2016,16Q3,947075119.11936
Emerging Markets,United Arab Emirates,Media & Telecommunications,Telecoms,2017,17Q2,947139649.03404
Emerging Markets,United Arab Emirates,Media & Telecommunications,Telecoms,2017,17Q3,947075119.11936
Emerging Markets,United Arab Emirates,Media & Telecommunications,Telecoms,2018,18Q2,947075119.11936
Emerging Markets,United Arab Emirates,Media & Telecommunications,Telecoms,2018,18Q3,947062178.349408
Emerging Markets,United Arab Emirates,Media & Telecommunications,Telecoms,2019,19Q2,947062178.349408
Emerging Markets,United Arab Emirates,Media & Telecommunications,Telecoms,2019,19q3,947062178.349408
Emerging Markets,United Arab Emirates,Media & Telecommunications,Telecoms,2020,20Q2,1538976039.81779
Emerging Markets,United Arab Emirates,Media & Telecommunications,Telecoms,2020,20Q3,355148316.881028
Emerging Markets,United Arab Emirates,Media & Telecommunications,Telecoms,2021,21q2,1894124356.69882
Emerging Markets,United Arab Emirates,Media & Telecommunications,Telecoms,2022,22Q2,947087845.803228
Emerging Markets,United Arab Emirates,Media & Telecommunications,Telecoms,2022,22Q3,947075119.11936
Emerging Markets,United Arab Emirates,Media & Telecommunications,Telecoms,2023,23Q2,947281406.12424
Emerging Markets,United Arab Emirates,Media & Telecommunications,Telecoms,2023,23Q3,947075119.11936
Emerging Markets,United Arab Emirates,Media & Telecommunications,Telecoms,2024,24q2,947100861.5112
Emerging Markets,United Arab Emirates,Media & Telecommunications,Telecoms,2024,24q3,982617143.81787
Emerging Markets,United Arab Emirates,Media & Telecommunications,Telecoms,2025,25q2,982603789.952103
Emerging Markets,United Arab Emirates,"Oil, Gas & Energy","Oil, Gas & Energy",2022,22Q2,32480027.0396
Emerging Markets,United Arab Emirates,"Oil, Gas & Energy","Oil, Gas & Energy",2022,22Q3,34108356.96
Emerging Markets,United Arab Emirates,"Oil, Gas & Energy","Oil, Gas & Energy",2023,23Q2,34114858.992
Emerging Markets,United Arab Emirates,"Oil, Gas & Energy","Oil, Gas & Energy",2023,23q4,358259206.4832
Emerging Markets,United Arab Emirates,"Oil, Gas & Energy","Oil, Gas & Energy",2024,24q2,358256414.4128
Emerging Markets,United Arab Emirates,"Oil, Gas & Energy","Oil, Gas & Energy",2024,24q3,394099480.77696
Emerging Markets,United Arab Emirates,"Oil, Gas & Energy","Oil, Gas & Energy",2025,25q2,605516070.08
Emerging Markets,United Arab Emirates,Property,Property,2010,10Q2,35092494.3433448
Emerging Markets,United Arab Emirates,Property,Property,2011,11Q2,165981239.02565
Emerging Markets,United Arab Emirates,Property,Property,2013,13Q2,165838232.111127
Emerging Markets,United Arab Emirates,Property,Property,2014,14Q2,415659661.916903
Emerging Markets,United Arab Emirates,Property,Property,2014,14Q4,2450289878.42074
Emerging Markets,United Arab Emirates,Property,Property,2015,15Q2,485045797.712921
Emerging Markets,United Arab Emirates,Property,Property,2016,16Q2,506462954.975803
Emerging Markets,United Arab Emirates,Property,Property,2017,17Q2,527862308.48989
Emerging Markets,United Arab Emirates,Property,Property,2018,18Q1,818679139.626158
Emerging Markets,United Arab Emirates,Property,Property,2018,18Q2,529761049.473832
Emerging Markets,United Arab Emirates,Property,Property,2018,18Q4,283135715.2
Emerging Markets,United Arab Emirates,Property,Property,2019,19Q2,875234515.925372
Emerging Markets,United Arab Emirates,Property,Property,2020,20Q2,310382434.730504
Emerging Markets,United Arab Emirates,Property,Property,2021,21q2,505303375.980535
Emerging Markets,United Arab Emirates,Property,Property,2022,22Q2,613488198.324201
Emerging Markets,United Arab Emirates,Property,Property,2023,23Q2,1510738684.7708
Emerging Markets,United Arab Emirates,Property,Property,2024,24q2,1769498067.9596
Emerging Markets,United Arab Emirates,Property,Property,2025,25q2,3146918680.39675
Europe ex-UK,Austria,Financial,Banks,2010,10Q2,303047733.523535
Europe ex-UK,Austria,Financial,Banks,2011,11Q2,377270961.280835
Europe ex-UK,Austria,Financial,Banks,2013,13Q2,204078779.818594
Europe ex-UK,Austria,Financial,Banks,2014,14Q2,116884110
Europe ex-UK,Austria,Financial,Banks,2016,16Q2,240795450
Europe ex-UK,Austria,Financial,Banks,2017,17Q2,480688320
Europe ex-UK,Austria,Financial,Banks,2018,18Q2,601530836.424
Europe ex-UK,Austria,Financial,Banks,2019,19Q2,671158548.172
Europe ex-UK,Austria,Financial,Banks,2021,21Q1,391075052.235
Europe ex-UK,Austria,Financial,Banks,2021,21q2,262210235
Europe ex-UK,Austria,Financial,Banks,2021,21Q4,486426150
Europe ex-UK,Austria,Financial,Banks,2022,22Q2,734407856
Europe ex-UK,Austria,Financial,Banks,2023,23Q2,880887994
Europe ex-UK,Austria,Financial,Banks,2024,24q2,1228973090.52024
Europe ex-UK,Austria,Financial,Banks,2025,25q2,1391890070.3904
Europe ex-UK,Austria,"Oil, Gas & Energy","Oil, Gas & Energy",2010,10Q2,368625000
Europe ex-UK,Austria,"Oil, Gas & Energy","Oil, Gas & Energy",2011,11Q2,423105000
Europe ex-UK,Austria,"Oil, Gas & Energy","Oil, Gas & Energy",2012,12Q2,458675999.61777
Europe ex-UK,Austria,"Oil, Gas & Energy","Oil, Gas & Energy",2013,13Q2,506696726.85048
Europe ex-UK,Austria,"Oil, Gas & Energy","Oil, Gas & Energy",2014,14Q2,559002313.170528
Europe ex-UK,Austria,"Oil, Gas & Energy","Oil, Gas & Energy",2015,15Q2,446665867.809597
Europe ex-UK,Austria,"Oil, Gas & Energy","Oil, Gas & Energy",2016,16Q2,364336363.33275
Europe ex-UK,Austria,"Oil, Gas & Energy","Oil, Gas & Energy",2017,17Q2,442799999.631
Europe ex-UK,Austria,"Oil, Gas & Energy","Oil, Gas & Energy",2018,18Q2,572547223.159241
Europe ex-UK,Austria,"Oil, Gas & Energy","Oil, Gas & Energy",2019,19Q2,638590908.55875
Europe ex-UK,Austria,"Oil, Gas & Energy","Oil, Gas & Energy",2020,20Q4,672868635.802913
Europe ex-UK,Austria,"Oil, Gas & Energy","Oil, Gas & Energy",2021,21q2,733235726.661698
Europe ex-UK,Austria,"Oil, Gas & Energy","Oil, Gas & Energy",2022,22Q2,783626726.619705
Europe ex-UK,Austria,"Oil, Gas & Energy","Oil, Gas & Energy",2023,23Q2,1776268634.88341
Europe ex-UK,Austria,"Oil, Gas & Energy","Oil, Gas & Energy",2024,24q2,1774120089.43066
Europe ex-UK,Austria,"Oil, Gas & Energy","Oil, Gas & Energy",2025,25q2,1776223479.4289
Europe ex-UK,Austria,Utilities,Utilities,2010,10Q2,251360022.375
Europe ex-UK,Austria,Utilities,Utilities,2011,11Q2,138954097.36593
Europe ex-UK,Austria,Utilities,Utilities,2012,12Q2,123140239.10496
Europe ex-UK,Austria,Utilities,Utilities,2013,13Q2,133650466.8786
Europe ex-UK,Austria,Utilities,Utilities,2014,14Q2,235220412.653869
Europe ex-UK,Austria,Utilities,Utilities,2015,15Q2,55521461.338371
Europe ex-UK,Austria,Utilities,Utilities,2016,16Q2,140047605.722675
Europe ex-UK,Austria,Utilities,Utilities,2017,17Q2,110080049.771844
Europe ex-UK,Austria,Utilities,Utilities,2018,18Q2,174280384.050528
Europe ex-UK,Austria,Utilities,Utilities,2019,19Q2,162913637.63598
Europe ex-UK,Austria,Utilities,Utilities,2020,20Q3,132936762.150045
Europe ex-UK,Austria,Utilities,Utilities,2021,21q2,155253121.632
Europe ex-UK,Austria,Utilities,Utilities,2022,22Q2,185796875.158335
Europe ex-UK,Austria,Utilities,Utilities,2023,23Q2,665882681.48388
Europe ex-UK,Austria,Utilities,Utilities,2024,24q2,768356551.10844
Europe ex-UK,Austria,Utilities,Utilities,2025,25q2,536402939.91228
Europe ex-UK,Belgium,Consumer Cyclical,General Retail,2010,10Q2,21935576.838175
Europe ex-UK,Belgium,Consumer Cyclical,General Retail,2011,11Q2,34322326.79405
Europe ex-UK,Belgium,Consumer Cyclical,General Retail,2012,12Q2,55581345.2048
Europe ex-UK,Belgium,Consumer Cyclical,General Retail,2013,13Q2,58375233.5672
Europe ex-UK,Belgium,Consumer Cyclical,General Retail,2014,14Q2,59852919.5736
Europe ex-UK,Belgium,Consumer Cyclical,General Retail,2015,15Q2,49913928.2829904
Europe ex-UK,Belgium,Consumer Cyclical,General Retail,2016,16Q2,55545946.5507642
Europe ex-UK,Belgium,Consumer Cyclical,General Retail,2017,17Q2,58957570.1558
Europe ex-UK,Belgium,Consumer Cyclical,General Retail,2018,18Q2,248502322.97
Europe ex-UK,Belgium,Consumer Cyclical,General Retail,2019,19Q2,62077190.95
Europe ex-UK,Belgium,Consumer Cyclical,General Retail,2020,20Q2,62566619.137
Europe ex-UK,Belgium,Consumer Cyclical,General Retail,2021,21q2,90613066.3569
Europe ex-UK,Belgium,Consumer Cyclical,General Retail,2022,22Q2,123690116.4051
Europe ex-UK,Belgium,Consumer Cyclical,General Retail,2023,23Q2,175670930.5572
Europe ex-UK,Belgium,Consumer Cyclical,General Retail,2024,24q2,216947431.023188
Europe ex-UK,Belgium,Consumer Cyclical,General Retail,2024,24q4,4162855610.8924
Europe ex-UK,Belgium,Consumer Cyclical,General Retail,2025,25q2,99498459.9624
Europe ex-UK,Belgium,Consumer Defensive,"Food, drink & Tobacco",2010,10Q2,803215223.1187
Europe ex-UK,Belgium,Consumer Defensive,"Food, drink & Tobacco",2011,11Q2,1912501755.84622
Europe ex-UK,Belgium,Consumer Defensive,"Food, drink & Tobacco",2012,12Q2,2534908966.8201
Europe ex-UK,Belgium,Consumer Defensive,"Food, drink & Tobacco",2013,13Q2,3571179988.10092
Europe ex-UK,Belgium,Consumer Defensive,"Food, drink & Tobacco",2013,13Q4,1304282698.209
Europe ex-UK,Belgium,Consumer Defensive,"Food, drink & Tobacco",2014,14Q2,3232059992.61729
Europe ex-UK,Belgium,Consumer Defensive,"Food, drink & Tobacco",2014,14Q4,2007005798.5802
Europe ex-UK,Belgium,Consumer Defensive,"Food, drink & Tobacco",2015,15Q2,3652157112.0604
Europe ex-UK,Belgium,Consumer Defensive,"Food, drink & Tobacco",2015,15Q4,2757684989.73632
Europe ex-UK,Belgium,Consumer Defensive,"Food, drink & Tobacco",2016,16Q2,3704585806.346
Europe ex-UK,Belgium,Consumer Defensive,"Food, drink & Tobacco",2016,16Q4,2891786683.70304
Europe ex-UK,Belgium,Consumer Defensive,"Food, drink & Tobacco",2017,17Q2,3706846066.56363
Europe ex-UK,Belgium,Consumer Defensive,"Food, drink & Tobacco",2017,17Q4,3189390925.0416
Europe ex-UK,Belgium,Consumer Defensive,"Food, drink & Tobacco",2018,18Q2,4047695373.918
Europe ex-UK,Belgium,Consumer Defensive,"Food, drink & Tobacco",2018,18Q4,1542408144.74352
Europe ex-UK,Belgium,Consumer Defensive,"Food, drink & Tobacco",2019,19Q2,1901426448.40442
Europe ex-UK,Belgium,Consumer Defensive,"Food, drink & Tobacco",2019,19Q4,1500348009.58848
Europe ex-UK,Belgium,Consumer Defensive,"Food, drink & Tobacco",2020,20Q2,963539448.8718
Europe ex-UK,Belgium,Consumer Defensive,"Food, drink & Tobacco",2021,21q2,1020940357.9602
Europe ex-UK,Belgium,Consumer Defensive,"Food, drink & Tobacco",2022,22Q2,1829299705.32718
Europe ex-UK,Belgium,Consumer Defensive,"Food, drink & Tobacco",2023,23Q2,1434034183.86762
Europe ex-UK,Belgium,Consumer Defensive,"Food, drink & Tobacco",2024,24q2,1588355828.2568
Europe ex-UK,Belgium,Consumer Defensive,"Food, drink & Tobacco",2025,25q2,2026791767.29428
Europe ex-UK,Belgium,Financial,Banks,2011,11Q2,389432306.601952
Europe ex-UK,Belgium,Financial,Banks,2012,12Q2,4595751.258294
Europe ex-UK,Belgium,Financial,Banks,2013,13Q2,538596732.4535
Europe ex-UK,Belgium,Financial,Banks,2015,15Q2,948570983.989
Europe ex-UK,Belgium,Financial,Banks,2016,16Q4,442106117.673394
Europe ex-UK,Belgium,Financial,Banks,2017,17Q2,817878626.34192
Europe ex-UK,Belgium,Financial,Banks,2017,17Q4,492590171.7356
Europe ex-UK,Belgium,Financial,Banks,2018,18Q2,992536691.1137
Europe ex-UK,Belgium,Financial,Banks,2018,18Q4,473894482.71815
Europe ex-UK,Belgium,Financial,Banks,2019,19Q2,1168305144.94942
Europe ex-UK,Belgium,Financial,Banks,2019,19Q4,459935253.1152
Europe ex-UK,Belgium,Financial,Banks,2020,20Q2,
Europe ex-UK,Belgium,Financial,Banks,2021,21q2,1166362236.79576
Europe ex-UK,Belgium,Financial,Banks,2021,21Q4,471198206.1864
Europe ex-UK,Belgium,Financial,Banks,2022,22Q2,3299008305.292
Europe ex-UK,Belgium,Financial,Banks,2022,22Q4,433788221.6556
Europe ex-UK,Belgium,Financial,Banks,2023,23Q2,1366396698.6156
Europe ex-UK,Belgium,Financial,Banks,2023,23q4,453275426.7817
Europe ex-UK,Belgium,Financial,Banks,2024,24q2,1742993793.49459
Europe ex-UK,Belgium,Financial,Banks,2024,24q4,441342694.4576
Europe ex-UK,Belgium,Financial,Banks,2025,25q2,1483288929.78788
Europe ex-UK,Belgium,Financial,General Financial,2010,10Q2,525654148.469021
Europe ex-UK,Belgium,Financial,General Financial,2011,11Q2,586638867.607523
Europe ex-UK,Belgium,Financial,General Financial,2012,12Q2,551788866.13955
Europe ex-UK,Belgium,Financial,General Financial,2013,13Q2,560860832.430408
Europe ex-UK,Belgium,Financial,General Financial,2014,14Q2,609119744.33777
Europe ex-UK,Belgium,Financial,General Financial,2015,15Q2,506981041.38509
Europe ex-UK,Belgium,Financial,General Financial,2016,16Q2,526069438.551289
Europe ex-UK,Belgium,Financial,General Financial,2017,17Q2,517504795.462064
Europe ex-UK,Belgium,Financial,General Financial,2018,18Q2,573894951.45855
Europe ex-UK,Belgium,Financial,General Financial,2019,19Q2,554195121.594438
Europe ex-UK,Belgium,Financial,General Financial,2020,20Q2,547797265.514888
Europe ex-UK,Belgium,Financial,General Financial,2021,21q2,486454895.73325
Europe ex-UK,Belgium,Financial,General Financial,2022,22Q2,443070787.5
Europe ex-UK,Belgium,Financial,General Financial,2023,23Q2,438341433.75
Europe ex-UK,Belgium,Financial,General Financial,2024,24q2,411181171.94
Europe ex-UK,Belgium,Financial,General Financial,2025,25q2,743422500
Europe ex-UK,Belgium,Financial,Insurance,2010,10Q2,231168318.0775
Europe ex-UK,Belgium,Financial,Insurance,2011,11Q2,282733941.389952
Europe ex-UK,Belgium,Financial,Insurance,2012,12Q2,243173629.733584
Europe ex-UK,Belgium,Financial,Insurance,2013,13Q2,380917546.54416
Europe ex-UK,Belgium,Financial,Insurance,2013,13Q4,320588130.803261
Europe ex-UK,Belgium,Financial,Insurance,2014,14Q2,448038804.408774
Europe ex-UK,Belgium,Financial,Insurance,2015,15Q2,401671770.89256
Europe ex-UK,Belgium,Financial,Insurance,2016,16Q2,408548246.431467
Europe ex-UK,Belgium,Financial,Insurance,2017,17Q2,494487509.56605
Europe ex-UK,Belgium,Financial,Insurance,2018,18Q2,495095010.036375
Europe ex-UK,Belgium,Financial,Insurance,2019,19Q2,486284950.133802
Europe ex-UK,Belgium,Financial,Insurance,2020,20Q2,59589425.073312
Europe ex-UK,Belgium,Financial,Insurance,2020,20Q4,547611306.612818
Europe ex-UK,Belgium,Financial,Insurance,2021,21q2,615762334.89342
Europe ex-UK,Belgium,Financial,Insurance,2022,22Q2,559431891.42885
Europe ex-UK,Belgium,Financial,Insurance,2022,22Q4,283159583.834282
Europe ex-UK,Belgium,Financial,Insurance,2023,23Q2,305244248.465597
Europe ex-UK,Belgium,Financial,Insurance,2023,23q4,298282078.09095
Europe ex-UK,Belgium,Financial,Insurance,2024,24q2,355660282.9227
Europe ex-UK,Belgium,Financial,Insurance,2024,24q4,297845045.081175
Europe ex-UK,Belgium,Financial,Insurance,2025,25q2,453141627.8508
Europe ex-UK,Belgium,Health,Pharmaceuticals,2010,10Q2,223725900.325824
Europe ex-UK,Belgium,Health,Pharmaceuticals,2011,11Q2,262583338.5903
Europe ex-UK,Belgium,Health,Pharmaceuticals,2012,12Q2,241170884.643
Europe ex-UK,Belgium,Health,Pharmaceuticals,2013,13Q2,244801637.19384
Europe ex-UK,Belgium,Health,Pharmaceuticals,2014,14Q2,280742444.324924
Europe ex-UK,Belgium,Health,Pharmaceuticals,2015,15Q2,234102536.338666
Europe ex-UK,Belgium,Health,Pharmaceuticals,2016,16Q2,246424080.76165
Europe ex-UK,Belgium,Health,Pharmaceuticals,2017,17Q2,243991765.140209
Europe ex-UK,Belgium,Health,Pharmaceuticals,2018,18Q2,274421614.185486
Europe ex-UK,Belgium,Health,Pharmaceuticals,2019,19Q2,263758814.013926
Europe ex-UK,Belgium,Health,Pharmaceuticals,2020,20Q2,260421704.558322
Europe ex-UK,Belgium,Health,Pharmaceuticals,2021,21q2,297217093.786112
Europe ex-UK,Belgium,Health,Pharmaceuticals,2022,22Q2,266473698.702554
Europe ex-UK,Belgium,Health,Pharmaceuticals,2023,23Q2,285932848.037242
Europe ex-UK,Belgium,Health,Pharmaceuticals,2024,24q2,282846237.75044
Europe ex-UK,Belgium,Health,Pharmaceuticals,2025,25q2,307767566.940177
Europe ex-UK,Denmark,Consumer Cyclical,Clothing & Durables,2011,11Q2,126151822.841606
Europe ex-UK,Denmark,Consumer Cyclical,Clothing & Durables,2012,12Q1,128287762.623419
Europe ex-UK,Denmark,Consumer Cyclical,Clothing & Durables,2013,13Q1,123511789.417838
Europe ex-UK,Denmark,Consumer Cyclical,Clothing & Durables,2014,14Q1,156133466.583019
Europe ex-UK,Denmark,Consumer Cyclical,Clothing & Durables,2015,15Q1,168960027.415158
Europe ex-UK,Denmark,Consumer Cyclical,Clothing & Durables,2016,16Q1,240153335.219698
Europe ex-UK,Denmark,Consumer Cyclical,Clothing & Durables,2017,17Q1,152372533.795465
Europe ex-UK,Denmark,Consumer Cyclical,Clothing & Durables,2017,17Q2,151402753.170991
Europe ex-UK,Denmark,Consumer Cyclical,Clothing & Durables,2017,17Q3,159903755.381256
Europe ex-UK,Denmark,Consumer Cyclical,Clothing & Durables,2017,17Q4,160178211.536231
Europe ex-UK,Denmark,Consumer Cyclical,Clothing & Durables,2018,18Q1,167611553.483197
Europe ex-UK,Denmark,Consumer Cyclical,Clothing & Durables,2018,18Q3,153662249.667964
Europe ex-UK,Denmark,Consumer Cyclical,Clothing & Durables,2019,19Q1,150455586.410333
Europe ex-UK,Denmark,Consumer Cyclical,Clothing & Durables,2020,20Q1,134136162
Europe ex-UK,Denmark,Consumer Cyclical,Clothing & Durables,2021,21Q4,76034060
Europe ex-UK,Denmark,Consumer Cyclical,Clothing & Durables,2022,22q1,235974288
Europe ex-UK,Denmark,Consumer Cyclical,Clothing & Durables,2023,23Q1,221023244.16
Europe ex-UK,Denmark,Consumer Cyclical,Clothing & Durables,2024,24q1,233277761.16
Europe ex-UK,Denmark,Consumer Cyclical,Clothing & Durables,2025,25Q1,240071449.2
Europe ex-UK,Denmark,Consumer Defensive,"Food, drink & Tobacco",2010,10Q1,75610507.9460206
Europe ex-UK,Denmark,Consumer Defensive,"Food, drink & Tobacco",2011,11Q1,112321565.219785
Europe ex-UK,Denmark,Consumer Defensive,"Food, drink & Tobacco",2012,12Q1,116813322.334466
Europe ex-UK,Denmark,Consumer Defensive,"Food, drink & Tobacco",2013,13Q1,122294018.275723
Europe ex-UK,Denmark,Consumer Defensive,"Food, drink & Tobacco",2014,14Q1,175584527.642702
Europe ex-UK,Denmark,Consumer Defensive,"Food, drink & Tobacco",2015,15Q2,154040374.124547
Europe ex-UK,Denmark,Consumer Defensive,"Food, drink & Tobacco",2016,16Q1,161108172.012927
Europe ex-UK,Denmark,Consumer Defensive,"Food, drink & Tobacco",2017,17Q2,170414882.514551
Europe ex-UK,Denmark,Consumer Defensive,"Food, drink & Tobacco",2018,18Q1,314794517.02713
Europe ex-UK,Denmark,Consumer Defensive,"Food, drink & Tobacco",2019,19Q1,325055803.447892
Europe ex-UK,Denmark,Consumer Defensive,"Food, drink & Tobacco",2020,20Q1,357433029.044687
Europe ex-UK,Denmark,Consumer Defensive,"Food, drink & Tobacco",2021,21Q1,403817742.050422
Europe ex-UK,Denmark,Consumer Defensive,"Food, drink & Tobacco",2022,22q1,399588261.486125
Europe ex-UK,Denmark,Consumer Defensive,"Food, drink & Tobacco",2023,23Q1,416432536.386658
Europe ex-UK,Denmark,Consumer Defensive,"Food, drink & Tobacco",2024,24q1,408627901.494393
Europe ex-UK,Denmark,Consumer Defensive,"Food, drink & Tobacco",2025,25Q1,394822169.152935
Europe ex-UK,Denmark,Financial,Banks,2014,14Q1,372466239.6324
Europe ex-UK,Denmark,Financial,Banks,2015,15Q1,812884731.681
Europe ex-UK,Denmark,Financial,Banks,2016,16Q1,1215250573.1968
Europe ex-UK,Denmark,Financial,Banks,2017,17Q1,1287104855.26048
Europe ex-UK,Denmark,Financial,Banks,2018,18Q1,1543424421.45718
Europe ex-UK,Denmark,Financial,Banks,2019,19Q1,1159351464.62215
Europe ex-UK,Denmark,Financial,Banks,2021,21Q1,276181892.51938
Europe ex-UK,Denmark,Financial,Banks,2022,22q1,255448852.719731
Europe ex-UK,Denmark,Financial,Banks,2023,23Q3,896115379.448682
Europe ex-UK,Denmark,Financial,Banks,2024,24q1,938667251.250437
Europe ex-UK,Denmark,Financial,Banks,2024,24q3,940517089.909408
Europe ex-UK,Denmark,Financial,Banks,2024,24q4,788230398.881723
Europe ex-UK,Denmark,Financial,Banks,2025,25Q1,1834727545.72368
Europe ex-UK,Denmark,Financial,Insurance,2010,10Q2,25657077.9619198
Europe ex-UK,Denmark,Financial,Insurance,2011,11Q2,9951600.92804202
Europe ex-UK,Denmark,Financial,Insurance,2012,12Q2,70846097.0171984
Europe ex-UK,Denmark,Financial,Insurance,2013,13Q2,277864312.597636
Europe ex-UK,Denmark,Financial,Insurance,2014,14Q2,306546468.620648
Europe ex-UK,Denmark,Financial,Insurance,2015,15Q1,251001502.118777
Europe ex-UK,Denmark,Financial,Insurance,2015,15Q3,109556382.287488
Europe ex-UK,Denmark,Financial,Insurance,2016,16Q1,153085763.183593
Europe ex-UK,Denmark,Financial,Insurance,2016,16Q3,112051141.094502
Europe ex-UK,Denmark,Financial,Insurance,2017,17Q1,289511385.594152
Europe ex-UK,Denmark,Financial,Insurance,2017,17Q2,64557324.3468039
Europe ex-UK,Denmark,Financial,Insurance,2017,17Q3,67671401.6921962
Europe ex-UK,Denmark,Financial,Insurance,2017,17Q4,69894306.3619719
Europe ex-UK,Denmark,Financial,Insurance,2018,18Q1,244331912.069545
Europe ex-UK,Denmark,Financial,Insurance,2018,18Q3,78032260.4957243
Europe ex-UK,Denmark,Financial,Insurance,2018,18Q4,77381854.7663357
Europe ex-UK,Denmark,Financial,Insurance,2019,19Q1,76114196.4958711
Europe ex-UK,Denmark,Financial,Insurance,2019,19Q2,77824224.805591
Europe ex-UK,Denmark,Financial,Insurance,2019,19q3,77469753.8469895
Europe ex-UK,Denmark,Financial,Insurance,2019,19Q4,75889658.8421354
Europe ex-UK,Denmark,Financial,Insurance,2020,20Q1,149163798.527389
Europe ex-UK,Denmark,Financial,Insurance,2020,20Q4,251584333.707396
Europe ex-UK,Denmark,Financial,Insurance,2021,21Q1,86370294.9100115
Europe ex-UK,Denmark,Financial,Insurance,2021,21q3,111314485.293096
Europe ex-UK,Denmark,Financial,Insurance,2021,21Q4,109261316.077461
Europe ex-UK,Denmark,Financial,Insurance,2022,22q1,105075382.131222
Europe ex-UK,Denmark,Financial,Insurance,2022,22Q4,136975940.899296
Europe ex-UK,Denmark,Financial,Insurance,2023,23Q1,152916339.132555
Europe ex-UK,Denmark,Financial,Insurance,2023,23Q2,178366689.51727
Europe ex-UK,Denmark,Financial,Insurance,2023,23Q3,177263967.156462
Europe ex-UK,Denmark,Financial,Insurance,2023,23q4,165870314.917788
Europe ex-UK,Denmark,Financial,Insurance,2024,24q1,170736438.674949
Europe ex-UK,Denmark,Financial,Insurance,2024,24q2,176628637.005177
Europe ex-UK,Denmark,Financial,Insurance,2024,24q3,175268436.4622
Europe ex-UK,Denmark,Financial,Insurance,2024,24q4,175262054.030107
Europe ex-UK,Denmark,Financial,Insurance,2025,25Q1,167915526.12174
Europe ex-UK,Denmark,Financial,Insurance,2025,25q2,192599038.119893
Europe ex-UK,Denmark,Health,Healthcare,2010,10Q4,10674592.95744
Europe ex-UK,Denmark,Health,Healthcare,2011,11Q4,20402165.7504
Europe ex-UK,Denmark,Health,Healthcare,2012,12Q4,146057502.6
Europe ex-UK,Denmark,Health,Healthcare,2013,13Q4,261372668.2
Europe ex-UK,Denmark,Health,Healthcare,2014,14Q2,166963611.06
Europe ex-UK,Denmark,Health,Healthcare,2014,14Q4,252987001.8
Europe ex-UK,Denmark,Health,Healthcare,2015,15Q2,135837887.58
Europe ex-UK,Denmark,Health,Healthcare,2015,15Q4,238830660
Europe ex-UK,Denmark,Health,Healthcare,2016,16Q2,136904208.21
Europe ex-UK,Denmark,Health,Healthcare,2016,16Q4,254202834.6
Europe ex-UK,Denmark,Health,Healthcare,2017,17Q2,130143291.3
Europe ex-UK,Denmark,Health,Healthcare,2017,17Q4,327618279.45
Europe ex-UK,Denmark,Health,Healthcare,2018,18Q2,157536700.2
Europe ex-UK,Denmark,Health,Healthcare,2018,18Q4,331961612.4
Europe ex-UK,Denmark,Health,Healthcare,2019,19Q2,148548272.4
Europe ex-UK,Denmark,Health,Healthcare,2019,19Q4,352558863.36
Europe ex-UK,Denmark,Health,Healthcare,2020,20Q2,143912082.6
Europe ex-UK,Denmark,Health,Healthcare,2020,20Q4,418911215.58
Europe ex-UK,Denmark,Health,Healthcare,2021,21q2,160771703.4
Europe ex-UK,Denmark,Health,Healthcare,2021,21Q4,419266302.84
Europe ex-UK,Denmark,Health,Healthcare,2022,22Q2,140369773.5
Europe ex-UK,Denmark,Health,Healthcare,2022,22Q4,419367148.2
Europe ex-UK,Denmark,Health,Healthcare,2023,23Q2,143848316.7
Europe ex-UK,Denmark,Health,Healthcare,2023,23q4,486299684.288
Europe ex-UK,Denmark,Health,Healthcare,2024,24q2,152914992.76
Europe ex-UK,Denmark,Health,Healthcare,2024,24q4,503356020.662
Europe ex-UK,Denmark,Health,Healthcare,2025,25q2,156558399.87
Europe ex-UK,Denmark,Health,Pharmaceuticals,2010,10Q1,692978166.495
Europe ex-UK,Denmark,Health,Pharmaceuticals,2011,11Q1,929111656.09288
Europe ex-UK,Denmark,Health,Pharmaceuticals,2012,12Q1,1185208052.15366
Europe ex-UK,Denmark,Health,Pharmaceuticals,2013,13Q1,1405488909.80174
Europe ex-UK,Denmark,Health,Pharmaceuticals,2014,14Q1,1838560069.23066
Europe ex-UK,Denmark,Health,Pharmaceuticals,2015,15Q1,1553892964.4694
Europe ex-UK,Denmark,Health,Pharmaceuticals,2016,16Q1,1978834461.92768
Europe ex-UK,Denmark,Health,Pharmaceuticals,2016,16Q3,913701198.15912
Europe ex-UK,Denmark,Health,Pharmaceuticals,2017,17Q1,1352104760.39365
Europe ex-UK,Denmark,Health,Pharmaceuticals,2017,17Q3,931213793.38068
Europe ex-UK,Denmark,Health,Pharmaceuticals,2018,18Q1,1583502713.74676
Europe ex-UK,Denmark,Health,Pharmaceuticals,2018,18Q3,901189331.68776
Europe ex-UK,Denmark,Health,Pharmaceuticals,2019,19Q1,1488275492.00605
Europe ex-UK,Denmark,Health,Pharmaceuticals,2019,19q3,831050390.66808
Europe ex-UK,Denmark,Health,Pharmaceuticals,2020,20Q1,1465227292.51362
Europe ex-UK,Denmark,Health,Pharmaceuticals,2020,20Q3,943159475.5479
Europe ex-UK,Denmark,Health,Pharmaceuticals,2021,21Q1,1671948757.75262
Europe ex-UK,Denmark,Health,Pharmaceuticals,2021,21q3,977026765.49548
Europe ex-UK,Denmark,Health,Pharmaceuticals,2022,22q1,1825653442.19404
Europe ex-UK,Denmark,Health,Pharmaceuticals,2022,22Q3,1013666377.31439
Europe ex-UK,Denmark,Health,Pharmaceuticals,2023,23Q1,2064934604.81407
Europe ex-UK,Denmark,Health,Pharmaceuticals,2023,23Q3,1500361680.99072
Europe ex-UK,Denmark,Health,Pharmaceuticals,2024,24q1,1595669829.49018
Europe ex-UK,Denmark,Health,Pharmaceuticals,2024,24q3,1759538556.0956
Europe ex-UK,Denmark,Health,Pharmaceuticals,2025,25Q1,3880213670.55101
Europe ex-UK,Denmark,Industrial,Machinery,2015,15Q2,127027287.059355
Europe ex-UK,Denmark,Industrial,Machinery,2016,16Q2,233660767.174967
Europe ex-UK,Denmark,Industrial,Machinery,2017,17Q2,307443767.695213
Europe ex-UK,Denmark,Industrial,Machinery,2018,18Q2,327491610.745244
Europe ex-UK,Denmark,Industrial,Machinery,2019,19Q2,230864585.307196
Europe ex-UK,Denmark,Industrial,Machinery,2020,20Q2,230517444.24034
Europe ex-UK,Denmark,Industrial,Machinery,2021,21q2,273661398.766953
Europe ex-UK,Denmark,Industrial,Machinery,2022,22Q2,54630916.9124284
Europe ex-UK,Denmark,Industrial,Machinery,2025,25q2,84320410.4558069
Europe ex-UK,Denmark,Industrial,Transport,2010,10Q2,159492162.073145
Europe ex-UK,Denmark,Industrial,Transport,2011,11Q1,19764882.0585
Europe ex-UK,Denmark,Industrial,Transport,2011,11Q2,850846357.944
Europe ex-UK,Denmark,Industrial,Transport,2012,12Q1,34041334.8
Europe ex-UK,Denmark,Industrial,Transport,2012,12Q2,465773455.1052
Europe ex-UK,Denmark,Industrial,Transport,2013,13Q1,40299071.35
Europe ex-UK,Denmark,Industrial,Transport,2013,13Q2,922782989.304
Europe ex-UK,Denmark,Industrial,Transport,2014,14Q1,49856887.8
Europe ex-UK,Denmark,Industrial,Transport,2014,14Q2,1128741086.6424
Europe ex-UK,Denmark,Industrial,Transport,2015,15Q1,40256149.344
Europe ex-UK,Denmark,Industrial,Transport,2015,15Q2,6296725310.74092
Europe ex-UK,Denmark,Industrial,Transport,2016,16Q1,48761768.1866921
Europe ex-UK,Denmark,Industrial,Transport,2016,16Q2,981372673.074672
Europe ex-UK,Denmark,Industrial,Transport,2017,17Q1,48975029.28
Europe ex-UK,Denmark,Industrial,Transport,2017,17Q2,449107050.484521
Europe ex-UK,Denmark,Industrial,Transport,2018,18Q1,63245843.4
Europe ex-UK,Denmark,Industrial,Transport,2018,18Q2,516855226.019022
Europe ex-UK,Denmark,Industrial,Transport,2019,19Q1,64344877.65
Europe ex-UK,Denmark,Industrial,Transport,2019,19Q2,471047877.314487
Europe ex-UK,Denmark,Industrial,Transport,2020,20Q1,545306925.806072
Europe ex-UK,Denmark,Industrial,Transport,2021,21Q1,1196256890.36583
Europe ex-UK,Denmark,Industrial,Transport,2022,22q1,7387937562.8124
Europe ex-UK,Denmark,Industrial,Transport,2023,23Q1,11937869615.8503
Europe ex-UK,Denmark,Industrial,Transport,2024,24q1,1540827749.22547
Europe ex-UK,Denmark,Industrial,Transport,2025,25Q1,2812725245.79246
Europe ex-UK,Denmark,Mining & Chemicals,Mining & Chemicals,2010,10Q1,56938789.9451268
Europe ex-UK,Denmark,Mining & Chemicals,Mining & Chemicals,2011,11Q1,80885290.5605376
Europe ex-UK,Denmark,Mining & Chemicals,Mining & Chemicals,2012,12Q1,90920459.0544336
Europe ex-UK,Denmark,Mining & Chemicals,Mining & Chemicals,2013,13Q1,104056511.360314
Europe ex-UK,Denmark,Mining & Chemicals,Mining & Chemicals,2014,14Q1,122440934.29399
Europe ex-UK,Denmark,Mining & Chemicals,Mining & Chemicals,2015,15Q1,119855975.053536
Europe ex-UK,Denmark,Mining & Chemicals,Mining & Chemicals,2016,16Q1,132179254.457796
Europe ex-UK,Denmark,Mining & Chemicals,Mining & Chemicals,2017,17Q1,146350684.856304
Europe ex-UK,Denmark,Mining & Chemicals,Mining & Chemicals,2018,18Q1,186399664.613766
Europe ex-UK,Denmark,Mining & Chemicals,Mining & Chemicals,2019,19Q1,184559190.16972
Europe ex-UK,Denmark,Mining & Chemicals,Mining & Chemicals,2020,20Q1,185534628.173328
Europe ex-UK,Denmark,Mining & Chemicals,Mining & Chemicals,2021,21Q1,194205670.905666
Europe ex-UK,Denmark,Mining & Chemicals,Mining & Chemicals,2022,22q1,186442437.631934
Europe ex-UK,Denmark,Mining & Chemicals,Mining & Chemicals,2023,23Q1,193944766.006992
Europe ex-UK,Denmark,Mining & Chemicals,Mining & Chemicals,2023,23Q3,135137595.108583
Europe ex-UK,Denmark,Mining & Chemicals,Mining & Chemicals,2024,24q2,119689064.342679
Europe ex-UK,Denmark,Mining & Chemicals,Mining & Chemicals,2024,24q3,122731127.307934
Europe ex-UK,Denmark,Mining & Chemicals,Mining & Chemicals,2025,25q2,254469510.156264
Europe ex-UK,Denmark,Utilities,Utilities,2017,17Q1,358993251.26868
Europe ex-UK,Denmark,Utilities,Utilities,2018,18Q1,629700535.7527
Europe ex-UK,Denmark,Utilities,Utilities,2019,19Q1,617243892.921119
Europe ex-UK,Denmark,Utilities,Utilities,2020,20Q1,661154721.912972
Europe ex-UK,Denmark,Utilities,Utilities,2021,21Q1,782832512.147084
Europe ex-UK,Denmark,Utilities,Utilities,2022,22Q2,766363589.390315
Europe ex-UK,Denmark,Utilities,Utilities,2023,23Q1,814844068.969896
Europe ex-UK,Finland,Financial,Banks,2019,19Q2,3146988813.97148
Europe ex-UK,Finland,Financial,Banks,2021,21Q1,341655968.8628
Europe ex-UK,Finland,Financial,Banks,2021,21Q4,3367648419.30223
Europe ex-UK,Finland,Financial,Banks,2022,22Q2,2982554324.94214
Europe ex-UK,Finland,Financial,Banks,2023,23Q2,3172783452.28488
Europe ex-UK,Finland,Financial,Banks,2024,24q2,3506251865.1732
Europe ex-UK,Finland,Financial,Banks,2025,25q2,3544605832.26724
Europe ex-UK,Finland,Financial,Insurance,2010,10Q2,748418321.6595
Europe ex-UK,Finland,Financial,Insurance,2011,11Q2,954741645.70155
Europe ex-UK,Finland,Financial,Insurance,2012,12Q2,885340368
Europe ex-UK,Finland,Financial,Insurance,2013,13Q2,994574592
Europe ex-UK,Finland,Financial,Insurance,2014,14Q2,1283682437.202
Europe ex-UK,Finland,Financial,Insurance,2015,15Q2,1196610129
Europe ex-UK,Finland,Financial,Insurance,2016,16Q2,1383735485
Europe ex-UK,Finland,Financial,Insurance,2017,17Q2,1399754884
Europe ex-UK,Finland,Financial,Insurance,2018,18Q2,1722109996.6525
Europe ex-UK,Finland,Financial,Insurance,2019,19Q2,1775722960.69365
Europe ex-UK,Finland,Financial,Insurance,2020,20Q2,946020330.7275
Europe ex-UK,Finland,Financial,Insurance,2021,21q2,1147568129.33175
Europe ex-UK,Finland,Financial,Insurance,2022,22Q2,2433904194.18125
Europe ex-UK,Finland,Financial,Insurance,2023,23Q2,1416358838.78034
Europe ex-UK,Finland,Financial,Insurance,2024,24q2,973117762.75008
Europe ex-UK,Finland,Financial,Insurance,2025,25q2,1037477165.1647
Europe ex-UK,Finland,Industrial,Machinery,2010,10Q1,629093510.65893
Europe ex-UK,Finland,Industrial,Machinery,2011,11Q1,655061519.186585
Europe ex-UK,Finland,Industrial,Machinery,2012,12Q1,641707584.31553
Europe ex-UK,Finland,Industrial,Machinery,2012,12Q4,426501785.8818
Europe ex-UK,Finland,Industrial,Machinery,2013,13Q1,763418384.143137
Europe ex-UK,Finland,Industrial,Machinery,2013,13Q4,398275829.829095
Europe ex-UK,Finland,Industrial,Machinery,2014,14Q1,906144208.04945
Europe ex-UK,Finland,Industrial,Machinery,2015,15Q1,835232185.818635
Europe ex-UK,Finland,Industrial,Machinery,2016,16Q1,959340305.77806
Europe ex-UK,Finland,Industrial,Machinery,2017,17Q1,874743191.6474
Europe ex-UK,Finland,Industrial,Machinery,2017,17Q3,152854479.207625
Europe ex-UK,Finland,Industrial,Machinery,2018,18Q1,1090680936.35465
Europe ex-UK,Finland,Industrial,Machinery,2018,18Q3,158919742.57569
Europe ex-UK,Finland,Industrial,Machinery,2019,19Q1,998438164.316474
Europe ex-UK,Finland,Industrial,Machinery,2019,19q3,155469403.4886
Europe ex-UK,Finland,Industrial,Machinery,2020,20Q1,1020202733.3336
Europe ex-UK,Finland,Industrial,Machinery,2020,20Q3,167682574.2582
Europe ex-UK,Finland,Industrial,Machinery,2021,21Q1,1290090310.67427
Europe ex-UK,Finland,Industrial,Machinery,2021,21q3,69379567.4775
Europe ex-UK,Finland,Industrial,Machinery,2022,22q1,1126588417.81638
Europe ex-UK,Finland,Industrial,Machinery,2022,22Q4,69881348.91222
Europe ex-UK,Finland,Industrial,Machinery,2023,23Q1,920677729.498605
Europe ex-UK,Finland,Industrial,Machinery,2023,23Q3,82458725.428365
Europe ex-UK,Finland,Industrial,Machinery,2024,24q1,969694727.34927
Europe ex-UK,Finland,Industrial,Machinery,2024,24q3,105260490.40032
Europe ex-UK,Finland,Industrial,Machinery,2025,25Q1,1027425290.98783
Europe ex-UK,Finland,Mining & Chemicals,Mining & Chemicals,2010,10Q2,312243337.76922
Europe ex-UK,Finland,Mining & Chemicals,Mining & Chemicals,2011,11Q2,414976427.90582
Europe ex-UK,Finland,Mining & Chemicals,Mining & Chemicals,2012,12Q2,412167955.463152
Europe ex-UK,Finland,Mining & Chemicals,Mining & Chemicals,2013,13Q2,413337480.65595
Europe ex-UK,Finland,Mining & Chemicals,Mining & Chemicals,2014,14Q2,441242302.24377
Europe ex-UK,Finland,Mining & Chemicals,Mining & Chemicals,2015,15Q2,403560230.692395
Europe ex-UK,Finland,Mining & Chemicals,Mining & Chemicals,2016,16Q2,451920688.039537
Europe ex-UK,Finland,Mining & Chemicals,Mining & Chemicals,2017,17Q2,538485946.7211
Europe ex-UK,Finland,Mining & Chemicals,Mining & Chemicals,2018,18Q2,758928192.162438
Europe ex-UK,Finland,Mining & Chemicals,Mining & Chemicals,2019,19Q2,784231205.933175
Europe ex-UK,Finland,Mining & Chemicals,Mining & Chemicals,2020,20Q2,752799580.004706
Europe ex-UK,Finland,Mining & Chemicals,Mining & Chemicals,2021,21q2,826209518.659525
Europe ex-UK,Finland,Mining & Chemicals,Mining & Chemicals,2022,22Q2,757101420.353005
Europe ex-UK,Finland,Mining & Chemicals,Mining & Chemicals,2023,23Q2,439271151.973238
Europe ex-UK,Finland,Mining & Chemicals,Mining & Chemicals,2023,23q4,425060438.987363
Europe ex-UK,Finland,Mining & Chemicals,Mining & Chemicals,2024,24q2,425580831.293888
Europe ex-UK,Finland,Mining & Chemicals,Mining & Chemicals,2024,24q4,432806278.3191
Europe ex-UK,Finland,Mining & Chemicals,Mining & Chemicals,2025,25q2,436769265.884175
Europe ex-UK,Finland,Technology,IT Hardware,2010,10Q2,1833979877.78544
Europe ex-UK,Finland,Technology,IT Hardware,2011,11Q2,2120019770.83544
Europe ex-UK,Finland,Technology,IT Hardware,2012,12Q2,942493089.60684
Europe ex-UK,Finland,Technology,IT Hardware,2014,14Q3,1885866939.36573
Europe ex-UK,Finland,Technology,IT Hardware,2015,15Q2,572696545.049447
Europe ex-UK,Finland,Technology,IT Hardware,2016,16Q3,1685410543.49741
Europe ex-UK,Finland,Technology,IT Hardware,2017,17Q2,1109597467.32154
Europe ex-UK,Finland,Technology,IT Hardware,2018,18Q2,1259694830.03173
Europe ex-UK,Finland,Technology,IT Hardware,2019,19Q2,317939053.769587
Europe ex-UK,Finland,Technology,IT Hardware,2019,19q3,315628335.004238
Europe ex-UK,Finland,Technology,IT Hardware,2019,19Q4,311484508.040377
Europe ex-UK,Finland,Technology,IT Hardware,2020,20Q1,
Europe ex-UK,Finland,Technology,IT Hardware,2022,22Q2,118624638.636175
Europe ex-UK,Finland,Technology,IT Hardware,2022,22Q3,116334741.650257
Europe ex-UK,Finland,Technology,IT Hardware,2022,22Q4,111173934.736464
Europe ex-UK,Finland,Technology,IT Hardware,2023,23Q1,122606325.186316
Europe ex-UK,Finland,Technology,IT Hardware,2023,23Q2,185874268.454364
Europe ex-UK,Finland,Technology,IT Hardware,2023,23Q3,184725279.74886
Europe ex-UK,Finland,Technology,IT Hardware,2023,23q4,179419655.432268
Europe ex-UK,Finland,Technology,IT Hardware,2024,24q1,181237350.09759
Europe ex-UK,Finland,Technology,IT Hardware,2024,24q2,241773274.600564
Europe ex-UK,Finland,Technology,IT Hardware,2024,24q3,181750985.033288
Europe ex-UK,Finland,Technology,IT Hardware,2024,24q4,182828776.373768
Europe ex-UK,Finland,Technology,IT Hardware,2025,25Q1,175465918.723673
Europe ex-UK,Finland,Technology,IT Hardware,2025,25q2,242501636.13456
Europe ex-UK,Finland,Utilities,Utilities,2010,10Q2,1186547443.65425
Europe ex-UK,Finland,Utilities,Utilities,2011,11Q2,1287688031.7275
Europe ex-UK,Finland,Utilities,Utilities,2012,12Q2,1165937239.37355
Europe ex-UK,Finland,Utilities,Utilities,2013,13Q2,1162117349.91675
Europe ex-UK,Finland,Utilities,Utilities,2014,14Q2,1348199152.99768
Europe ex-UK,Finland,Utilities,Utilities,2015,15Q2,1235083377.15783
Europe ex-UK,Finland,Utilities,Utilities,2016,16Q2,1100624583.06185
Europe ex-UK,Finland,Utilities,Utilities,2017,17Q2,1038327844.03123
Europe ex-UK,Finland,Utilities,Utilities,2018,18Q2,1206846630.6325
Europe ex-UK,Finland,Utilities,Utilities,2019,19Q2,1095991035.33398
Europe ex-UK,Finland,Utilities,Utilities,2020,20Q2,1059251078.54918
Europe ex-UK,Finland,Utilities,Utilities,2021,21q2,1207995196.13136
Europe ex-UK,Finland,Utilities,Utilities,2022,22Q2,1105769380.8047
Europe ex-UK,Finland,Utilities,Utilities,2023,23Q2,455233407.169005
Europe ex-UK,Finland,Utilities,Utilities,2023,23q4,427894207.552687
Europe ex-UK,Finland,Utilities,Utilities,2024,24q2,562983204.97746
Europe ex-UK,Finland,Utilities,Utilities,2024,24q4,559925327.68074
Europe ex-UK,Finland,Utilities,Utilities,2025,25q2,1404461149.13055
Europe ex-UK,France,Consumer Cyclical,Auto,2010,10Q2,181007738.2589
Europe ex-UK,France,Consumer Cyclical,Auto,2011,11Q2,576212179.695909
Europe ex-UK,France,Consumer Cyclical,Auto,2012,12Q2,913785869.806215
Europe ex-UK,France,Consumer Cyclical,Auto,2013,13Q2,1227933646.8135
Europe ex-UK,France,Consumer Cyclical,Auto,2014,14Q2,1332562937.44522
Europe ex-UK,France,Consumer Cyclical,Auto,2015,15Q2,1151298109.64419
Europe ex-UK,France,Consumer Cyclical,Auto,2016,16Q2,1385828179.45184
Europe ex-UK,France,Consumer Cyclical,Auto,2017,17Q2,1698458345.844
Europe ex-UK,France,Consumer Cyclical,Auto,2018,18Q2,1974318330.44906
Europe ex-UK,France,Consumer Cyclical,Auto,2019,19Q2,1927422802.69703
Europe ex-UK,France,Consumer Cyclical,Auto,2020,20Q2,
Europe ex-UK,France,Consumer Cyclical,Auto,2020,20Q3,401675019.510232
Europe ex-UK,France,Consumer Cyclical,Auto,2021,21q2,500501485.812825
Europe ex-UK,France,Consumer Cyclical,Auto,2022,22Q2,850746747.30705
Europe ex-UK,France,Consumer Cyclical,Auto,2023,23Q2,1042646975.03995
Europe ex-UK,France,Consumer Cyclical,Auto,2024,24q2,1640218704.1603
Europe ex-UK,France,Consumer Cyclical,Auto,2025,25q2,1827810814.31191
Europe ex-UK,France,Consumer Cyclical,Clothing & Durables,2010,10Q2,1423890360.78549
Europe ex-UK,France,Consumer Cyclical,Clothing & Durables,2010,10Q4,451661090.744185
Europe ex-UK,France,Consumer Cyclical,Clothing & Durables,2011,11Q1,143584957.2612
Europe ex-UK,France,Consumer Cyclical,Clothing & Durables,2011,11Q2,1667837092.14591
Europe ex-UK,France,Consumer Cyclical,Clothing & Durables,2011,11Q4,545536528.76072
Europe ex-UK,France,Consumer Cyclical,Clothing & Durables,2012,12Q1,211117725.953012
Europe ex-UK,France,Consumer Cyclical,Clothing & Durables,2012,12Q2,2504660802.21734
Europe ex-UK,France,Consumer Cyclical,Clothing & Durables,2012,12Q4,730818989.49367
Europe ex-UK,France,Consumer Cyclical,Clothing & Durables,2013,13Q1,458317526.265
Europe ex-UK,France,Consumer Cyclical,Clothing & Durables,2013,13Q2,1702967857.87979
Europe ex-UK,France,Consumer Cyclical,Clothing & Durables,2013,13Q4,827791435.8765
Europe ex-UK,France,Consumer Cyclical,Clothing & Durables,2014,14Q1,477742588.151337
Europe ex-UK,France,Consumer Cyclical,Clothing & Durables,2014,14Q2,1895421385.18567
Europe ex-UK,France,Consumer Cyclical,Clothing & Durables,2014,14Q4,789238771.48575
Europe ex-UK,France,Consumer Cyclical,Clothing & Durables,2015,15Q1,387783104.2245
Europe ex-UK,France,Consumer Cyclical,Clothing & Durables,2015,15Q2,2186282206.12844
Europe ex-UK,France,Consumer Cyclical,Clothing & Durables,2015,15Q4,744378152.574623
Europe ex-UK,France,Consumer Cyclical,Clothing & Durables,2016,16Q1,378194644.83645
Europe ex-UK,France,Consumer Cyclical,Clothing & Durables,2016,16Q2,1842008789.25287
Europe ex-UK,France,Consumer Cyclical,Clothing & Durables,2016,16Q4,753245043.726616
Europe ex-UK,France,Consumer Cyclical,Clothing & Durables,2017,17Q1,369919656.78525
Europe ex-UK,France,Consumer Cyclical,Clothing & Durables,2017,17Q2,2105319648.84185
Europe ex-UK,France,Consumer Cyclical,Clothing & Durables,2017,17Q4,956388382.6608
Europe ex-UK,France,Consumer Cyclical,Clothing & Durables,2018,18Q1,504287193.293
Europe ex-UK,France,Consumer Cyclical,Clothing & Durables,2018,18Q2,3674196685.62193
Europe ex-UK,France,Consumer Cyclical,Clothing & Durables,2018,18Q4,1149698038.1585
Europe ex-UK,France,Consumer Cyclical,Clothing & Durables,2019,19Q1,682514136.948513
Europe ex-UK,France,Consumer Cyclical,Clothing & Durables,2019,19Q2,3609817075.91677
Europe ex-UK,France,Consumer Cyclical,Clothing & Durables,2019,19Q4,1233040165.45518
Europe ex-UK,France,Consumer Cyclical,Clothing & Durables,2020,20Q1,669611795.75225
Europe ex-UK,France,Consumer Cyclical,Clothing & Durables,2020,20Q2,989886969.50013
Europe ex-UK,France,Consumer Cyclical,Clothing & Durables,2020,20Q3,1482916825.77909
Europe ex-UK,France,Consumer Cyclical,Clothing & Durables,2020,20Q4,1227569848.448
Europe ex-UK,France,Consumer Cyclical,Clothing & Durables,2021,21Q1,570431740.5733
Europe ex-UK,France,Consumer Cyclical,Clothing & Durables,2021,21q2,3648088955.4508
Europe ex-UK,France,Consumer Cyclical,Clothing & Durables,2021,21Q4,1713777355.23975
Europe ex-UK,France,Consumer Cyclical,Clothing & Durables,2022,22q1,790980273.6438
Europe ex-UK,France,Consumer Cyclical,Clothing & Durables,2022,22Q2,5442592434.62311
Europe ex-UK,France,Consumer Cyclical,Clothing & Durables,2022,22Q4,2649020818.16125
Europe ex-UK,France,Consumer Cyclical,Clothing & Durables,2023,23Q1,997439746.166456
Europe ex-UK,France,Consumer Cyclical,Clothing & Durables,2023,23Q2,6270314709.74425
Europe ex-UK,France,Consumer Cyclical,Clothing & Durables,2023,23q4,2979682356.42
Europe ex-UK,France,Consumer Cyclical,Clothing & Durables,2024,24q1,1000222538.6297
Europe ex-UK,France,Consumer Cyclical,Clothing & Durables,2024,24q2,7739536317.81945
Europe ex-UK,France,Consumer Cyclical,Clothing & Durables,2024,24q4,2896433116.5825
Europe ex-UK,France,Consumer Cyclical,Clothing & Durables,2025,25Q1,639418562.814444
Europe ex-UK,France,Consumer Cyclical,Clothing & Durables,2025,25q2,7529664235.3385
Europe ex-UK,France,Consumer Cyclical,Household services,2010,10Q1,273413966.064675
Europe ex-UK,France,Consumer Cyclical,Household services,2010,10Q3,301092920.28459
Europe ex-UK,France,Consumer Cyclical,Household services,2011,11Q1,287285266.967625
Europe ex-UK,France,Consumer Cyclical,Household services,2011,11Q2,205433528.396056
Europe ex-UK,France,Consumer Cyclical,Household services,2012,12Q1,300026002.9507
Europe ex-UK,France,Consumer Cyclical,Household services,2012,12Q2,329195876.546985
Europe ex-UK,France,Consumer Cyclical,Household services,2013,13Q1,338745455.193038
Europe ex-UK,France,Consumer Cyclical,Household services,2013,13Q2,226237854.85416
Europe ex-UK,France,Consumer Cyclical,Household services,2014,14Q1,377881935.829725
Europe ex-UK,France,Consumer Cyclical,Household services,2014,14Q2,248743277.24616
Europe ex-UK,France,Consumer Cyclical,Household services,2015,15Q1,320836910.889515
Europe ex-UK,France,Consumer Cyclical,Household services,2015,15Q2,248371944.479515
Europe ex-UK,France,Consumer Cyclical,Household services,2016,16Q1,386983179.84975
Europe ex-UK,France,Consumer Cyclical,Household services,2016,16Q2,265546478.241
Europe ex-UK,France,Consumer Cyclical,Household services,2017,17Q1,434572083.072072
Europe ex-UK,France,Consumer Cyclical,Household services,2017,17Q2,337367527.729838
Europe ex-UK,France,Consumer Cyclical,Household services,2018,18Q1,515161398.5595
Europe ex-UK,France,Consumer Cyclical,Household services,2018,18Q2,361756911.04371
Europe ex-UK,France,Consumer Cyclical,Household services,2019,19Q1,465028477.1319
Europe ex-UK,France,Consumer Cyclical,Household services,2019,19Q2,332962314.9594
Europe ex-UK,France,Consumer Cyclical,Household services,2020,20Q1,472839899.770725
Europe ex-UK,France,Consumer Cyclical,Household services,2021,21Q4,464998986.1545
Europe ex-UK,France,Consumer Cyclical,Household services,2022,22Q4,375779932.22628
Europe ex-UK,France,Consumer Cyclical,Household services,2023,23Q2,296661914.777235
Europe ex-UK,France,Consumer Cyclical,Household services,2023,23q4,503392552.357125
Europe ex-UK,France,Consumer Cyclical,Household services,2024,24q2,309214578.857184
Europe ex-UK,France,Consumer Cyclical,Household services,2024,24q3,1018617179.7569
Europe ex-UK,France,Consumer Cyclical,Household services,2024,24q4,406033988.666505
Europe ex-UK,France,Consumer Cyclical,Household services,2025,25q2,352904450.360553
Europe ex-UK,France,Consumer Defensive,Food Retail,2010,10Q2,965360116.275197
Europe ex-UK,France,Consumer Defensive,Food Retail,2011,11Q3,1061198917.632
Europe ex-UK,France,Consumer Defensive,Food Retail,2012,12Q3,445551281.89
Europe ex-UK,France,Consumer Defensive,Food Retail,2013,13Q2,543817994.559217
Europe ex-UK,France,Consumer Defensive,Food Retail,2014,14Q2,610351253.14464
Europe ex-UK,France,Consumer Defensive,Food Retail,2015,15Q3,542394391.570542
Europe ex-UK,France,Consumer Defensive,Food Retail,2016,16Q2,582631302.34218
Europe ex-UK,France,Consumer Defensive,Food Retail,2017,17Q3,603687398.73512
Europe ex-UK,France,Consumer Defensive,Food Retail,2018,18Q2,415773454.552755
Europe ex-UK,France,Consumer Defensive,Food Retail,2019,19Q2,408547261.074282
Europe ex-UK,France,Consumer Defensive,Food Retail,2020,20Q2,208805680.733632
Europe ex-UK,France,Consumer Defensive,Food Retail,2021,21q2,478074470.73408
Europe ex-UK,France,Consumer Defensive,Food Retail,2022,22Q2,411026097.995786
Europe ex-UK,France,Consumer Defensive,Food Retail,2023,23Q2,450473868.125008
Europe ex-UK,France,Consumer Defensive,Food Retail,2024,24q2,652621110.224502
Europe ex-UK,France,Consumer Defensive,Food Retail,2025,25q2,964673532.197287
Europe ex-UK,France,Consumer Defensive,"Food, drink & Tobacco",2010,10Q2,982170929.751
Europe ex-UK,France,Consumer Defensive,"Food, drink & Tobacco",2010,10Q3,203350781.762211
Europe ex-UK,France,Consumer Defensive,"Food, drink & Tobacco",2010,10Q4,261201437.242263
Europe ex-UK,France,Consumer Defensive,"Food, drink & Tobacco",2011,11Q2,1196484865.836
Europe ex-UK,France,Consumer Defensive,"Food, drink & Tobacco",2011,11Q3,253267201.433628
Europe ex-UK,France,Consumer Defensive,"Food, drink & Tobacco",2011,11Q4,275076397.36346
Europe ex-UK,France,Consumer Defensive,"Food, drink & Tobacco",2012,12Q2,1155540399.35904
Europe ex-UK,France,Consumer Defensive,"Food, drink & Tobacco",2012,12Q3,235981487.183328
Europe ex-UK,France,Consumer Defensive,"Food, drink & Tobacco",2012,12Q4,292396165.76654
Europe ex-UK,France,Consumer Defensive,"Food, drink & Tobacco",2013,13Q2,1203590881.65
Europe ex-UK,France,Consumer Defensive,"Food, drink & Tobacco",2013,13Q3,269005188.843853
Europe ex-UK,France,Consumer Defensive,"Food, drink & Tobacco",2013,13Q4,303995975.51934
Europe ex-UK,France,Consumer Defensive,"Food, drink & Tobacco",2014,14Q2,1246262946.73
Europe ex-UK,France,Consumer Defensive,"Food, drink & Tobacco",2014,14Q3,296302863.386016
Europe ex-UK,France,Consumer Defensive,"Food, drink & Tobacco",2014,14Q4,271110351.216765
Europe ex-UK,France,Consumer Defensive,"Food, drink & Tobacco",2015,15Q2,1087895816.4
Europe ex-UK,France,Consumer Defensive,"Food, drink & Tobacco",2015,15Q3,240824973.06936
Europe ex-UK,France,Consumer Defensive,"Food, drink & Tobacco",2015,15Q4,276942481.622352
Europe ex-UK,France,Consumer Defensive,"Food, drink & Tobacco",2016,16Q2,1194421509.20819
Europe ex-UK,France,Consumer Defensive,"Food, drink & Tobacco",2016,16Q3,263591534.011103
Europe ex-UK,France,Consumer Defensive,"Food, drink & Tobacco",2016,16Q4,275928040.297728
Europe ex-UK,France,Consumer Defensive,"Food, drink & Tobacco",2017,17Q2,1251661659.82
Europe ex-UK,France,Consumer Defensive,"Food, drink & Tobacco",2017,17Q3,284201231.320368
Europe ex-UK,France,Consumer Defensive,"Food, drink & Tobacco",2017,17Q4,337866292.163664
Europe ex-UK,France,Consumer Defensive,"Food, drink & Tobacco",2018,18Q2,1487548474.848
Europe ex-UK,France,Consumer Defensive,"Food, drink & Tobacco",2018,18Q3,315190131.16194
Europe ex-UK,France,Consumer Defensive,"Food, drink & Tobacco",2018,18Q4,405706856.6817
Europe ex-UK,France,Consumer Defensive,"Food, drink & Tobacco",2019,19Q2,1492408642.37031
Europe ex-UK,France,Consumer Defensive,"Food, drink & Tobacco",2019,19q3,352378483.127856
Europe ex-UK,France,Consumer Defensive,"Food, drink & Tobacco",2019,19Q4,566383931.433576
Europe ex-UK,France,Consumer Defensive,"Food, drink & Tobacco",2020,20Q3,2001604464.80383
Europe ex-UK,France,Consumer Defensive,"Food, drink & Tobacco",2020,20Q4,469259226.6296
Europe ex-UK,France,Consumer Defensive,"Food, drink & Tobacco",2021,21q2,1608597375.6224
Europe ex-UK,France,Consumer Defensive,"Food, drink & Tobacco",2021,21q3,413235581.33396
Europe ex-UK,France,Consumer Defensive,"Food, drink & Tobacco",2021,21Q4,524846061.82316
Europe ex-UK,France,Consumer Defensive,"Food, drink & Tobacco",2022,22Q2,1362555694.58435
Europe ex-UK,France,Consumer Defensive,"Food, drink & Tobacco",2022,22Q3,409379517.150217
Europe ex-UK,France,Consumer Defensive,"Food, drink & Tobacco",2022,22Q4,683886536.20672
Europe ex-UK,France,Consumer Defensive,"Food, drink & Tobacco",2023,23Q2,1475759708.3152
Europe ex-UK,France,Consumer Defensive,"Food, drink & Tobacco",2023,23Q3,576602170.059601
Europe ex-UK,France,Consumer Defensive,"Food, drink & Tobacco",2023,23q4,741072303.859272
Europe ex-UK,France,Consumer Defensive,"Food, drink & Tobacco",2024,24q2,1534058142.45264
Europe ex-UK,France,Consumer Defensive,"Food, drink & Tobacco",2024,24q3,648306265.4442
Europe ex-UK,France,Consumer Defensive,"Food, drink & Tobacco",2024,24q4,629345241.97827
Europe ex-UK,France,Consumer Defensive,"Food, drink & Tobacco",2025,25q2,1660838448.42889
Europe ex-UK,France,Consumer Defensive,Household products,2010,10Q2,1155867010.12725
Europe ex-UK,France,Consumer Defensive,Household products,2011,11Q2,1609968989.0061
Europe ex-UK,France,Consumer Defensive,Household products,2012,12Q2,1580910997.473
Europe ex-UK,France,Consumer Defensive,Household products,2013,13Q2,1803715576.68559
Europe ex-UK,France,Consumer Defensive,Household products,2014,14Q2,2086252855.26072
Europe ex-UK,France,Consumer Defensive,Household products,2015,15Q2,1706479926.94535
Europe ex-UK,France,Consumer Defensive,Household products,2016,16Q2,2010089820.2829
Europe ex-UK,France,Consumer Defensive,Household products,2017,17Q2,2023917656.03028
Europe ex-UK,France,Consumer Defensive,Household products,2018,18Q2,2413509765.39422
Europe ex-UK,France,Consumer Defensive,Household products,2019,19Q2,2422899433.70013
Europe ex-UK,France,Consumer Defensive,Household products,2020,20Q3,2430069475.33343
Europe ex-UK,France,Consumer Defensive,Household products,2021,21q2,2716316647.392
Europe ex-UK,France,Consumer Defensive,Household products,2022,22Q2,2715596296.62984
Europe ex-UK,France,Consumer Defensive,Household products,2023,23Q2,3550219488.288
Europe ex-UK,France,Consumer Defensive,Household products,2024,24q2,3773584413.34875
Europe ex-UK,France,Consumer Defensive,Household products,2025,25q2,4251680930.189
Europe ex-UK,France,Financial,Banks,2010,10Q2,3705768925.11119
Europe ex-UK,France,Financial,Banks,2011,11Q2,6938732631.49147
Europe ex-UK,France,Financial,Banks,2012,12Q2,1807416022.96872
Europe ex-UK,France,Financial,Banks,2013,13Q2,2869759442.96838
Europe ex-UK,France,Financial,Banks,2014,14Q2,4828132437.09459
Europe ex-UK,France,Financial,Banks,2015,15Q2,4124838023.22952
Europe ex-UK,France,Financial,Banks,2016,16Q2,6855529794.49463
Europe ex-UK,France,Financial,Banks,2017,17Q2,7707208636.04391
Europe ex-UK,France,Financial,Banks,2018,18Q2,8577191705.66669
Europe ex-UK,France,Financial,Banks,2019,19Q2,8411186819.67866
Europe ex-UK,France,Financial,Banks,2020,20Q2,
Europe ex-UK,France,Financial,Banks,2021,21q2,5110892374.4508
Europe ex-UK,France,Financial,Banks,2021,21q3,2245103765.51997
Europe ex-UK,France,Financial,Banks,2022,22Q2,9706410285.00314
Europe ex-UK,France,Financial,Banks,2023,23Q2,10065022802.6088
Europe ex-UK,France,Financial,Banks,2024,24q2,9862325824.67641
Europe ex-UK,France,Financial,Banks,2025,25q2,10890733872.5448
Europe ex-UK,France,Financial,General Financial,2015,15Q2,66752700
Europe ex-UK,France,Financial,General Financial,2016,16Q2,481495330.519925
Europe ex-UK,France,Financial,General Financial,2017,17Q2,606693463.153776
Europe ex-UK,France,Financial,General Financial,2018,18Q2,732605097.222
Europe ex-UK,France,Financial,General Financial,2019,19Q2,774394021.74284
Europe ex-UK,France,Financial,General Financial,2020,20Q2,121211265
Europe ex-UK,France,Financial,General Financial,2021,21q2,839215350.76365
Europe ex-UK,France,Financial,General Financial,2022,22Q2,1109943093.18253
Europe ex-UK,France,Financial,General Financial,2023,23Q2,1154656346.42627
Europe ex-UK,France,Financial,General Financial,2024,24q2,1199336841.50678
Europe ex-UK,France,Financial,General Financial,2025,25q2,1352829368.93194
Europe ex-UK,France,Financial,Insurance,2010,10Q2,1600754008.41106
Europe ex-UK,France,Financial,Insurance,2011,11Q2,2382556140.20546
Europe ex-UK,France,Financial,Insurance,2012,12Q2,2103356387.83815
Europe ex-UK,France,Financial,Insurance,2013,13Q2,2234736392.40389
Europe ex-UK,France,Financial,Insurance,2014,14Q2,2730313863.6013
Europe ex-UK,France,Financial,Insurance,2015,15Q2,2645535005.6121
Europe ex-UK,France,Financial,Insurance,2016,16Q2,3043755296.74739
Europe ex-UK,France,Financial,Insurance,2017,17Q2,3065494384.73452
Europe ex-UK,France,Financial,Insurance,2018,18Q2,3641968628.40119
Europe ex-UK,France,Financial,Insurance,2019,19Q2,3638398787.06883
Europe ex-UK,France,Financial,Insurance,2020,20Q3,1993542210.01064
Europe ex-UK,France,Financial,Insurance,2021,21q2,4206595133.3451
Europe ex-UK,France,Financial,Insurance,2022,22Q2,3828001884.709
Europe ex-UK,France,Financial,Insurance,2023,23Q2,4277372555.4638
Europe ex-UK,France,Financial,Insurance,2024,24q2,4845806543.77043
Europe ex-UK,France,Financial,Insurance,2025,25q2,5413654630.66184
Europe ex-UK,France,Health,Healthcare,2010,10Q2,230877937.99819
Europe ex-UK,France,Health,Healthcare,2011,11Q2,306170268.20574
Europe ex-UK,France,Health,Healthcare,2012,12Q2,273836401.25272
Europe ex-UK,France,Health,Healthcare,2013,13Q2,298111966.04734
Europe ex-UK,France,Health,Healthcare,2014,14Q2,328593501.178297
Europe ex-UK,France,Health,Healthcare,2015,15Q2,289369520.207302
Europe ex-UK,France,Health,Healthcare,2016,16Q2,318458322.091219
Europe ex-UK,France,Health,Healthcare,2017,17Q2,411282192.86875
Europe ex-UK,France,Health,Healthcare,2018,18Q2,452659691.897382
Europe ex-UK,France,Health,Healthcare,2019,19Q2,1038624870.64275
Europe ex-UK,France,Health,Healthcare,2020,20Q3,25707879.44217
Europe ex-UK,France,Health,Healthcare,2020,20Q4,616649993.209615
Europe ex-UK,France,Health,Healthcare,2021,21q2,654194110.064208
Europe ex-UK,France,Health,Healthcare,2022,22Q2,1282662615.50838
Europe ex-UK,France,Health,Healthcare,2023,23Q2,1670435949.4462
Europe ex-UK,France,Health,Healthcare,2024,24q2,2056542020.45985
Europe ex-UK,France,Health,Healthcare,2025,25q2,2192863502.18421
Europe ex-UK,France,Health,Pharmaceuticals,2010,10Q2,3940812851.38002
Europe ex-UK,France,Health,Pharmaceuticals,2010,10Q3,1800028.58793
Europe ex-UK,France,Health,Pharmaceuticals,2011,11Q2,4762625875.34817
Europe ex-UK,France,Health,Pharmaceuticals,2012,12Q2,4665034980.66108
Europe ex-UK,France,Health,Pharmaceuticals,2013,13Q2,4903493949.15151
Europe ex-UK,France,Health,Pharmaceuticals,2013,13Q3,19133695.7625
Europe ex-UK,France,Health,Pharmaceuticals,2014,14Q2,5211174739.35562
Europe ex-UK,France,Health,Pharmaceuticals,2014,14Q3,24698224.64448
Europe ex-UK,France,Health,Pharmaceuticals,2015,15Q2,4331124796.57775
Europe ex-UK,France,Health,Pharmaceuticals,2015,15Q3,22089394.631304
Europe ex-UK,France,Health,Pharmaceuticals,2016,16Q2,4494047353.30179
Europe ex-UK,France,Health,Pharmaceuticals,2016,16Q3,24841225.59226
Europe ex-UK,France,Health,Pharmaceuticals,2017,17Q2,4269984015.82878
Europe ex-UK,France,Health,Pharmaceuticals,2017,17Q3,38641273.4624
Europe ex-UK,France,Health,Pharmaceuticals,2018,18Q2,4640330243.81221
Europe ex-UK,France,Health,Pharmaceuticals,2018,18Q3,49238168.59764
Europe ex-UK,France,Health,Pharmaceuticals,2019,19Q2,4467804876.30815
Europe ex-UK,France,Health,Pharmaceuticals,2019,19q3,57058146.691543
Europe ex-UK,France,Health,Pharmaceuticals,2020,20Q2,4361413431.41975
Europe ex-UK,France,Health,Pharmaceuticals,2020,20Q3,35293401.2001865
Europe ex-UK,France,Health,Pharmaceuticals,2021,21q2,5074444042.85962
Europe ex-UK,France,Health,Pharmaceuticals,2021,21q3,154322127.413328
Europe ex-UK,France,Health,Pharmaceuticals,2022,22Q2,4676901696.01872
Europe ex-UK,France,Health,Pharmaceuticals,2022,22Q3,195741469.296
Europe ex-UK,France,Health,Pharmaceuticals,2023,23Q2,5074840907.03146
Europe ex-UK,France,Health,Pharmaceuticals,2023,23Q3,209540791.64025
Europe ex-UK,France,Health,Pharmaceuticals,2024,24q2,5351279827.40289
Europe ex-UK,France,Health,Pharmaceuticals,2024,24q3,104441416.2396
Europe ex-UK,France,Health,Pharmaceuticals,2025,25q2,5603517902.11897
Europe ex-UK,France,Industrial,Machinery,2010,10Q2,2686801506.33316
Europe ex-UK,France,Industrial,Machinery,2010,10Q3,652681012.3116
Europe ex-UK,France,Industrial,Machinery,2010,10Q4,378875479.825128
Europe ex-UK,France,Industrial,Machinery,2011,11Q2,4036689019.57827
Europe ex-UK,France,Industrial,Machinery,2011,11Q3,264098326.657024
Europe ex-UK,France,Industrial,Machinery,2011,11Q4,606108693.9785
Europe ex-UK,France,Industrial,Machinery,2012,12Q2,3702355107.39724
Europe ex-UK,France,Industrial,Machinery,2012,12Q3,297114760.18224
Europe ex-UK,France,Industrial,Machinery,2012,12Q4,642885527.151969
Europe ex-UK,France,Industrial,Machinery,2013,13Q2,3356776176.70992
Europe ex-UK,France,Industrial,Machinery,2013,13Q3,1184164391.16212
Europe ex-UK,France,Industrial,Machinery,2013,13Q4,793742713.225889
Europe ex-UK,France,Industrial,Machinery,2014,14Q2,3772166540.35322
Europe ex-UK,France,Industrial,Machinery,2014,14Q3,945321861.484785
Europe ex-UK,France,Industrial,Machinery,2014,14Q4,1108000272.47893
Europe ex-UK,France,Industrial,Machinery,2015,15Q2,3502156810.37626
Europe ex-UK,France,Industrial,Machinery,2015,15Q3,780094013.316386
Europe ex-UK,France,Industrial,Machinery,2015,15Q4,721071950.313157
Europe ex-UK,France,Industrial,Machinery,2016,16Q2,4652450240.81289
Europe ex-UK,France,Industrial,Machinery,2016,16Q4,798914283.847771
Europe ex-UK,France,Industrial,Machinery,2017,17Q2,4788190760.63653
Europe ex-UK,France,Industrial,Machinery,2017,17Q3,62852473.788275
Europe ex-UK,France,Industrial,Machinery,2017,17Q4,591150444.868462
Europe ex-UK,France,Industrial,Machinery,2018,18Q2,6220938643.99535
Europe ex-UK,France,Industrial,Machinery,2018,18Q3,91076355.6743425
Europe ex-UK,France,Industrial,Machinery,2018,18Q4,633286928.688762
Europe ex-UK,France,Industrial,Machinery,2019,19Q2,6390124753.88245
Europe ex-UK,France,Industrial,Machinery,2019,19q3,1384972303.2288
Europe ex-UK,France,Industrial,Machinery,2019,19Q4,670052743.75403
Europe ex-UK,France,Industrial,Machinery,2020,20Q2,703718618.157098
Europe ex-UK,France,Industrial,Machinery,2020,20Q3,866240080.011375
Europe ex-UK,France,Industrial,Machinery,2020,20Q4,103780453.888
Europe ex-UK,France,Industrial,Machinery,2021,21q2,4632099457.41273
Europe ex-UK,France,Industrial,Machinery,2021,21q3,109764800.465537
Europe ex-UK,France,Industrial,Machinery,2021,21Q4,585871641.078489
Europe ex-UK,France,Industrial,Machinery,2022,22Q2,6018088324.38982
Europe ex-UK,France,Industrial,Machinery,2022,22Q3,93600124.79935
Europe ex-UK,France,Industrial,Machinery,2022,22Q4,775228039.657665
Europe ex-UK,France,Industrial,Machinery,2023,23Q2,7705618894.64334
Europe ex-UK,France,Industrial,Machinery,2023,23Q3,102194015.295625
Europe ex-UK,France,Industrial,Machinery,2023,23q4,864072108.462971
Europe ex-UK,France,Industrial,Machinery,2024,24q2,9411625923.65317
Europe ex-UK,France,Industrial,Machinery,2024,24q4,854200819.166887
Europe ex-UK,France,Industrial,Machinery,2025,25q2,10943325585.782
Europe ex-UK,France,Industrial,Support Services,2010,10Q2,113222451.7935
Europe ex-UK,France,Industrial,Support Services,2011,11Q2,181928931.706051
Europe ex-UK,France,Industrial,Support Services,2012,12Q2,176815033.923073
Europe ex-UK,France,Industrial,Support Services,2013,13Q2,266717726.858946
Europe ex-UK,France,Industrial,Support Services,2014,14Q2,288883288.49352
Europe ex-UK,France,Industrial,Support Services,2015,15Q2,239358890.784
Europe ex-UK,France,Industrial,Support Services,2016,16Q2,252459106.458
Europe ex-UK,France,Industrial,Support Services,2017,17Q2,273480706.72736
Europe ex-UK,France,Industrial,Support Services,2018,18Q2,291417647.248
Europe ex-UK,France,Industrial,Support Services,2019,19Q2,280074360.410672
Europe ex-UK,France,Industrial,Support Services,2020,20Q3,284344111.828898
Europe ex-UK,France,Industrial,Support Services,2021,21q3,192384317.467908
Europe ex-UK,France,Industrial,Support Services,2022,22Q3,244377912.07791
Europe ex-UK,France,Industrial,Support Services,2023,23Q3,379680564.8097
Europe ex-UK,France,Industrial,Support Services,2024,24q3,407151763.545944
Europe ex-UK,France,Industrial,Transport,2010,10Q2,164128335.550244
Europe ex-UK,France,Industrial,Transport,2010,10Q3,24630774.5649
Europe ex-UK,France,Industrial,Transport,2011,11Q2,245015213.875939
Europe ex-UK,France,Industrial,Transport,2012,12Q2,277690945.350305
Europe ex-UK,France,Industrial,Transport,2013,13Q2,354503104.013463
Europe ex-UK,France,Industrial,Transport,2014,14Q2,361118480.353575
Europe ex-UK,France,Industrial,Transport,2015,15Q2,371228391.21198
Europe ex-UK,France,Industrial,Transport,2015,15Q4,75763247.28518
Europe ex-UK,France,Industrial,Transport,2016,16Q2,346272879.797645
Europe ex-UK,France,Industrial,Transport,2016,16Q4,72992350.42918
Europe ex-UK,France,Industrial,Transport,2017,17Q2,374645622.316992
Europe ex-UK,France,Industrial,Transport,2017,17Q4,81405486.00821
Europe ex-UK,France,Industrial,Transport,2018,18Q2,514812242.304432
Europe ex-UK,France,Industrial,Transport,2018,18Q4,78807770.20571
Europe ex-UK,France,Industrial,Transport,2019,19Q2,557152089.710519
Europe ex-UK,France,Industrial,Transport,2019,19Q4,76816195.0177021
Europe ex-UK,France,Industrial,Transport,2020,20Q2,246866125
Europe ex-UK,France,Industrial,Transport,2021,21q2,33449625
Europe ex-UK,France,Industrial,Transport,2022,22Q2,58971000
Europe ex-UK,France,Industrial,Transport,2023,23Q2,626227539.671395
Europe ex-UK,France,Industrial,Transport,2024,24q2,738779086.93154
Europe ex-UK,France,Industrial,Transport,2025,25q2,703461429.2245
Europe ex-UK,France,Media & Telecommunications,Media,2010,10Q2,39439342.9668096
Europe ex-UK,France,Media & Telecommunications,Media,2010,10Q3,142921591.08168
Europe ex-UK,France,Media & Telecommunications,Media,2010,10Q4,68345614.7019
Europe ex-UK,France,Media & Telecommunications,Media,2011,11Q2,35653642.7968
Europe ex-UK,France,Media & Telecommunications,Media,2011,11Q3,263867940.503951
Europe ex-UK,France,Media & Telecommunications,Media,2012,12Q2,42036919.049645
Europe ex-UK,France,Media & Telecommunications,Media,2012,12Q3,228384063.83896
Europe ex-UK,France,Media & Telecommunications,Media,2013,13Q2,38420246.96301
Europe ex-UK,France,Media & Telecommunications,Media,2013,13Q3,242588382.029595
Europe ex-UK,France,Media & Telecommunications,Media,2013,13Q4,74038997.8702
Europe ex-UK,France,Media & Telecommunications,Media,2014,14Q2,41178775.0161737
Europe ex-UK,France,Media & Telecommunications,Media,2014,14Q3,319330028.223695
Europe ex-UK,France,Media & Telecommunications,Media,2014,14Q4,69377338.6416
Europe ex-UK,France,Media & Telecommunications,Media,2015,15Q2,128776101.820742
Europe ex-UK,France,Media & Telecommunications,Media,2015,15Q3,295402009.82886
Europe ex-UK,France,Media & Telecommunications,Media,2015,15Q4,65235093.822234
Europe ex-UK,France,Media & Telecommunications,Media,2016,16Q2,128691684.350816
Europe ex-UK,France,Media & Telecommunications,Media,2016,16Q3,397358179.416
Europe ex-UK,France,Media & Telecommunications,Media,2016,16Q4,64965113.058021
Europe ex-UK,France,Media & Telecommunications,Media,2017,17Q2,132285874.894316
Europe ex-UK,France,Media & Telecommunications,Media,2017,17Q3,475257668.73083
Europe ex-UK,France,Media & Telecommunications,Media,2017,17Q4,68365191.314749
Europe ex-UK,France,Media & Telecommunications,Media,2018,18Q2,135305673.748925
Europe ex-UK,France,Media & Telecommunications,Media,2018,18Q4,67448482.6307783
Europe ex-UK,France,Media & Telecommunications,Media,2019,19Q2,133312969.234806
Europe ex-UK,France,Media & Telecommunications,Media,2019,19q3,557043690.6208
Europe ex-UK,France,Media & Telecommunications,Media,2019,19Q4,65395439.4134945
Europe ex-UK,France,Media & Telecommunications,Media,2020,20Q2,132967601.168712
Europe ex-UK,France,Media & Telecommunications,Media,2020,20Q3,391872614.08693
Europe ex-UK,France,Media & Telecommunications,Media,2021,21q2,142945278.495252
Europe ex-UK,France,Media & Telecommunications,Media,2021,21q3,656258776.527988
Europe ex-UK,France,Media & Telecommunications,Media,2022,22Q2,123001733.00206
Europe ex-UK,France,Media & Telecommunications,Media,2022,22Q3,143982415.727457
Europe ex-UK,France,Media & Telecommunications,Media,2023,23Q2,128287550.03778
Europe ex-UK,France,Media & Telecommunications,Media,2023,23Q3,865146921.38294
Europe ex-UK,France,Media & Telecommunications,Media,2024,24q2,152628931.28496
Europe ex-UK,France,Media & Telecommunications,Media,2024,24q3,997365485.665728
Europe ex-UK,France,Media & Telecommunications,Media,2025,25q2,195146510.741085
Europe ex-UK,France,Media & Telecommunications,Telecoms,2010,10Q2,2617984740.6216
Europe ex-UK,France,Media & Telecommunications,Telecoms,2010,10Q3,2038658938.85232
Europe ex-UK,France,Media & Telecommunications,Telecoms,2011,11Q2,3028331379.78743
Europe ex-UK,France,Media & Telecommunications,Telecoms,2011,11Q3,2225676796.17392
Europe ex-UK,France,Media & Telecommunications,Telecoms,2012,12Q2,2664566572.55653
Europe ex-UK,France,Media & Telecommunications,Telecoms,2012,12Q3,1980129390.64549
Europe ex-UK,France,Media & Telecommunications,Telecoms,2013,13Q2,703252580.33267
Europe ex-UK,France,Media & Telecommunications,Telecoms,2013,13Q4,1095883616.22785
Europe ex-UK,France,Media & Telecommunications,Telecoms,2014,14Q2,1803228725.158
Europe ex-UK,France,Media & Telecommunications,Telecoms,2014,14Q4,658168551.36248
Europe ex-UK,France,Media & Telecommunications,Telecoms,2015,15Q2,1197561081.6543
Europe ex-UK,France,Media & Telecommunications,Telecoms,2015,15Q4,580768067.245042
Europe ex-UK,France,Media & Telecommunications,Telecoms,2016,16Q2,1207718790.67572
Europe ex-UK,France,Media & Telecommunications,Telecoms,2016,16Q4,572736786.33069
Europe ex-UK,France,Media & Telecommunications,Telecoms,2017,17Q2,1200057827.6706
Europe ex-UK,France,Media & Telecommunications,Telecoms,2017,17Q4,784051682.55525
Europe ex-UK,France,Media & Telecommunications,Telecoms,2018,18Q2,1258206771.327
Europe ex-UK,France,Media & Telecommunications,Telecoms,2018,18Q4,908342827.143525
Europe ex-UK,France,Media & Telecommunications,Telecoms,2019,19Q2,1200483543.1287
Europe ex-UK,France,Media & Telecommunications,Telecoms,2019,19Q4,884801326.242375
Europe ex-UK,France,Media & Telecommunications,Telecoms,2020,20Q2,603513641.18112
Europe ex-UK,France,Media & Telecommunications,Telecoms,2020,20Q4,1285498952.03274
Europe ex-UK,France,Media & Telecommunications,Telecoms,2021,21q2,1588319795.2629
Europe ex-UK,France,Media & Telecommunications,Telecoms,2021,21Q4,897888804.709455
Europe ex-UK,France,Media & Telecommunications,Telecoms,2022,22Q2,1133237312.30598
Europe ex-UK,France,Media & Telecommunications,Telecoms,2022,22Q4,838197134.627895
Europe ex-UK,France,Media & Telecommunications,Telecoms,2023,23Q2,1139302241.3517
Europe ex-UK,France,Media & Telecommunications,Telecoms,2023,23q4,861140122.79427
Europe ex-UK,France,Media & Telecommunications,Telecoms,2024,24q2,1215371879.9133
Europe ex-UK,France,Media & Telecommunications,Telecoms,2024,24q4,843783253.485795
Europe ex-UK,France,Media & Telecommunications,Telecoms,2025,25q2,1371491931.73691
Europe ex-UK,France,Mining & Chemicals,Mining & Chemicals,2010,10Q1,294492234.299255
Europe ex-UK,France,Mining & Chemicals,Mining & Chemicals,2010,10Q2,1025851036.1676
Europe ex-UK,France,Mining & Chemicals,Mining & Chemicals,2010,10Q3,293434226.162753
Europe ex-UK,France,Mining & Chemicals,Mining & Chemicals,2010,10Q4,285852034.448661
Europe ex-UK,France,Mining & Chemicals,Mining & Chemicals,2011,11Q1,301627863.146048
Europe ex-UK,France,Mining & Chemicals,Mining & Chemicals,2011,11Q2,1249354345.57539
Europe ex-UK,France,Mining & Chemicals,Mining & Chemicals,2011,11Q3,277201696.642799
Europe ex-UK,France,Mining & Chemicals,Mining & Chemicals,2011,11Q4,286939736.003179
Europe ex-UK,France,Mining & Chemicals,Mining & Chemicals,2012,12Q1,295535162.585031
Europe ex-UK,France,Mining & Chemicals,Mining & Chemicals,2012,12Q2,1193270075.64817
Europe ex-UK,France,Mining & Chemicals,Mining & Chemicals,2013,13Q2,1006459627.61663
Europe ex-UK,France,Mining & Chemicals,Mining & Chemicals,2013,13Q3,330718500.351815
Europe ex-UK,France,Mining & Chemicals,Mining & Chemicals,2014,14Q2,1091354853.13942
Europe ex-UK,France,Mining & Chemicals,Mining & Chemicals,2014,14Q3,327965827.923127
Europe ex-UK,France,Mining & Chemicals,Mining & Chemicals,2015,15Q2,1305288005.15351
Europe ex-UK,France,Mining & Chemicals,Mining & Chemicals,2016,16Q2,997871942.70894
Europe ex-UK,France,Mining & Chemicals,Mining & Chemicals,2017,17Q2,1127697810.89355
Europe ex-UK,France,Mining & Chemicals,Mining & Chemicals,2018,18Q2,1420591057.47329
Europe ex-UK,France,Mining & Chemicals,Mining & Chemicals,2019,19Q2,1269728414.59992
Europe ex-UK,France,Mining & Chemicals,Mining & Chemicals,2020,20Q2,1385407850.48811
Europe ex-UK,France,Mining & Chemicals,Mining & Chemicals,2021,21q2,1920292630.15522
Europe ex-UK,France,Mining & Chemicals,Mining & Chemicals,2022,22Q2,1805674188.25263
Europe ex-UK,France,Mining & Chemicals,Mining & Chemicals,2023,23Q2,1859132589.15096
Europe ex-UK,France,Mining & Chemicals,Mining & Chemicals,2023,23q4,187618149.84
Europe ex-UK,France,Mining & Chemicals,Mining & Chemicals,2024,24q2,2030426022.32864
Europe ex-UK,France,Mining & Chemicals,Mining & Chemicals,2024,24q4,213202443
Europe ex-UK,France,Mining & Chemicals,Mining & Chemicals,2025,25q2,2399348563.09203
Europe ex-UK,France,"Oil, Gas & Energy","Oil, Gas & Energy",2010,10Q2,3289612066.73587
Europe ex-UK,France,"Oil, Gas & Energy","Oil, Gas & Energy",2010,10Q4,3625333208.68393
Europe ex-UK,France,"Oil, Gas & Energy","Oil, Gas & Energy",2011,11Q2,3790988624.41461
Europe ex-UK,France,"Oil, Gas & Energy","Oil, Gas & Energy",2011,11Q3,1810193908.88876
Europe ex-UK,France,"Oil, Gas & Energy","Oil, Gas & Energy",2011,11Q4,1756419248.12854
Europe ex-UK,France,"Oil, Gas & Energy","Oil, Gas & Energy",2012,12Q1,1777757485.24857
Europe ex-UK,France,"Oil, Gas & Energy","Oil, Gas & Energy",2012,12Q2,1698466092.61765
Europe ex-UK,France,"Oil, Gas & Energy","Oil, Gas & Energy",2012,12Q3,1733892936.44375
Europe ex-UK,France,"Oil, Gas & Energy","Oil, Gas & Energy",2012,12Q4,1847742850.08805
Europe ex-UK,France,"Oil, Gas & Energy","Oil, Gas & Energy",2013,13Q1,1804260663.63621
Europe ex-UK,France,"Oil, Gas & Energy","Oil, Gas & Energy",2013,13Q2,1823376704.0459
Europe ex-UK,France,"Oil, Gas & Energy","Oil, Gas & Energy",2013,13Q3,1898889151.56791
Europe ex-UK,France,"Oil, Gas & Energy","Oil, Gas & Energy",2013,13Q4,1916698029.62788
Europe ex-UK,France,"Oil, Gas & Energy","Oil, Gas & Energy",2014,14Q1,1927418435.67988
Europe ex-UK,France,"Oil, Gas & Energy","Oil, Gas & Energy",2014,14Q2,1974697377.88291
Europe ex-UK,France,"Oil, Gas & Energy","Oil, Gas & Energy",2014,14Q3,1841923350.08916
Europe ex-UK,France,"Oil, Gas & Energy","Oil, Gas & Energy",2014,14Q4,1798182022.89541
Europe ex-UK,France,"Oil, Gas & Energy","Oil, Gas & Energy",2015,15Q1,1598695742.78719
Europe ex-UK,France,"Oil, Gas & Energy","Oil, Gas & Energy",2015,15Q3,1622452530.81457
Europe ex-UK,France,"Oil, Gas & Energy","Oil, Gas & Energy",2015,15Q4,1672242395.06442
Europe ex-UK,France,"Oil, Gas & Energy","Oil, Gas & Energy",2016,16Q1,1612417735.34103
Europe ex-UK,France,"Oil, Gas & Energy","Oil, Gas & Energy",2016,16Q2,3419089042.91556
Europe ex-UK,France,"Oil, Gas & Energy","Oil, Gas & Energy",2016,16Q4,1680335021.59387
Europe ex-UK,France,"Oil, Gas & Energy","Oil, Gas & Energy",2017,17Q1,1577951724.13564
Europe ex-UK,France,"Oil, Gas & Energy","Oil, Gas & Energy",2017,17Q2,3313342017.9404
Europe ex-UK,France,"Oil, Gas & Energy","Oil, Gas & Energy",2017,17Q4,1837596712.39523
Europe ex-UK,France,"Oil, Gas & Energy","Oil, Gas & Energy",2018,18Q1,1888650074.34435
Europe ex-UK,France,"Oil, Gas & Energy","Oil, Gas & Energy",2018,18Q2,3918557214.83788
Europe ex-UK,France,"Oil, Gas & Energy","Oil, Gas & Energy",2018,18Q4,1972806873.12733
Europe ex-UK,France,"Oil, Gas & Energy","Oil, Gas & Energy",2019,19Q1,1945570415.51159
Europe ex-UK,France,"Oil, Gas & Energy","Oil, Gas & Energy",2019,19Q2,1897567295.48813
Europe ex-UK,France,"Oil, Gas & Energy","Oil, Gas & Energy",2019,19q3,1923883178.11368
Europe ex-UK,France,"Oil, Gas & Energy","Oil, Gas & Energy",2019,19Q4,1921677405.64965
Europe ex-UK,France,"Oil, Gas & Energy","Oil, Gas & Energy",2020,20Q1,1909486696.48853
Europe ex-UK,France,"Oil, Gas & Energy","Oil, Gas & Energy",2020,20Q2,1932760699.63231
Europe ex-UK,France,"Oil, Gas & Energy","Oil, Gas & Energy",2020,20Q3,2032796232.48425
Europe ex-UK,France,"Oil, Gas & Energy","Oil, Gas & Energy",2020,20Q4,2051281411.79693
Europe ex-UK,France,"Oil, Gas & Energy","Oil, Gas & Energy",2021,21Q1,2127627708.74033
Europe ex-UK,France,"Oil, Gas & Energy","Oil, Gas & Energy",2021,21q2,2041263101.06189
Europe ex-UK,France,"Oil, Gas & Energy","Oil, Gas & Energy",2021,21q3,2068216608.25375
Europe ex-UK,France,"Oil, Gas & Energy","Oil, Gas & Energy",2021,21Q4,2020902929.37574
Europe ex-UK,France,"Oil, Gas & Energy","Oil, Gas & Energy",2022,22q1,1997202261.4503
Europe ex-UK,France,"Oil, Gas & Energy","Oil, Gas & Energy",2022,22Q2,1900975441.97943
Europe ex-UK,France,"Oil, Gas & Energy","Oil, Gas & Energy",2022,22Q3,1796302381.37312
Europe ex-UK,France,"Oil, Gas & Energy","Oil, Gas & Energy",2022,22Q4,4554557991.53539
Europe ex-UK,France,"Oil, Gas & Energy","Oil, Gas & Energy",2023,23Q1,1952951313.96332
Europe ex-UK,France,"Oil, Gas & Energy","Oil, Gas & Energy",2023,23Q2,1870950045.33436
Europe ex-UK,France,"Oil, Gas & Energy","Oil, Gas & Energy",2023,23Q3,2016301551.8515
Europe ex-UK,France,"Oil, Gas & Energy","Oil, Gas & Energy",2023,23q4,1940596652.43526
Europe ex-UK,France,"Oil, Gas & Energy","Oil, Gas & Energy",2024,24q1,1957414514.75525
Europe ex-UK,France,"Oil, Gas & Energy","Oil, Gas & Energy",2024,24q2,1911541801.40001
Europe ex-UK,France,"Oil, Gas & Energy","Oil, Gas & Energy",2024,24q3,2032346409.89326
Europe ex-UK,France,"Oil, Gas & Energy","Oil, Gas & Energy",2024,24q4,2098074002.44025
Europe ex-UK,France,"Oil, Gas & Energy","Oil, Gas & Energy",2025,25Q1,1968797109.31829
Europe ex-UK,France,"Oil, Gas & Energy","Oil, Gas & Energy",2025,25q2,1938695816.34143
Europe ex-UK,France,Property,Property,2010,10Q2,282625509.446875
Europe ex-UK,France,Property,Property,2011,11Q2,370199528.0478
Europe ex-UK,France,Property,Property,2012,12Q2,351107165.6064
Europe ex-UK,France,Property,Property,2013,13Q2,391420648.182
Europe ex-UK,France,Property,Property,2014,14Q2,427764611.887947
Europe ex-UK,France,Property,Property,2015,15Q1,214517983.50892
Europe ex-UK,France,Property,Property,2015,15Q2,232989239.8993
Europe ex-UK,France,Property,Property,2016,16Q2,604278854.443856
Europe ex-UK,France,Property,Property,2017,17Q2,625107090.669516
Europe ex-UK,France,Property,Property,2018,18Q2,744417790.820536
Europe ex-UK,France,Property,Property,2019,19Q1,1200853193.74138
Europe ex-UK,France,Property,Property,2019,19q3,1201675259.88172
Europe ex-UK,France,Property,Property,2020,20Q1,1199224643.57762
Europe ex-UK,France,Property,Property,2020,20Q3,372609966.58743
Europe ex-UK,France,Property,Property,2021,21q2,703934986.5223
Europe ex-UK,France,Property,Property,2022,22Q2,507365617.69296
Europe ex-UK,France,Property,Property,2023,23Q1,272354889.393132
Europe ex-UK,France,Property,Property,2023,23Q3,277441798.556208
Europe ex-UK,France,Property,Property,2024,24q1,279564858.09018
Europe ex-UK,France,Property,Property,2024,24q2,378139817.9225
Europe ex-UK,France,Property,Property,2024,24q3,280868616.299415
Europe ex-UK,France,Property,Property,2025,25Q1,287051934.67938
Europe ex-UK,France,Property,Property,2025,25q2,556888535.2968
Europe ex-UK,France,Technology,Semiconductors,2010,10Q1,27309579.15
Europe ex-UK,France,Technology,Semiconductors,2010,10Q2,63722351.35
Europe ex-UK,France,Technology,Semiconductors,2010,10Q3,63723751.35
Europe ex-UK,France,Technology,Semiconductors,2010,10Q4,63724801.35
Europe ex-UK,France,Technology,Semiconductors,2011,11Q1,63724801.35
Europe ex-UK,France,Technology,Semiconductors,2011,11Q2,91042030.5
Europe ex-UK,France,Technology,Semiconductors,2011,11Q3,91054480.5
Europe ex-UK,France,Technology,Semiconductors,2011,11Q4,91055980.5
Europe ex-UK,France,Technology,Semiconductors,2012,12Q1,91055980.5
Europe ex-UK,France,Technology,Semiconductors,2012,12Q2,91055980.5
Europe ex-UK,France,Technology,Semiconductors,2012,12Q3,91055980.5
Europe ex-UK,France,Technology,Semiconductors,2012,12Q4,91055980.5
Europe ex-UK,France,Technology,Semiconductors,2013,13Q1,91055980.5
Europe ex-UK,France,Technology,Semiconductors,2013,13Q2,91055980.5
Europe ex-UK,France,Technology,Semiconductors,2013,13Q3,92743384.4217575
Europe ex-UK,France,Technology,Semiconductors,2013,13Q4,91055980.5
Europe ex-UK,France,Technology,Semiconductors,2014,14Q1,91055980.5
Europe ex-UK,France,Technology,Semiconductors,2014,14Q2,91055980.5
Europe ex-UK,France,Technology,Semiconductors,2014,14Q3,91055980.5
Europe ex-UK,France,Technology,Semiconductors,2014,14Q4,91055980.5
Europe ex-UK,France,Technology,Semiconductors,2015,15Q1,91055980.5
Europe ex-UK,France,Technology,Semiconductors,2015,15Q2,91055980.5
Europe ex-UK,France,Technology,Semiconductors,2015,15Q3,91055980.5
Europe ex-UK,France,Technology,Semiconductors,2015,15Q4,91055980.5
Europe ex-UK,France,Technology,Semiconductors,2016,16Q1,91055980.5
Europe ex-UK,France,Technology,Semiconductors,2016,16Q2,54633588.3
Europe ex-UK,France,Technology,Semiconductors,2016,16Q3,54633588.3
Europe ex-UK,France,Technology,Semiconductors,2016,16Q4,54633588.3
Europe ex-UK,France,Technology,Semiconductors,2017,17Q1,54633588.3
Europe ex-UK,France,Technology,Semiconductors,2017,17Q2,54633588.3
Europe ex-UK,France,Technology,Semiconductors,2017,17Q3,54633588.3
Europe ex-UK,France,Technology,Semiconductors,2017,17Q4,54633588.3
Europe ex-UK,France,Technology,Semiconductors,2018,18Q1,54633588.3
Europe ex-UK,France,Technology,Semiconductors,2018,18Q2,54633588.3
Europe ex-UK,France,Technology,Semiconductors,2018,18Q3,54633588.3
Europe ex-UK,France,Technology,Semiconductors,2018,18Q4,54633588.3
Europe ex-UK,France,Technology,Semiconductors,2019,19Q1,54633588.3
Europe ex-UK,France,Technology,Semiconductors,2019,19Q2,54633588.3
Europe ex-UK,France,Technology,Semiconductors,2019,19q3,54633588.3
Europe ex-UK,France,Technology,Semiconductors,2019,19Q4,54633588.3
Europe ex-UK,France,Technology,Semiconductors,2020,20Q1,54633588.3
Europe ex-UK,France,Technology,Semiconductors,2020,20Q2,38243511.81
Europe ex-UK,France,Technology,Semiconductors,2020,20Q3,38243511.81
Europe ex-UK,France,Technology,Semiconductors,2020,20Q4,38243511.81
Europe ex-UK,France,Technology,Semiconductors,2021,21Q1,38243511.81
Europe ex-UK,France,Technology,Semiconductors,2021,21q2,54633588.3
Europe ex-UK,France,Technology,Semiconductors,2021,21q3,54633588.3
Europe ex-UK,France,Technology,Semiconductors,2021,21Q4,54633588.3
Europe ex-UK,France,Technology,Semiconductors,2022,22q1,54633588.3
Europe ex-UK,France,Technology,Semiconductors,2022,22Q2,54633588.3
Europe ex-UK,France,Technology,Semiconductors,2022,22Q3,54633588.3
Europe ex-UK,France,Technology,Semiconductors,2022,22Q4,54633588.3
Europe ex-UK,France,Technology,Semiconductors,2023,23Q1,54633588.3
Europe ex-UK,France,Technology,Semiconductors,2023,23Q2,54633588.3
Europe ex-UK,France,Technology,Semiconductors,2023,23Q3,54633588.3
Europe ex-UK,France,Technology,Semiconductors,2023,23q4,54633588.3
Europe ex-UK,France,Technology,Semiconductors,2024,24q1,54633588.3
Europe ex-UK,France,Technology,Semiconductors,2024,24q2,82015372.8
Europe ex-UK,France,Technology,Semiconductors,2024,24q3,82015372.8
Europe ex-UK,France,Technology,Semiconductors,2024,24q4,82015372.8
Europe ex-UK,France,Technology,Semiconductors,2025,25Q1,82015372.8
Europe ex-UK,France,Technology,Semiconductors,2025,25q2,82015372.8
Europe ex-UK,France,Technology,Software & IT Services,2010,10Q2,218531704.21012
Europe ex-UK,France,Technology,Software & IT Services,2011,11Q2,318279167.782228
Europe ex-UK,France,Technology,Software & IT Services,2012,12Q2,303808987.32477
Europe ex-UK,France,Technology,Software & IT Services,2013,13Q2,341657108.98483
Europe ex-UK,France,Technology,Software & IT Services,2014,14Q2,383987947.037626
Europe ex-UK,France,Technology,Software & IT Services,2015,15Q2,340791657.608926
Europe ex-UK,France,Technology,Software & IT Services,2016,16Q2,393944522.883987
Europe ex-UK,France,Technology,Software & IT Services,2017,17Q2,446634636.92335
Europe ex-UK,France,Technology,Software & IT Services,2018,18Q2,342405724.546578
Europe ex-UK,France,Technology,Software & IT Services,2019,19Q2,513034662.535414
Europe ex-UK,France,Technology,Software & IT Services,2020,20Q2,465665261.357318
Europe ex-UK,France,Technology,Software & IT Services,2021,21q2,582447602.828973
Europe ex-UK,France,Technology,Software & IT Services,2022,22Q2,685656390.464249
Europe ex-UK,France,Technology,Software & IT Services,2023,23Q2,904351670.920531
Europe ex-UK,France,Technology,Software & IT Services,2024,24q2,970001769.763606
Europe ex-UK,France,Technology,Software & IT Services,2025,25q2,1050953329.95835
Europe ex-UK,France,Utilities,Utilities,2010,10Q2,2665279215.61628
Europe ex-UK,France,Utilities,Utilities,2010,10Q4,2538480465.32397
Europe ex-UK,France,Utilities,Utilities,2011,11Q2,3015622977.88614
Europe ex-UK,France,Utilities,Utilities,2011,11Q4,2527600018.1951
Europe ex-UK,France,Utilities,Utilities,2012,12Q2,2356676653.3523
Europe ex-UK,France,Utilities,Utilities,2012,12Q4,2498795289.07508
Europe ex-UK,France,Utilities,Utilities,2013,13Q2,2618839776.48439
Europe ex-UK,France,Utilities,Utilities,2013,13Q4,2696259741.14687
Europe ex-UK,France,Utilities,Utilities,2014,14Q2,2774831448.91358
Europe ex-UK,France,Utilities,Utilities,2014,14Q4,1539321448.17978
Europe ex-UK,France,Utilities,Utilities,2015,15Q2,1805502874.26543
Europe ex-UK,France,Utilities,Utilities,2015,15Q4,1386468638.88758
Europe ex-UK,France,Utilities,Utilities,2016,16Q2,1860505376.20106
Europe ex-UK,France,Utilities,Utilities,2016,16Q4,1339832930.92693
Europe ex-UK,France,Utilities,Utilities,2017,17Q2,1845004856.83827
Europe ex-UK,France,Utilities,Utilities,2017,17Q4,1008798551.16917
Europe ex-UK,France,Utilities,Utilities,2018,18Q2,1557063208.26206
Europe ex-UK,France,Utilities,Utilities,2018,18Q4,1041755263.22303
Europe ex-UK,France,Utilities,Utilities,2019,19Q2,2618440635.22738
Europe ex-UK,France,Utilities,Utilities,2020,20Q2,306706864.337152
Europe ex-UK,France,Utilities,Utilities,2021,21q2,2066847276.28578
Europe ex-UK,France,Utilities,Utilities,2022,22Q2,2177114358.77136
Europe ex-UK,France,Utilities,Utilities,2022,22Q3,712481435.172
Europe ex-UK,France,Utilities,Utilities,2023,23Q2,4642201700.87909
Europe ex-UK,France,Utilities,Utilities,2024,24q2,4731296204.32223
Europe ex-UK,France,Utilities,Utilities,2025,25q2,5265609027.33546
Europe ex-UK,Germany,Consumer Cyclical,Auto,2011,11Q2,2850600101.56433
Europe ex-UK,Germany,Consumer Cyclical,Auto,2012,12Q2,3461605232.18658
Europe ex-UK,Germany,Consumer Cyclical,Auto,2013,13Q2,3664268720.01203
Europe ex-UK,Germany,Consumer Cyclical,Auto,2014,14Q2,4033386776.65323
Europe ex-UK,Germany,Consumer Cyclical,Auto,2015,15Q2,3577933177.4172
Europe ex-UK,Germany,Consumer Cyclical,Auto,2016,16Q2,4821027524.04649
Europe ex-UK,Germany,Consumer Cyclical,Auto,2017,17Q2,3703844106.35444
Europe ex-UK,Germany,Consumer Cyclical,Auto,2017,17Q3,930437918.217693
Europe ex-UK,Germany,Consumer Cyclical,Auto,2018,18Q2,7657595686.95857
Europe ex-UK,Germany,Consumer Cyclical,Auto,2018,18Q3,1075757180.31338
Europe ex-UK,Germany,Consumer Cyclical,Auto,2019,19Q2,7309814261.81194
Europe ex-UK,Germany,Consumer Cyclical,Auto,2020,20Q2,1647585602.0525
Europe ex-UK,Germany,Consumer Cyclical,Auto,2020,20Q3,1779960732.80756
Europe ex-UK,Germany,Consumer Cyclical,Auto,2021,21q2,3116306950.07511
Europe ex-UK,Germany,Consumer Cyclical,Auto,2022,22Q2,9739369690.53508
Europe ex-UK,Germany,Consumer Cyclical,Auto,2023,23Q2,12019202210.7029
Europe ex-UK,Germany,Consumer Cyclical,Auto,2023,23Q3,501758985.75
Europe ex-UK,Germany,Consumer Cyclical,Auto,2024,24q2,11672212927.3113
Europe ex-UK,Germany,Consumer Cyclical,Auto,2024,24q3,
Europe ex-UK,Germany,Consumer Cyclical,Auto,2025,25q2,9280240506.13459
Europe ex-UK,Germany,Consumer Cyclical,Clothing & Durables,2010,10Q2,92634127.634755
Europe ex-UK,Germany,Consumer Cyclical,Clothing & Durables,2011,11Q2,237753273.7704
Europe ex-UK,Germany,Consumer Cyclical,Clothing & Durables,2012,12Q2,270809452.080019
Europe ex-UK,Germany,Consumer Cyclical,Clothing & Durables,2013,13Q2,369857604.01545
Europe ex-UK,Germany,Consumer Cyclical,Clothing & Durables,2014,14Q2,431712369.40635
Europe ex-UK,Germany,Consumer Cyclical,Clothing & Durables,2015,15Q2,352063767.39615
Europe ex-UK,Germany,Consumer Cyclical,Clothing & Durables,2016,16Q2,378212652.40336
Europe ex-UK,Germany,Consumer Cyclical,Clothing & Durables,2017,17Q2,463769519.5062
Europe ex-UK,Germany,Consumer Cyclical,Clothing & Durables,2018,18Q2,645247823.56632
Europe ex-UK,Germany,Consumer Cyclical,Clothing & Durables,2019,19Q2,752767202.93972
Europe ex-UK,Germany,Consumer Cyclical,Clothing & Durables,2020,20Q2,
Europe ex-UK,Germany,Consumer Cyclical,Clothing & Durables,2021,21q2,734635550.5923
Europe ex-UK,Germany,Consumer Cyclical,Clothing & Durables,2022,22Q2,667876951.5
Europe ex-UK,Germany,Consumer Cyclical,Clothing & Durables,2023,23Q2,136917900
Europe ex-UK,Germany,Consumer Cyclical,Clothing & Durables,2024,24q2,136508400
Europe ex-UK,Germany,Consumer Cyclical,Clothing & Durables,2025,25q2,405666000
Europe ex-UK,Germany,Consumer Defensive,Household products,2010,10Q2,234550242.36
Europe ex-UK,Germany,Consumer Defensive,Household products,2011,11Q2,520620847.60875
Europe ex-UK,Germany,Consumer Defensive,Household products,2012,12Q2,507015787.47
Europe ex-UK,Germany,Consumer Defensive,Household products,2013,13Q2,547991805.00375
Europe ex-UK,Germany,Consumer Defensive,Household products,2014,14Q2,671784049.71
Europe ex-UK,Germany,Consumer Defensive,Household products,2015,15Q2,548183041.089188
Europe ex-UK,Germany,Consumer Defensive,Household products,2016,16Q2,628645456.529063
Europe ex-UK,Germany,Consumer Defensive,Household products,2017,17Q2,634533113.19
Europe ex-UK,Germany,Consumer Defensive,Household products,2018,18Q2,779532797.185313
Europe ex-UK,Germany,Consumer Defensive,Household products,2019,19Q2,733560338.494125
Europe ex-UK,Germany,Consumer Defensive,Household products,2020,20Q2,726009798.505917
Europe ex-UK,Germany,Consumer Defensive,Household products,2021,21q2,781738624.526063
Europe ex-UK,Germany,Consumer Defensive,Household products,2022,22Q2,710058552.281438
Europe ex-UK,Germany,Consumer Defensive,Household products,2023,23Q2,716846776.508813
Europe ex-UK,Germany,Consumer Defensive,Household products,2024,24q2,778913957.224125
Europe ex-UK,Germany,Consumer Defensive,Household products,2025,25q2,878693899.18075
Europe ex-UK,Germany,Financial,Banks,2016,16Q2,282769830.18086
Europe ex-UK,Germany,Financial,Banks,2019,19Q2,280327732.79456
Europe ex-UK,Germany,Financial,Banks,2020,20Q2,271135427.761
Europe ex-UK,Germany,Financial,Banks,2023,23Q2,268292600.978973
Europe ex-UK,Germany,Financial,Banks,2024,24q2,467957965.939957
Europe ex-UK,Germany,Financial,Banks,2025,25q2,867713777.314573
Europe ex-UK,Germany,Financial,General Financial,2010,10Q2,1080104597.59118
Europe ex-UK,Germany,Financial,General Financial,2011,11Q2,1564631944.02
Europe ex-UK,Germany,Financial,General Financial,2012,12Q2,1661550116.751
Europe ex-UK,Germany,Financial,General Financial,2013,13Q2,1512223940.66403
Europe ex-UK,Germany,Financial,General Financial,2014,14Q2,1598173787.4963
Europe ex-UK,Germany,Financial,General Financial,2015,15Q2,1601562701.96839
Europe ex-UK,Germany,Financial,General Financial,2016,16Q2,495218700
Europe ex-UK,Germany,Financial,General Financial,2017,17Q2,951143460.030415
Europe ex-UK,Germany,Financial,General Financial,2018,18Q2,819611709.570724
Europe ex-UK,Germany,Financial,General Financial,2019,19Q2,830801252.623734
Europe ex-UK,Germany,Financial,General Financial,2020,20Q2,600066550
Europe ex-UK,Germany,Financial,General Financial,2021,21q2,697936500
Europe ex-UK,Germany,Financial,General Financial,2022,22Q2,1092029741.92889
Europe ex-UK,Germany,Financial,General Financial,2023,23Q2,1398808311.42723
Europe ex-UK,Germany,Financial,General Financial,2024,24q2,1760057868.4991
Europe ex-UK,Germany,Financial,General Financial,2025,25q2,2350149106.47547
Europe ex-UK,Germany,Financial,Insurance,2010,10Q2,4194309188.32423
Europe ex-UK,Germany,Financial,Insurance,2011,11Q2,5117722565.48738
Europe ex-UK,Germany,Financial,Insurance,2012,12Q2,4473661096.20381
Europe ex-UK,Germany,Financial,Insurance,2013,13Q2,5161995017.92335
Europe ex-UK,Germany,Financial,Insurance,2014,14Q2,6071732461.21197
Europe ex-UK,Germany,Financial,Insurance,2015,15Q2,5913360727.36478
Europe ex-UK,Germany,Financial,Insurance,2016,16Q2,6397995882.19937
Europe ex-UK,Germany,Financial,Insurance,2017,17Q2,6347071195.6339
Europe ex-UK,Germany,Financial,Insurance,2018,18Q2,6908120117.1045
Europe ex-UK,Germany,Financial,Insurance,2019,19Q2,6966323831.74379
Europe ex-UK,Germany,Financial,Insurance,2020,20Q2,6998810793.21604
Europe ex-UK,Germany,Financial,Insurance,2021,21q2,7591804391.66476
Europe ex-UK,Germany,Financial,Insurance,2022,22Q2,7426357051.32889
Europe ex-UK,Germany,Financial,Insurance,2023,23Q2,8126069850.84382
Europe ex-UK,Germany,Financial,Insurance,2024,24q2,9619084673.6502
Europe ex-UK,Germany,Financial,Insurance,2025,25q2,11656991530.6613
Europe ex-UK,Germany,Health,Healthcare,2010,10Q2,43784048.0556
Europe ex-UK,Germany,Health,Healthcare,2011,11Q2,428410880.355848
Europe ex-UK,Germany,Health,Healthcare,2012,12Q2,531527553.18454
Europe ex-UK,Germany,Health,Healthcare,2013,13Q2,631878392.19728
Europe ex-UK,Germany,Health,Healthcare,2014,14Q2,740041124.432319
Europe ex-UK,Germany,Health,Healthcare,2015,15Q2,696363039.039577
Europe ex-UK,Germany,Health,Healthcare,2016,16Q2,957236323.78503
Europe ex-UK,Germany,Health,Healthcare,2017,17Q2,709401540.019275
Europe ex-UK,Germany,Health,Healthcare,2018,18Q2,870062604.7235
Europe ex-UK,Germany,Health,Healthcare,2019,19Q1,792960000
Europe ex-UK,Germany,Health,Healthcare,2019,19Q2,805157342.145454
Europe ex-UK,Germany,Health,Healthcare,2020,20Q1,866440000
Europe ex-UK,Germany,Health,Healthcare,2020,20Q3,886706454.76047
Europe ex-UK,Germany,Health,Healthcare,2021,21Q1,1034795000
Europe ex-UK,Germany,Health,Healthcare,2021,21q2,965078969.39851
Europe ex-UK,Germany,Health,Healthcare,2022,22q1,1087423020
Europe ex-UK,Germany,Health,Healthcare,2022,22Q2,851310548.194088
Europe ex-UK,Germany,Health,Healthcare,2023,23Q1,1145272500
Europe ex-UK,Germany,Health,Healthcare,2023,23Q2,908208244.014378
Europe ex-UK,Germany,Health,Healthcare,2024,24q1,1146397680
Europe ex-UK,Germany,Health,Healthcare,2024,24q2,378282115.469454
Europe ex-UK,Germany,Health,Healthcare,2025,25Q1,1120357800
Europe ex-UK,Germany,Health,Healthcare,2025,25q2,1110414925.00262
Europe ex-UK,Germany,Health,Pharmaceuticals,2010,10Q2,1525305231.856
Europe ex-UK,Germany,Health,Pharmaceuticals,2011,11Q2,1963915961.4378
Europe ex-UK,Germany,Health,Pharmaceuticals,2012,12Q2,1933154156.17557
Europe ex-UK,Germany,Health,Pharmaceuticals,2013,13Q2,2202991937.56396
Europe ex-UK,Germany,Health,Pharmaceuticals,2014,14Q2,2576771910.83492
Europe ex-UK,Germany,Health,Pharmaceuticals,2015,15Q2,2170525073.99427
Europe ex-UK,Germany,Health,Pharmaceuticals,2016,16Q2,2536509114.61638
Europe ex-UK,Germany,Health,Pharmaceuticals,2017,17Q2,2613740609.72434
Europe ex-UK,Germany,Health,Pharmaceuticals,2018,18Q2,2982713296.85262
Europe ex-UK,Germany,Health,Pharmaceuticals,2019,19Q2,3100847156.88969
Europe ex-UK,Germany,Health,Pharmaceuticals,2020,20Q2,3191401442.62659
Europe ex-UK,Germany,Health,Pharmaceuticals,2021,21q2,2584030605.2157
Europe ex-UK,Germany,Health,Pharmaceuticals,2022,22Q2,2324091578.20478
Europe ex-UK,Germany,Health,Pharmaceuticals,2023,23Q2,2906497929.01734
Europe ex-UK,Germany,Health,Pharmaceuticals,2024,24q2,419416311.412527
Europe ex-UK,Germany,Health,Pharmaceuticals,2025,25q2,446060244.185985
Europe ex-UK,Germany,Industrial,Machinery,2010,10Q1,2053812837.48176
Europe ex-UK,Germany,Industrial,Machinery,2010,10Q2,206026186.405995
Europe ex-UK,Germany,Industrial,Machinery,2011,11Q1,3379663774.88964
Europe ex-UK,Germany,Industrial,Machinery,2011,11Q2,522922816.6918
Europe ex-UK,Germany,Industrial,Machinery,2012,12Q1,3558125424.70305
Europe ex-UK,Germany,Industrial,Machinery,2012,12Q2,515455375.9464
Europe ex-UK,Germany,Industrial,Machinery,2013,13Q1,3534748200
Europe ex-UK,Germany,Industrial,Machinery,2013,13Q2,569542162.65117
Europe ex-UK,Germany,Industrial,Machinery,2014,14Q1,3606241350
Europe ex-UK,Germany,Industrial,Machinery,2014,14Q2,554739080.236111
Europe ex-UK,Germany,Industrial,Machinery,2015,15Q1,3297168930
Europe ex-UK,Germany,Industrial,Machinery,2015,15Q2,483141319.950057
Europe ex-UK,Germany,Industrial,Machinery,2016,16Q1,3352072541.65
Europe ex-UK,Germany,Industrial,Machinery,2016,16Q2,599295003.560687
Europe ex-UK,Germany,Industrial,Machinery,2017,17Q1,3286440000
Europe ex-UK,Germany,Industrial,Machinery,2017,17Q2,650943826.87933
Europe ex-UK,Germany,Industrial,Machinery,2018,18Q1,3906090000
Europe ex-UK,Germany,Industrial,Machinery,2018,18Q2,783165393.396285
Europe ex-UK,Germany,Industrial,Machinery,2019,19Q1,3691405177
Europe ex-UK,Germany,Industrial,Machinery,2019,19Q2,1088304200.35488
Europe ex-UK,Germany,Industrial,Machinery,2020,20Q1,3621306331.5
Europe ex-UK,Germany,Industrial,Machinery,2020,20Q2,681840693.505622
Europe ex-UK,Germany,Industrial,Machinery,2020,20Q3,328711266.928222
Europe ex-UK,Germany,Industrial,Machinery,2020,20Q4,93386198.56237
Europe ex-UK,Germany,Industrial,Machinery,2021,21Q1,3584131547.5
Europe ex-UK,Germany,Industrial,Machinery,2021,21q2,1173279371.04714
Europe ex-UK,Germany,Industrial,Machinery,2022,22q1,3942168834.1781
Europe ex-UK,Germany,Industrial,Machinery,2022,22Q2,1113327994.16237
Europe ex-UK,Germany,Industrial,Machinery,2023,23Q1,3721870614.03065
Europe ex-UK,Germany,Industrial,Machinery,2023,23Q2,2506049469.36107
Europe ex-UK,Germany,Industrial,Machinery,2024,24q1,4029779624
Europe ex-UK,Germany,Industrial,Machinery,2024,24q2,3088697092.27146
Europe ex-UK,Germany,Industrial,Machinery,2025,25Q1,4354272000
Europe ex-UK,Germany,Industrial,Machinery,2025,25q2,3326874687.61076
Europe ex-UK,Germany,Industrial,Transport,2010,10Q2,960732446.656313
Europe ex-UK,Germany,Industrial,Transport,2011,11Q2,1108023755.5051
Europe ex-UK,Germany,Industrial,Transport,2012,12Q2,1096819200.8928
Europe ex-UK,Germany,Industrial,Transport,2013,13Q2,1104816840.89931
Europe ex-UK,Germany,Industrial,Transport,2014,14Q2,1315882059.8742
Europe ex-UK,Germany,Industrial,Transport,2015,15Q2,1124062990.75467
Europe ex-UK,Germany,Industrial,Transport,2016,16Q2,1155056930.34098
Europe ex-UK,Germany,Industrial,Transport,2017,17Q2,1426221982.10456
Europe ex-UK,Germany,Industrial,Transport,2018,18Q2,1709958500.91901
Europe ex-UK,Germany,Industrial,Transport,2019,19Q2,1577629770.09138
Europe ex-UK,Germany,Industrial,Transport,2020,20Q3,1701189090.2991
Europe ex-UK,Germany,Industrial,Transport,2021,21q2,2034290835.34472
Europe ex-UK,Germany,Industrial,Transport,2022,22Q2,2352193210.26333
Europe ex-UK,Germany,Industrial,Transport,2023,23Q2,2511285340.73041
Europe ex-UK,Germany,Industrial,Transport,2024,24q2,2464064786.65342
Europe ex-UK,Germany,Industrial,Transport,2025,25q2,2523585000
Europe ex-UK,Germany,Media & Telecommunications,Media,2010,10Q2,24750600
Europe ex-UK,Germany,Media & Telecommunications,Media,2011,11Q2,29724770.088
Europe ex-UK,Germany,Media & Telecommunications,Media,2012,12Q2,26908992
Europe ex-UK,Germany,Media & Telecommunications,Media,2013,13Q2,35827920
Europe ex-UK,Germany,Media & Telecommunications,Media,2014,14Q2,42259968
Europe ex-UK,Germany,Media & Telecommunications,Media,2015,15Q2,43079040
Europe ex-UK,Germany,Media & Telecommunications,Media,2016,16Q2,50322528
Europe ex-UK,Germany,Media & Telecommunications,Media,2017,17Q2,102763584
Europe ex-UK,Germany,Media & Telecommunications,Media,2018,18Q2,67650816
Europe ex-UK,Germany,Media & Telecommunications,Media,2019,19Q2,66918336
Europe ex-UK,Germany,Media & Telecommunications,Media,2023,23Q2,109768512
Europe ex-UK,Germany,Media & Telecommunications,Media,2024,24q2,149305728
Europe ex-UK,Germany,Media & Telecommunications,Media,2025,25q2,181423392
Europe ex-UK,Germany,Media & Telecommunications,Telecoms,2010,10Q2,4433604510.56398
Europe ex-UK,Germany,Media & Telecommunications,Telecoms,2011,11Q2,4296903752.4861
Europe ex-UK,Germany,Media & Telecommunications,Telecoms,2012,12Q2,3784784515.87538
Europe ex-UK,Germany,Media & Telecommunications,Telecoms,2013,13Q2,4034189151.35733
Europe ex-UK,Germany,Media & Telecommunications,Telecoms,2014,14Q2,3014669617.88433
Europe ex-UK,Germany,Media & Telecommunications,Telecoms,2015,15Q2,2547516980.15873
Europe ex-UK,Germany,Media & Telecommunications,Telecoms,2016,16Q2,2858473298.48785
Europe ex-UK,Germany,Media & Telecommunications,Telecoms,2017,17Q2,3188618268.05874
Europe ex-UK,Germany,Media & Telecommunications,Telecoms,2018,18Q2,3643836821.20558
Europe ex-UK,Germany,Media & Telecommunications,Telecoms,2019,19Q2,3729817169.29766
Europe ex-UK,Germany,Media & Telecommunications,Telecoms,2020,20Q2,3221269583.95188
Europe ex-UK,Germany,Media & Telecommunications,Telecoms,2021,21q2,3398967504.44212
Europe ex-UK,Germany,Media & Telecommunications,Telecoms,2022,22Q2,3470096482.79078
Europe ex-UK,Germany,Media & Telecommunications,Telecoms,2023,23Q2,3831719446.6313
Europe ex-UK,Germany,Media & Telecommunications,Telecoms,2024,24q2,4080314353.47628
Europe ex-UK,Germany,Media & Telecommunications,Telecoms,2025,25q2,5101521128.1027
Europe ex-UK,Germany,Mining & Chemicals,Mining & Chemicals,2010,10Q2,2179522133.61086
Europe ex-UK,Germany,Mining & Chemicals,Mining & Chemicals,2011,11Q2,3051711976.20229
Europe ex-UK,Germany,Mining & Chemicals,Mining & Chemicals,2012,12Q2,3218541859.99535
Europe ex-UK,Germany,Mining & Chemicals,Mining & Chemicals,2013,13Q2,3342534782.06746
Europe ex-UK,Germany,Mining & Chemicals,Mining & Chemicals,2014,14Q2,4348154854.90264
Europe ex-UK,Germany,Mining & Chemicals,Mining & Chemicals,2015,15Q2,3656462352.32964
Europe ex-UK,Germany,Mining & Chemicals,Mining & Chemicals,2016,16Q2,4064108826.00254
Europe ex-UK,Germany,Mining & Chemicals,Mining & Chemicals,2017,17Q2,4142969417.39067
Europe ex-UK,Germany,Mining & Chemicals,Mining & Chemicals,2018,18Q2,4580048662.20086
Europe ex-UK,Germany,Mining & Chemicals,Mining & Chemicals,2019,19Q2,4496291635.89382
Europe ex-UK,Germany,Mining & Chemicals,Mining & Chemicals,2020,20Q2,4012096749.45401
Europe ex-UK,Germany,Mining & Chemicals,Mining & Chemicals,2020,20Q3,319943922.972
Europe ex-UK,Germany,Mining & Chemicals,Mining & Chemicals,2021,21q2,4990556929.98365
Europe ex-UK,Germany,Mining & Chemicals,Mining & Chemicals,2022,22Q2,4517297487.27523
Europe ex-UK,Germany,Mining & Chemicals,Mining & Chemicals,2023,23Q2,4648140563.49097
Europe ex-UK,Germany,Mining & Chemicals,Mining & Chemicals,2024,24q2,4592941064.4462
Europe ex-UK,Germany,Mining & Chemicals,Mining & Chemicals,2025,25q2,3757725417.09591
Europe ex-UK,Germany,Property,Property,2014,14Q2,231325827.396125
Europe ex-UK,Germany,Property,Property,2015,15Q2,308283819.778116
Europe ex-UK,Germany,Property,Property,2016,16Q2,494920156.724816
Europe ex-UK,Germany,Property,Property,2017,17Q2,587980066.127895
Europe ex-UK,Germany,Property,Property,2018,18Q2,757193879.3034
Europe ex-UK,Germany,Property,Property,2019,19Q2,867748362.565382
Europe ex-UK,Germany,Property,Property,2020,20Q3,998528799.318319
Europe ex-UK,Germany,Property,Property,2021,21q2,1168228774.85793
Europe ex-UK,Germany,Property,Property,2022,22Q2,1376749521.42703
Europe ex-UK,Germany,Property,Property,2023,23Q2,734277072.357103
Europe ex-UK,Germany,Property,Property,2024,24q2,797700382.0416
Europe ex-UK,Germany,Property,Property,2025,25q2,1166609709.04191
Europe ex-UK,Germany,Technology,Semiconductors,2011,11Q1,148199007.264029
Europe ex-UK,Germany,Technology,Semiconductors,2012,12Q1,171090743.78739
Europe ex-UK,Germany,Technology,Semiconductors,2013,13Q1,168320368.976256
Europe ex-UK,Germany,Technology,Semiconductors,2014,14Q1,177548428.839888
Europe ex-UK,Germany,Technology,Semiconductors,2015,15Q1,231462858.560656
Europe ex-UK,Germany,Technology,Semiconductors,2016,16Q1,250845096.65996
Europe ex-UK,Germany,Technology,Semiconductors,2017,17Q1,262557024.685527
Europe ex-UK,Germany,Technology,Semiconductors,2018,18Q1,347649079.250775
Europe ex-UK,Germany,Technology,Semiconductors,2019,19Q1,348693344.572091
Europe ex-UK,Germany,Technology,Semiconductors,2020,20Q1,366877541.413246
Europe ex-UK,Germany,Technology,Semiconductors,2021,21Q1,346558821.731375
Europe ex-UK,Germany,Technology,Semiconductors,2022,22q1,399653004.437816
Europe ex-UK,Germany,Technology,Semiconductors,2023,23Q1,446457912.73794
Europe ex-UK,Germany,Technology,Semiconductors,2024,24q1,495215135.266167
Europe ex-UK,Germany,Technology,Semiconductors,2025,25Q1,479834603.36791
Europe ex-UK,Germany,Technology,Software & IT Services,2010,10Q2,745020508.9328
Europe ex-UK,Germany,Technology,Software & IT Services,2011,11Q2,1037855196.98109
Europe ex-UK,Germany,Technology,Software & IT Services,2012,12Q2,1713608728.04852
Europe ex-UK,Germany,Technology,Software & IT Services,2013,13Q2,1380672107.29592
Europe ex-UK,Germany,Technology,Software & IT Services,2014,14Q2,1694804388.45663
Europe ex-UK,Germany,Technology,Software & IT Services,2015,15Q2,1520036189.78068
Europe ex-UK,Germany,Technology,Software & IT Services,2016,16Q2,1617788368.07898
Europe ex-UK,Germany,Technology,Software & IT Services,2017,17Q2,1714076120.1265
Europe ex-UK,Germany,Technology,Software & IT Services,2018,18Q2,2058704712.32269
Europe ex-UK,Germany,Technology,Software & IT Services,2019,19Q2,2092369340.292
Europe ex-UK,Germany,Technology,Software & IT Services,2020,20Q2,2168596909.4555
Europe ex-UK,Germany,Technology,Software & IT Services,2021,21q2,2819021032.35802
Europe ex-UK,Germany,Technology,Software & IT Services,2022,22Q2,3258500323.51108
Europe ex-UK,Germany,Technology,Software & IT Services,2023,23Q2,2792297789.84074
Europe ex-UK,Germany,Technology,Software & IT Services,2024,24q2,2995430539.0944
Europe ex-UK,Germany,Technology,Software & IT Services,2025,25q2,3292641991.86786
Europe ex-UK,Germany,Utilities,Utilities,2010,10Q2,6244580950.875
Europe ex-UK,Germany,Utilities,Utilities,2011,11Q2,7023321851.71675
Europe ex-UK,Germany,Utilities,Utilities,2012,12Q2,4145000510.0584
Europe ex-UK,Germany,Utilities,Utilities,2013,13Q2,4380189164.0337
Europe ex-UK,Germany,Utilities,Utilities,2014,14Q2,2461264557.5669
Europe ex-UK,Germany,Utilities,Utilities,2015,15Q2,1737081746.93845
Europe ex-UK,Germany,Utilities,Utilities,2016,16Q2,1217614699.54249
Europe ex-UK,Germany,Utilities,Utilities,2017,17Q2,520587427.2375
Europe ex-UK,Germany,Utilities,Utilities,2018,18Q2,1822900826.297
Europe ex-UK,Germany,Utilities,Utilities,2019,19Q2,1507681099.77517
Europe ex-UK,Germany,Utilities,Utilities,2020,20Q2,1358741933.94398
Europe ex-UK,Germany,Utilities,Utilities,2020,20Q3,553811974.31876
Europe ex-UK,Germany,Utilities,Utilities,2021,21q2,2210917510.02236
Europe ex-UK,Germany,Utilities,Utilities,2022,22Q2,2004924083.61912
Europe ex-UK,Germany,Utilities,Utilities,2023,23Q2,2121453274.00896
Europe ex-UK,Germany,Utilities,Utilities,2024,24q2,2319882391.11815
Europe ex-UK,Germany,Utilities,Utilities,2025,25q2,2565075639.79947
Europe ex-UK,Ireland,Consumer Defensive,"Food, drink & Tobacco",2010,10Q2,37678049.56027
Europe ex-UK,Ireland,Consumer Defensive,"Food, drink & Tobacco",2010,10Q4,21136272.302376
Europe ex-UK,Ireland,Consumer Defensive,"Food, drink & Tobacco",2011,11Q2,49898932.7943
Europe ex-UK,Ireland,Consumer Defensive,"Food, drink & Tobacco",2011,11Q4,23625971.633698
Europe ex-UK,Ireland,Consumer Defensive,"Food, drink & Tobacco",2012,12Q2,50895805.4703547
Europe ex-UK,Ireland,Consumer Defensive,"Food, drink & Tobacco",2012,12Q4,24099249.4736562
Europe ex-UK,Ireland,Consumer Defensive,"Food, drink & Tobacco",2013,13Q2,56975414.2672839
Europe ex-UK,Ireland,Consumer Defensive,"Food, drink & Tobacco",2013,13Q4,28413207.297072
Europe ex-UK,Ireland,Consumer Defensive,"Food, drink & Tobacco",2014,14Q2,67712966.846406
Europe ex-UK,Ireland,Consumer Defensive,"Food, drink & Tobacco",2014,14Q4,29618376.0333615
Europe ex-UK,Ireland,Consumer Defensive,"Food, drink & Tobacco",2015,15Q2,63382805.9628435
Europe ex-UK,Ireland,Consumer Defensive,"Food, drink & Tobacco",2015,15Q4,28312441.9567275
Europe ex-UK,Ireland,Consumer Defensive,"Food, drink & Tobacco",2016,16Q2,69589031.200605
Europe ex-UK,Ireland,Consumer Defensive,"Food, drink & Tobacco",2016,16Q4,31263604.3825527
Europe ex-UK,Ireland,Consumer Defensive,"Food, drink & Tobacco",2017,17Q2,77241828.120604
Europe ex-UK,Ireland,Consumer Defensive,"Food, drink & Tobacco",2017,17Q4,38624242.32342
Europe ex-UK,Ireland,Consumer Defensive,"Food, drink & Tobacco",2018,18Q2,91081107.241454
Europe ex-UK,Ireland,Consumer Defensive,"Food, drink & Tobacco",2018,18Q4,42184670.7381645
Europe ex-UK,Ireland,Consumer Defensive,"Food, drink & Tobacco",2019,19Q2,97531412.4866016
Europe ex-UK,Ireland,Consumer Defensive,"Food, drink & Tobacco",2019,19Q4,45841578.668892
Europe ex-UK,Ireland,Consumer Defensive,"Food, drink & Tobacco",2020,20Q2,105295111.18908
Europe ex-UK,Ireland,Consumer Defensive,"Food, drink & Tobacco",2020,20Q4,54091593.019464
Europe ex-UK,Ireland,Consumer Defensive,"Food, drink & Tobacco",2021,21q2,129985983.451428
Europe ex-UK,Ireland,Consumer Defensive,"Food, drink & Tobacco",2021,21Q4,57680302.241085
Europe ex-UK,Ireland,Consumer Defensive,"Food, drink & Tobacco",2022,22Q2,124836018.197091
Europe ex-UK,Ireland,Consumer Defensive,"Food, drink & Tobacco",2022,22Q4,57383794.2608296
Europe ex-UK,Ireland,Consumer Defensive,"Food, drink & Tobacco",2023,23Q2,141182847.638745
Europe ex-UK,Ireland,Consumer Defensive,"Food, drink & Tobacco",2023,23q4,65393999.9565078
Europe ex-UK,Ireland,Consumer Defensive,"Food, drink & Tobacco",2024,24q2,151164195.671549
Europe ex-UK,Ireland,Consumer Defensive,"Food, drink & Tobacco",2024,24q4,69748057.433502
Europe ex-UK,Ireland,Consumer Defensive,"Food, drink & Tobacco",2025,25q2,165814865.637105
Europe ex-UK,Ireland,Financial,Banks,2018,18Q2,534060476.716614
Europe ex-UK,Ireland,Financial,Banks,2019,19Q2,711551474.258817
Europe ex-UK,Ireland,Financial,Banks,2020,20Q2,448400100.50631
Europe ex-UK,Ireland,Financial,Banks,2022,22Q2,182742631.704622
Europe ex-UK,Ireland,Financial,Banks,2023,23Q2,422855000.681345
Europe ex-UK,Ireland,Financial,Banks,2024,24q2,1416587472.77001
Europe ex-UK,Ireland,Financial,Banks,2024,24q4,380571959.87874
Europe ex-UK,Ireland,Financial,Banks,2025,25q2,1284950230.03794
Europe ex-UK,Ireland,Industrial,Machinery,2010,10Q3,8962452.810336
Europe ex-UK,Ireland,Industrial,Machinery,2011,11Q2,14223793.2020625
Europe ex-UK,Ireland,Industrial,Machinery,2011,11Q3,10132219.923561
Europe ex-UK,Ireland,Industrial,Machinery,2012,12Q2,13794832.688832
Europe ex-UK,Ireland,Industrial,Machinery,2012,12Q3,10887631.7866
Europe ex-UK,Ireland,Industrial,Machinery,2013,13Q2,15861605.0106583
Europe ex-UK,Ireland,Industrial,Machinery,2013,13Q3,12604732.8092015
Europe ex-UK,Ireland,Industrial,Machinery,2014,14Q2,19949006.7196998
Europe ex-UK,Ireland,Industrial,Machinery,2014,14Q3,13598598.9498
Europe ex-UK,Ireland,Industrial,Machinery,2015,15Q2,20142641.09768
Europe ex-UK,Ireland,Industrial,Machinery,2015,15Q3,15779015.219448
Europe ex-UK,Ireland,Industrial,Machinery,2016,16Q2,34435890.6123095
Europe ex-UK,Ireland,Industrial,Machinery,2016,16Q3,20164206.545775
Europe ex-UK,Ireland,Industrial,Machinery,2017,17Q2,46490431.4008875
Europe ex-UK,Ireland,Industrial,Machinery,2017,17Q4,23359550.421802
Europe ex-UK,Ireland,Industrial,Machinery,2018,18Q2,56483159.48665
Europe ex-UK,Ireland,Industrial,Machinery,2018,18Q4,24882674.705382
Europe ex-UK,Ireland,Industrial,Machinery,2019,19Q2,60881698.42164
Europe ex-UK,Ireland,Industrial,Machinery,2019,19Q4,25810107.71521
Europe ex-UK,Ireland,Industrial,Machinery,2020,20Q2,65390318.227305
Europe ex-UK,Ireland,Industrial,Machinery,2021,21q2,45428860.635522
Europe ex-UK,Ireland,Industrial,Machinery,2021,21Q4,41745632.2151328
Europe ex-UK,Ireland,Industrial,Machinery,2022,22Q2,49907692.747822
Europe ex-UK,Ireland,Industrial,Machinery,2022,22Q4,45506169.193677
Europe ex-UK,Ireland,Industrial,Machinery,2023,23Q2,47424815.5742515
Europe ex-UK,Ireland,Industrial,Machinery,2023,23q4,50258797.3641047
Europe ex-UK,Ireland,Industrial,Machinery,2024,24q2,52960273.834524
Europe ex-UK,Ireland,Industrial,Machinery,2024,24q4,52340233.0703616
Europe ex-UK,Ireland,Industrial,Machinery,2025,25q2,58843413.7604445
Europe ex-UK,Israel,Financial,Banks,2010,10Q3,53005404.7976581
Europe ex-UK,Israel,Financial,Banks,2010,10Q4,135980395.904326
Europe ex-UK,Israel,Financial,Banks,2011,11Q1,137475925.7493
Europe ex-UK,Israel,Financial,Banks,2011,11Q2,151267175.471006
Europe ex-UK,Israel,Financial,Banks,2011,11Q3,79137610.9748939
Europe ex-UK,Israel,Financial,Banks,2013,13Q3,73042023.5230396
Europe ex-UK,Israel,Financial,Banks,2013,13Q4,26340273.6168725
Europe ex-UK,Israel,Financial,Banks,2014,14Q2,61079741.7701473
Europe ex-UK,Israel,Financial,Banks,2014,14Q3,33240747.1250819
Europe ex-UK,Israel,Financial,Banks,2014,14Q4,29619909.6004632
Europe ex-UK,Israel,Financial,Banks,2015,15Q1,17540158.0030038
Europe ex-UK,Israel,Financial,Banks,2015,15Q2,51805291.0391126
Europe ex-UK,Israel,Financial,Banks,2015,15Q3,58107257.7914144
Europe ex-UK,Israel,Financial,Banks,2015,15Q4,41487235.3182019
Europe ex-UK,Israel,Financial,Banks,2016,16Q1,39448380.6265748
Europe ex-UK,Israel,Financial,Banks,2016,16Q2,46403663.7079375
Europe ex-UK,Israel,Financial,Banks,2016,16Q3,72600005.0437253
Europe ex-UK,Israel,Financial,Banks,2016,16Q4,69754133.398629
Europe ex-UK,Israel,Financial,Banks,2017,17Q2,171208446.83869
Europe ex-UK,Israel,Financial,Banks,2017,17Q3,174256179.968394
Europe ex-UK,Israel,Financial,Banks,2017,17Q4,169457699.237723
Europe ex-UK,Israel,Financial,Banks,2018,18Q1,128776534.672101
Europe ex-UK,Israel,Financial,Banks,2018,18Q2,258422393.118316
Europe ex-UK,Israel,Financial,Banks,2018,18Q3,100810430.200107
Europe ex-UK,Israel,Financial,Banks,2018,18Q4,100024809.449389
Europe ex-UK,Israel,Financial,Banks,2019,19Q2,196871204.208286
Europe ex-UK,Israel,Financial,Banks,2019,19q3,216312388.746973
Europe ex-UK,Israel,Financial,Banks,2019,19Q4,419828801.262994
Europe ex-UK,Israel,Financial,Banks,2020,20Q1,129438076.658471
Europe ex-UK,Israel,Financial,Banks,2021,21q3,537848890.075946
Europe ex-UK,Israel,Financial,Banks,2021,21Q4,957988561.845954
Europe ex-UK,Israel,Financial,Banks,2022,22q1,82807584.0748935
Europe ex-UK,Israel,Financial,Banks,2022,22Q2,274923808.105494
Europe ex-UK,Israel,Financial,Banks,2022,22Q3,328986622.99448
Europe ex-UK,Israel,Financial,Banks,2022,22Q4,363714806.854104
Europe ex-UK,Israel,Financial,Banks,2023,23Q1,238257942.822137
Europe ex-UK,Israel,Financial,Banks,2023,23Q2,611060084.774033
Europe ex-UK,Israel,Financial,Banks,2023,23Q3,521133134.440452
Europe ex-UK,Israel,Financial,Banks,2023,23q4,231043298.074987
Europe ex-UK,Israel,Financial,Banks,2024,24q1,57155333.6097041
Europe ex-UK,Israel,Financial,Banks,2024,24q2,760310799.209683
Europe ex-UK,Israel,Financial,Banks,2024,24q3,513629693.401884
Europe ex-UK,Israel,Financial,Banks,2024,24q4,493586389.643366
Europe ex-UK,Israel,Financial,Banks,2025,25Q1,435791847.564387
Europe ex-UK,Israel,Financial,Banks,2025,25q2,558579885.331448
Europe ex-UK,Israel,Health,Pharmaceuticals,2012,12Q2,182721193.622901
Europe ex-UK,Israel,Health,Pharmaceuticals,2012,12Q3,172933413.41031
Europe ex-UK,Israel,Health,Pharmaceuticals,2012,12Q4,178643060.494821
Europe ex-UK,Israel,Health,Pharmaceuticals,2013,13Q1,218588206.7733
Europe ex-UK,Israel,Health,Pharmaceuticals,2013,13Q2,222738012.8
Europe ex-UK,Israel,Health,Pharmaceuticals,2013,13Q3,71972416.454004
Europe ex-UK,Israel,Health,Pharmaceuticals,2013,13Q4,231700068.771224
Europe ex-UK,Israel,Health,Pharmaceuticals,2014,14Q1,245435116.584581
Europe ex-UK,Israel,Health,Pharmaceuticals,2014,14Q2,249414291.143702
Europe ex-UK,Israel,Health,Pharmaceuticals,2014,14Q3,246661263.981275
Europe ex-UK,Israel,Health,Pharmaceuticals,2014,14Q4,229092036.474384
Europe ex-UK,Israel,Health,Pharmaceuticals,2015,15Q1,252129601.9
Europe ex-UK,Israel,Health,Pharmaceuticals,2015,15Q2,248149000
Europe ex-UK,Israel,Health,Pharmaceuticals,2015,15Q3,285378415.88
Europe ex-UK,Israel,Health,Pharmaceuticals,2015,15Q4,289680000
Europe ex-UK,Israel,Health,Pharmaceuticals,2016,16Q1,308605433.94
Europe ex-UK,Israel,Health,Pharmaceuticals,2016,16Q2,308605433.94
Europe ex-UK,Israel,Health,Pharmaceuticals,2016,16Q3,310760000
Europe ex-UK,Israel,Health,Pharmaceuticals,2016,16Q4,310760000
Europe ex-UK,Israel,Health,Pharmaceuticals,2017,17Q1,345096704.04
Europe ex-UK,Israel,Health,Pharmaceuticals,2017,17Q2,286317740
Europe ex-UK,Israel,Health,Pharmaceuticals,2017,17Q3,71606040
Europe ex-UK,Israel,Health,Pharmaceuticals,2017,17Q4,70840190
Europe ex-UK,Israel,Industrial,Machinery,2010,10Q2,30622244.4
Europe ex-UK,Israel,Industrial,Machinery,2010,10Q3,15311122.2
Europe ex-UK,Israel,Industrial,Machinery,2010,10Q4,15311122.2
Europe ex-UK,Israel,Industrial,Machinery,2011,11Q2,30739204.8
Europe ex-UK,Israel,Industrial,Machinery,2011,11Q3,15419487.96
Europe ex-UK,Israel,Industrial,Machinery,2011,11Q4,15413511.6
Europe ex-UK,Israel,Industrial,Machinery,2012,12Q2,25601267.4
Europe ex-UK,Israel,Industrial,Machinery,2012,12Q3,12866832
Europe ex-UK,Israel,Industrial,Machinery,2012,12Q4,12561788.7
Europe ex-UK,Israel,Industrial,Machinery,2013,13Q2,25189614.9
Europe ex-UK,Israel,Industrial,Machinery,2013,13Q3,12663736.2
Europe ex-UK,Israel,Industrial,Machinery,2013,13Q4,12736233.6
Europe ex-UK,Israel,Industrial,Machinery,2014,14Q2,26453195.56
Europe ex-UK,Israel,Industrial,Machinery,2014,14Q3,13654888.96
Europe ex-UK,Israel,Industrial,Machinery,2014,14Q4,13658083.2
Europe ex-UK,Israel,Industrial,Machinery,2015,15Q2,29887428.2
Europe ex-UK,Israel,Industrial,Machinery,2015,15Q3,15805418.76
Europe ex-UK,Israel,Industrial,Machinery,2015,15Q4,15808009.13
Europe ex-UK,Israel,Industrial,Machinery,2016,16Q2,34191292
Europe ex-UK,Israel,Industrial,Machinery,2016,16Q3,17097613.2
Europe ex-UK,Israel,Industrial,Machinery,2016,16Q4,17098109.2
Europe ex-UK,Israel,Industrial,Machinery,2017,17Q2,37618413.8
Europe ex-UK,Israel,Industrial,Machinery,2017,17Q3,18810453.2
Europe ex-UK,Israel,Industrial,Machinery,2017,17Q4,18810453.2
Europe ex-UK,Israel,Industrial,Machinery,2018,18Q2,18811400.08
Europe ex-UK,Israel,Industrial,Machinery,2018,18Q3,37622800.16
Europe ex-UK,Israel,Industrial,Machinery,2018,18Q4,18811400.08
Europe ex-UK,Israel,Industrial,Machinery,2019,19Q2,38242725.4
Europe ex-UK,Israel,Industrial,Machinery,2019,19q3,19431325.32
Europe ex-UK,Israel,Industrial,Machinery,2020,20Q1,19431325.32
Europe ex-UK,Israel,Industrial,Machinery,2020,20Q2,34916680.7
Europe ex-UK,Israel,Industrial,Machinery,2020,20Q3,19447265.2
Europe ex-UK,Israel,Industrial,Machinery,2021,21Q1,19447265.2
Europe ex-UK,Israel,Industrial,Machinery,2021,21q2,38896144.32
Europe ex-UK,Israel,Industrial,Machinery,2021,21q3,20333727.76
Europe ex-UK,Israel,Industrial,Machinery,2022,22q1,20338847.56
Europe ex-UK,Israel,Industrial,Machinery,2022,22Q2,22145956
Europe ex-UK,Israel,Industrial,Machinery,2022,22Q3,22163445.5
Europe ex-UK,Israel,Industrial,Machinery,2022,22Q4,22168885
Europe ex-UK,Israel,Industrial,Machinery,2023,23Q1,22172103
Europe ex-UK,Israel,Industrial,Machinery,2023,23Q2,22173824
Europe ex-UK,Israel,Industrial,Machinery,2023,23Q3,22173824
Europe ex-UK,Israel,Industrial,Machinery,2023,23q4,22210276
Europe ex-UK,Israel,Industrial,Machinery,2024,24q1,22226925
Europe ex-UK,Israel,Industrial,Machinery,2024,24q2,22233827.5
Europe ex-UK,Israel,Industrial,Machinery,2024,24q3,22238382.5
Europe ex-UK,Israel,Industrial,Machinery,2024,24q4,22239131.5
Europe ex-UK,Israel,Industrial,Machinery,2025,25Q1,22264584.5
Europe ex-UK,Israel,Industrial,Machinery,2025,25q2,26834007.6
Europe ex-UK,Israel,Technology,Software & IT Services,2013,13Q2,9714023.84
Europe ex-UK,Israel,Technology,Software & IT Services,2013,13Q3,9672692
Europe ex-UK,Israel,Technology,Software & IT Services,2013,13Q4,9790356.48
Europe ex-UK,Israel,Technology,Software & IT Services,2014,14Q1,9871532
Europe ex-UK,Israel,Technology,Software & IT Services,2014,14Q2,9570315.68
Europe ex-UK,Israel,Technology,Software & IT Services,2014,14Q3,9594489.6
Europe ex-UK,Israel,Technology,Software & IT Services,2014,14Q4,9648375.52
Europe ex-UK,Israel,Technology,Software & IT Services,2015,15Q1,9753605.28
Europe ex-UK,Israel,Technology,Software & IT Services,2015,15Q2,9552752.8
Europe ex-UK,Israel,Technology,Software & IT Services,2015,15Q3,9595048.16
Europe ex-UK,Israel,Technology,Software & IT Services,2015,15Q4,9669892
Europe ex-UK,Israel,Technology,Software & IT Services,2016,16Q1,9708000.16
Europe ex-UK,Israel,Technology,Software & IT Services,2016,16Q2,9585695.2
Europe ex-UK,Israel,Technology,Software & IT Services,2016,16Q3,9630547.68
Europe ex-UK,Israel,Technology,Software & IT Services,2016,16Q4,9591102.4
Europe ex-UK,Israel,Technology,Software & IT Services,2017,17Q1,9607456.96
Europe ex-UK,Italy,Consumer Cyclical,Auto,2016,16Q1,15243137.1880276
Europe ex-UK,Italy,Consumer Cyclical,Auto,2016,16Q2,96793595.2264064
Europe ex-UK,Italy,Consumer Cyclical,Auto,2017,17Q2,130781394.79613
Europe ex-UK,Italy,Consumer Cyclical,Auto,2018,18Q2,160405116.608151
Europe ex-UK,Italy,Consumer Cyclical,Auto,2019,19Q2,3587725429.79847
Europe ex-UK,Italy,Consumer Cyclical,Auto,2020,20Q2,226967695.579894
Europe ex-UK,Italy,Consumer Cyclical,Auto,2021,21Q1,3647926495.57438
Europe ex-UK,Italy,Consumer Cyclical,Auto,2021,21q2,801492142.907451
Europe ex-UK,Italy,Consumer Cyclical,Auto,2022,22Q2,1993991321.63515
Europe ex-UK,Italy,Consumer Cyclical,Auto,2023,23Q2,5104776399.8073
Europe ex-UK,Italy,Consumer Cyclical,Auto,2024,24q2,5760873436.07605
Europe ex-UK,Italy,Consumer Cyclical,Auto,2025,25q2,2839521745.3399
Europe ex-UK,Italy,Consumer Cyclical,Clothing & Durables,2014,14Q2,33973750
Europe ex-UK,Italy,Consumer Cyclical,Clothing & Durables,2015,15Q2,33321916.8183
Europe ex-UK,Italy,Consumer Cyclical,Clothing & Durables,2016,16Q2,39028450.254339
Europe ex-UK,Italy,Consumer Cyclical,Clothing & Durables,2017,17Q2,51077231.124192
Europe ex-UK,Italy,Consumer Cyclical,Clothing & Durables,2018,18Q2,83494460.410592
Europe ex-UK,Italy,Consumer Cyclical,Clothing & Durables,2019,19Q2,115086323.785781
Europe ex-UK,Italy,Consumer Cyclical,Clothing & Durables,2020,20Q2,156168956.0376
Europe ex-UK,Italy,Consumer Cyclical,Clothing & Durables,2021,21q2,142039043.2674
Europe ex-UK,Italy,Consumer Cyclical,Clothing & Durables,2022,22Q2,165544610.88048
Europe ex-UK,Italy,Consumer Cyclical,Clothing & Durables,2023,23Q2,331036227.792499
Europe ex-UK,Italy,Consumer Cyclical,Clothing & Durables,2024,24q2,342383486.14814
Europe ex-UK,Italy,Consumer Cyclical,Clothing & Durables,2025,25q2,405154662.16082
Europe ex-UK,Italy,Financial,Banks,2010,10Q2,1922182813.37517
Europe ex-UK,Italy,Financial,Banks,2010,10Q4,195756659.55564
Europe ex-UK,Italy,Financial,Banks,2011,11Q2,2219582049.53948
Europe ex-UK,Italy,Financial,Banks,2011,11Q4,195030696.75679
Europe ex-UK,Italy,Financial,Banks,2012,12Q2,989605185.813615
Europe ex-UK,Italy,Financial,Banks,2012,12Q4,55478253.7887461
Europe ex-UK,Italy,Financial,Banks,2013,13Q2,1672234003.26989
Europe ex-UK,Italy,Financial,Banks,2014,14Q2,1849702079.23866
Europe ex-UK,Italy,Financial,Banks,2014,14Q4,161900319.878067
Europe ex-UK,Italy,Financial,Banks,2015,15Q2,2161297682.93554
Europe ex-UK,Italy,Financial,Banks,2015,15Q4,229897150.30305
Europe ex-UK,Italy,Financial,Banks,2016,16Q2,3529848649.70757
Europe ex-UK,Italy,Financial,Banks,2016,16Q4,247686758.010216
Europe ex-UK,Italy,Financial,Banks,2017,17Q2,3375838296.12052
Europe ex-UK,Italy,Financial,Banks,2017,17Q4,384297280.760129
Europe ex-UK,Italy,Financial,Banks,2018,18Q2,4909875085.37741
Europe ex-UK,Italy,Financial,Banks,2018,18Q4,475027461.14292
Europe ex-UK,Italy,Financial,Banks,2019,19Q2,4794819844.91149
Europe ex-UK,Italy,Financial,Banks,2019,19Q4,461442908.090054
Europe ex-UK,Italy,Financial,Banks,2020,20Q2,22892010.87356
Europe ex-UK,Italy,Financial,Banks,2021,21q2,1348837557.19656
Europe ex-UK,Italy,Financial,Banks,2021,21Q4,4839645178.24328
Europe ex-UK,Italy,Financial,Banks,2022,22Q2,3598897013.46639
Europe ex-UK,Italy,Financial,Banks,2022,22Q4,2178015555.3886
Europe ex-UK,Italy,Financial,Banks,2023,23Q2,4777247580.62826
Europe ex-UK,Italy,Financial,Banks,2023,23q4,3645267296.08493
Europe ex-UK,Italy,Financial,Banks,2024,24q2,8544336122.68039
Europe ex-UK,Italy,Financial,Banks,2024,24q4,5907420781.176
Europe ex-UK,Italy,Financial,Banks,2025,25q2,9109154637.77854
Europe ex-UK,Italy,Financial,Insurance,2010,10Q2,740929975.220985
Europe ex-UK,Italy,Financial,Insurance,2011,11Q2,987801068.414633
Europe ex-UK,Italy,Financial,Insurance,2012,12Q2,391787161.66695
Europe ex-UK,Italy,Financial,Insurance,2013,13Q2,487661739.02355
Europe ex-UK,Italy,Financial,Insurance,2014,14Q2,1054688695.8884
Europe ex-UK,Italy,Financial,Insurance,2015,15Q2,1121530593.39232
Europe ex-UK,Italy,Financial,Insurance,2016,16Q2,1896590771.87592
Europe ex-UK,Italy,Financial,Insurance,2017,17Q2,2109422480.48914
Europe ex-UK,Italy,Financial,Insurance,2018,18Q2,2340058284.91546
Europe ex-UK,Italy,Financial,Insurance,2019,19Q2,2374988454.08298
Europe ex-UK,Italy,Financial,Insurance,2019,19Q4,222582564.204
Europe ex-UK,Italy,Financial,Insurance,2020,20Q2,1542134415.4842
Europe ex-UK,Italy,Financial,Insurance,2020,20Q4,251802465.291
Europe ex-UK,Italy,Financial,Insurance,2021,21q2,2702043604.86739
Europe ex-UK,Italy,Financial,Insurance,2021,21Q4,1351644239.83073
Europe ex-UK,Italy,Financial,Insurance,2022,22Q2,2597093783.3063
Europe ex-UK,Italy,Financial,Insurance,2022,22Q4,1000464713.67029
Europe ex-UK,Italy,Financial,Insurance,2023,23Q2,2724758299.19136
Europe ex-UK,Italy,Financial,Insurance,2023,23q4,336370410.2655
Europe ex-UK,Italy,Financial,Insurance,2024,24q2,3115006503.25429
Europe ex-UK,Italy,Financial,Insurance,2024,24q4,453450698.415
Europe ex-UK,Italy,Financial,Insurance,2025,25q2,4011247546.70026
Europe ex-UK,Italy,Health,Pharmaceuticals,2010,10Q2,76165478.8177018
Europe ex-UK,Italy,Health,Pharmaceuticals,2011,11Q2,83794103.1021368
Europe ex-UK,Italy,Health,Pharmaceuticals,2011,11Q4,55721397.8162
Europe ex-UK,Italy,Health,Pharmaceuticals,2012,12Q2,27666212.51302
Europe ex-UK,Italy,Health,Pharmaceuticals,2012,12Q4,53891556.8837031
Europe ex-UK,Italy,Health,Pharmaceuticals,2013,13Q2,27198817.78936
Europe ex-UK,Italy,Health,Pharmaceuticals,2013,13Q4,61933042.324868
Europe ex-UK,Italy,Health,Pharmaceuticals,2014,14Q2,31895873.355698
Europe ex-UK,Italy,Health,Pharmaceuticals,2014,14Q4,68185884.489268
Europe ex-UK,Italy,Health,Pharmaceuticals,2015,15Q2,53823796.150656
Europe ex-UK,Italy,Health,Pharmaceuticals,2015,15Q4,67307977.08438
Europe ex-UK,Italy,Health,Pharmaceuticals,2016,16Q2,71103598.66578
Europe ex-UK,Italy,Health,Pharmaceuticals,2016,16Q4,77087715.00472
Europe ex-UK,Italy,Health,Pharmaceuticals,2017,17Q2,79609248.8925705
Europe ex-UK,Italy,Health,Pharmaceuticals,2017,17Q4,103523853.350148
Europe ex-UK,Italy,Health,Pharmaceuticals,2018,18Q2,109459766.34063
Europe ex-UK,Italy,Health,Pharmaceuticals,2018,18Q4,107224741.23588
Europe ex-UK,Italy,Health,Pharmaceuticals,2019,19Q2,109533064.707808
Europe ex-UK,Italy,Health,Pharmaceuticals,2019,19Q4,111080590.862208
Europe ex-UK,Italy,Health,Pharmaceuticals,2020,20Q2,119538030.42116
Europe ex-UK,Italy,Health,Pharmaceuticals,2020,20Q4,124434695.9489
Europe ex-UK,Italy,Health,Pharmaceuticals,2021,21q2,140524262.63865
Europe ex-UK,Italy,Health,Pharmaceuticals,2021,21Q4,124097899.885162
Europe ex-UK,Italy,Health,Pharmaceuticals,2022,22Q2,127301069.899614
Europe ex-UK,Italy,Health,Pharmaceuticals,2022,22Q4,119326291.20071
Europe ex-UK,Italy,Health,Pharmaceuticals,2023,23Q2,135042582.034509
Europe ex-UK,Italy,Health,Pharmaceuticals,2023,23q4,129530134.937418
Europe ex-UK,Italy,Health,Pharmaceuticals,2024,24q2,142736702.226552
Europe ex-UK,Italy,Health,Pharmaceuticals,2024,24q4,132006072.22188
Europe ex-UK,Italy,Health,Pharmaceuticals,2025,25q2,158903122.411132
Europe ex-UK,Italy,Industrial,Machinery,2010,10Q2,391693976.198012
Europe ex-UK,Italy,Industrial,Machinery,2011,11Q2,386066263.634934
Europe ex-UK,Italy,Industrial,Machinery,2012,12Q2,59573105.425554
Europe ex-UK,Italy,Industrial,Machinery,2013,13Q2,117175850.638812
Europe ex-UK,Italy,Industrial,Machinery,2014,14Q2,124715337.05925
Europe ex-UK,Italy,Industrial,Machinery,2015,15Q2,97612837.036176
Europe ex-UK,Italy,Industrial,Machinery,2016,16Q2,103160675.918454
Europe ex-UK,Italy,Industrial,Machinery,2017,17Q2,191882585.216239
Europe ex-UK,Italy,Industrial,Machinery,2018,18Q2,215203456.670473
Europe ex-UK,Italy,Industrial,Machinery,2019,19Q2,221455010.804343
Europe ex-UK,Italy,Industrial,Machinery,2020,20Q2,164954477.50739
Europe ex-UK,Italy,Industrial,Machinery,2021,21q2,163802616.27525
Europe ex-UK,Italy,Industrial,Machinery,2022,22Q2,245703162.508836
Europe ex-UK,Italy,Industrial,Machinery,2023,23Q2,264787877.702791
Europe ex-UK,Italy,Industrial,Machinery,2024,24q2,379816051.570539
Europe ex-UK,Italy,Industrial,Machinery,2025,25q2,618500983.831201
Europe ex-UK,Italy,Media & Telecommunications,Telecoms,2016,16Q2,63189315
Europe ex-UK,Italy,Media & Telecommunications,Telecoms,2017,17Q2,98642880
Europe ex-UK,Italy,Media & Telecommunications,Telecoms,2018,18Q2,133425600
Europe ex-UK,Italy,Media & Telecommunications,Telecoms,2019,19Q2,143089650
Europe ex-UK,Italy,Media & Telecommunications,Telecoms,2020,20Q2,473975016
Europe ex-UK,Italy,Media & Telecommunications,Telecoms,2021,21q2,351937305
Europe ex-UK,Italy,Media & Telecommunications,Telecoms,2022,22Q2,330706202.775
Europe ex-UK,Italy,Media & Telecommunications,Telecoms,2023,23Q2,358285100.465134
Europe ex-UK,Italy,Media & Telecommunications,Telecoms,2024,24q2,499334726.4
Europe ex-UK,Italy,Media & Telecommunications,Telecoms,2025,25q2,544915190.95182
Europe ex-UK,Italy,"Oil, Gas & Energy","Oil, Gas & Energy",2010,10Q2,2704199065.007
Europe ex-UK,Italy,"Oil, Gas & Energy","Oil, Gas & Energy",2010,10Q3,2670172494.6854
Europe ex-UK,Italy,"Oil, Gas & Energy","Oil, Gas & Energy",2010,10Q4,153469787.9
Europe ex-UK,Italy,"Oil, Gas & Energy","Oil, Gas & Energy",2011,11Q2,3071590607.9081
Europe ex-UK,Italy,"Oil, Gas & Energy","Oil, Gas & Energy",2011,11Q3,2804471969.51902
Europe ex-UK,Italy,"Oil, Gas & Energy","Oil, Gas & Energy",2011,11Q4,92768674.31
Europe ex-UK,Italy,"Oil, Gas & Energy","Oil, Gas & Energy",2012,12Q2,2799067555.72804
Europe ex-UK,Italy,"Oil, Gas & Energy","Oil, Gas & Energy",2012,12Q3,2524018029.57693
Europe ex-UK,Italy,"Oil, Gas & Energy","Oil, Gas & Energy",2012,12Q4,92768674.31
Europe ex-UK,Italy,"Oil, Gas & Energy","Oil, Gas & Energy",2013,13Q2,2746047548.99364
Europe ex-UK,Italy,"Oil, Gas & Energy","Oil, Gas & Energy",2013,13Q3,2694584883.85515
Europe ex-UK,Italy,"Oil, Gas & Energy","Oil, Gas & Energy",2013,13Q4,92768674.31
Europe ex-UK,Italy,"Oil, Gas & Energy","Oil, Gas & Energy",2014,14Q2,2943745213.97278
Europe ex-UK,Italy,"Oil, Gas & Energy","Oil, Gas & Energy",2014,14Q3,2594299539.6738
Europe ex-UK,Italy,"Oil, Gas & Energy","Oil, Gas & Energy",2014,14Q4,177080524.5
Europe ex-UK,Italy,"Oil, Gas & Energy","Oil, Gas & Energy",2015,15Q2,2613679436.0742
Europe ex-UK,Italy,"Oil, Gas & Energy","Oil, Gas & Energy",2015,15Q3,1620119820.114
Europe ex-UK,Italy,"Oil, Gas & Energy","Oil, Gas & Energy",2015,15Q4,177080524.5
Europe ex-UK,Italy,"Oil, Gas & Energy","Oil, Gas & Energy",2016,16Q2,1974208185.4074
Europe ex-UK,Italy,"Oil, Gas & Energy","Oil, Gas & Energy",2016,16Q3,1619392983.048
Europe ex-UK,Italy,"Oil, Gas & Energy","Oil, Gas & Energy",2016,16Q4,153469787.9
Europe ex-UK,Italy,"Oil, Gas & Energy","Oil, Gas & Energy",2017,17Q2,1911639127.43721
Europe ex-UK,Italy,"Oil, Gas & Energy","Oil, Gas & Energy",2017,17Q3,1743827488.7472
Europe ex-UK,Italy,"Oil, Gas & Energy","Oil, Gas & Energy",2017,17Q4,153469787.9
Europe ex-UK,Italy,"Oil, Gas & Energy","Oil, Gas & Energy",2018,18Q2,2031930516.4928
Europe ex-UK,Italy,"Oil, Gas & Energy","Oil, Gas & Energy",2018,18Q3,1793165188.78728
Europe ex-UK,Italy,"Oil, Gas & Energy","Oil, Gas & Energy",2018,18Q4,153469787.9
Europe ex-UK,Italy,"Oil, Gas & Energy","Oil, Gas & Energy",2019,19Q2,1992514291.40522
Europe ex-UK,Italy,"Oil, Gas & Energy","Oil, Gas & Energy",2019,19q3,1712406166.11405
Europe ex-UK,Italy,"Oil, Gas & Energy","Oil, Gas & Energy",2019,19Q4,153469787.9
Europe ex-UK,Italy,"Oil, Gas & Energy","Oil, Gas & Energy",2020,20Q2,1717797636.32108
Europe ex-UK,Italy,"Oil, Gas & Energy","Oil, Gas & Energy",2020,20Q3,509083949.39706
Europe ex-UK,Italy,"Oil, Gas & Energy","Oil, Gas & Energy",2020,20Q4,82637578.1
Europe ex-UK,Italy,"Oil, Gas & Energy","Oil, Gas & Energy",2021,21q2,1222507677.53056
Europe ex-UK,Italy,"Oil, Gas & Energy","Oil, Gas & Energy",2021,21q3,1819168627.40734
Europe ex-UK,Italy,"Oil, Gas & Energy","Oil, Gas & Energy",2021,21Q4,153469787.9
Europe ex-UK,Italy,"Oil, Gas & Energy","Oil, Gas & Energy",2022,22Q2,1986306170.10629
Europe ex-UK,Italy,"Oil, Gas & Energy","Oil, Gas & Energy",2022,22Q3,783593111.531296
Europe ex-UK,Italy,"Oil, Gas & Energy","Oil, Gas & Energy",2022,22Q4,1023628623.61267
Europe ex-UK,Italy,"Oil, Gas & Energy","Oil, Gas & Energy",2023,23Q1,856015089.648224
Europe ex-UK,Italy,"Oil, Gas & Energy","Oil, Gas & Energy",2023,23Q2,1255097321.65829
Europe ex-UK,Italy,"Oil, Gas & Energy","Oil, Gas & Energy",2023,23Q3,868520789.856324
Europe ex-UK,Italy,"Oil, Gas & Energy","Oil, Gas & Energy",2023,23q4,1079853835.62854
Europe ex-UK,Italy,"Oil, Gas & Energy","Oil, Gas & Energy",2024,24q1,879418317.374928
Europe ex-UK,Italy,"Oil, Gas & Energy","Oil, Gas & Energy",2024,24q2,1283538929.20055
Europe ex-UK,Italy,"Oil, Gas & Energy","Oil, Gas & Energy",2024,24q3,917358203.6325
Europe ex-UK,Italy,"Oil, Gas & Energy","Oil, Gas & Energy",2024,24q4,1177806596.76656
Europe ex-UK,Italy,"Oil, Gas & Energy","Oil, Gas & Energy",2025,25Q1,848210536.4787
Europe ex-UK,Italy,"Oil, Gas & Energy","Oil, Gas & Energy",2025,25q2,1543330794.62685
Europe ex-UK,Italy,Utilities,Utilities,2010,10Q2,2646463462.11554
Europe ex-UK,Italy,Utilities,Utilities,2010,10Q4,1921883505.36027
Europe ex-UK,Italy,Utilities,Utilities,2011,11Q2,3469381629.10568
Europe ex-UK,Italy,Utilities,Utilities,2011,11Q4,1972042515.93845
Europe ex-UK,Italy,Utilities,Utilities,2012,12Q2,2855095743.87939
Europe ex-UK,Italy,Utilities,Utilities,2012,12Q4,619534657.220874
Europe ex-UK,Italy,Utilities,Utilities,2013,13Q2,2828293417.8516
Europe ex-UK,Italy,Utilities,Utilities,2013,13Q4,656186993.06829
Europe ex-UK,Italy,Utilities,Utilities,2014,14Q2,2709042421.21457
Europe ex-UK,Italy,Utilities,Utilities,2014,14Q4,176275279.334056
Europe ex-UK,Italy,Utilities,Utilities,2015,15Q2,2736301554.12796
Europe ex-UK,Italy,Utilities,Utilities,2015,15Q4,149169546.288
Europe ex-UK,Italy,Utilities,Utilities,2016,16Q2,3105326614.97465
Europe ex-UK,Italy,Utilities,Utilities,2016,16Q4,152630189.71424
Europe ex-UK,Italy,Utilities,Utilities,2017,17Q1,982894192.319269
Europe ex-UK,Italy,Utilities,Utilities,2017,17Q2,1122074306.34386
Europe ex-UK,Italy,Utilities,Utilities,2017,17Q3,1064192048.50746
Europe ex-UK,Italy,Utilities,Utilities,2017,17Q4,175934770.50882
Europe ex-UK,Italy,Utilities,Utilities,2018,18Q1,1695413293.39078
Europe ex-UK,Italy,Utilities,Utilities,2018,18Q2,858519019.829099
Europe ex-UK,Italy,Utilities,Utilities,2018,18Q3,1566585746.21513
Europe ex-UK,Italy,Utilities,Utilities,2018,18Q4,180237550.43376
Europe ex-UK,Italy,Utilities,Utilities,2019,19Q1,1976854534.89097
Europe ex-UK,Italy,Utilities,Utilities,2019,19Q2,877768829.420869
Europe ex-UK,Italy,Utilities,Utilities,2019,19q3,1586022404.93589
Europe ex-UK,Italy,Utilities,Utilities,2019,19Q4,187282451.79424
Europe ex-UK,Italy,Utilities,Utilities,2020,20Q1,2158812845.23977
Europe ex-UK,Italy,Utilities,Utilities,2020,20Q2,920482199.029465
Europe ex-UK,Italy,Utilities,Utilities,2020,20Q3,1980086986.31483
Europe ex-UK,Italy,Utilities,Utilities,2020,20Q4,217431980.04564
Europe ex-UK,Italy,Utilities,Utilities,2021,21Q1,2559702237.16467
Europe ex-UK,Italy,Utilities,Utilities,2021,21q2,1030043036.32568
Europe ex-UK,Italy,Utilities,Utilities,2021,21q3,2193253103.69436
Europe ex-UK,Italy,Utilities,Utilities,2021,21Q4,220997876.70296
Europe ex-UK,Italy,Utilities,Utilities,2022,22q1,2576795607.175
Europe ex-UK,Italy,Utilities,Utilities,2022,22Q2,970697035.236187
Europe ex-UK,Italy,Utilities,Utilities,2022,22Q3,1972717160.02198
Europe ex-UK,Italy,Utilities,Utilities,2022,22Q4,221246743.86244
Europe ex-UK,Italy,Utilities,Utilities,2023,23Q1,2619903837.11415
Europe ex-UK,Italy,Utilities,Utilities,2023,23Q2,1066533838.34209
Europe ex-UK,Italy,Utilities,Utilities,2023,23Q3,2249682938.45088
Europe ex-UK,Italy,Utilities,Utilities,2023,23q4,250304484.65928
Europe ex-UK,Italy,Utilities,Utilities,2024,24q1,2796170375.81965
Europe ex-UK,Italy,Utilities,Utilities,2024,24q2,1090479938.20069
Europe ex-UK,Italy,Utilities,Utilities,2024,24q3,2372506598.87851
Europe ex-UK,Italy,Utilities,Utilities,2024,24q4,252061760.36512
Europe ex-UK,Italy,Utilities,Utilities,2025,25Q1,2684446497.76593
Europe ex-UK,Italy,Utilities,Utilities,2025,25q2,1327775249.51285
Europe ex-UK,Netherlands,Consumer Cyclical,General Retail,2020,20Q4,212229112.230135
Europe ex-UK,Netherlands,Consumer Cyclical,General Retail,2021,21Q4,326990757.397835
Europe ex-UK,Netherlands,Consumer Cyclical,General Retail,2022,22Q3,269902227.34503
Europe ex-UK,Netherlands,Consumer Cyclical,General Retail,2023,23q4,204431937.702335
Europe ex-UK,Netherlands,Consumer Cyclical,General Retail,2024,24q4,260716699.0338
Europe ex-UK,Netherlands,Consumer Defensive,Food Retail,2010,10Q2,357279023.697558
Europe ex-UK,Netherlands,Consumer Defensive,Food Retail,2011,11Q2,512975295.921618
Europe ex-UK,Netherlands,Consumer Defensive,Food Retail,2012,12Q2,579154928.61696
Europe ex-UK,Netherlands,Consumer Defensive,Food Retail,2013,13Q2,610292777.513144
Europe ex-UK,Netherlands,Consumer Defensive,Food Retail,2014,14Q2,2051851151.49029
Europe ex-UK,Netherlands,Consumer Defensive,Food Retail,2015,15Q2,481051067.878002
Europe ex-UK,Netherlands,Consumer Defensive,Food Retail,2016,16Q2,498629728.01213
Europe ex-UK,Netherlands,Consumer Defensive,Food Retail,2016,16Q3,1183760207.45869
Europe ex-UK,Netherlands,Consumer Defensive,Food Retail,2017,17Q2,794351082.902686
Europe ex-UK,Netherlands,Consumer Defensive,Food Retail,2018,18Q2,951463457.174916
Europe ex-UK,Netherlands,Consumer Defensive,Food Retail,2019,19Q2,923400166.01672
Europe ex-UK,Netherlands,Consumer Defensive,Food Retail,2019,19q3,392990767.763205
Europe ex-UK,Netherlands,Consumer Defensive,Food Retail,2020,20Q2,548257893.378392
Europe ex-UK,Netherlands,Consumer Defensive,Food Retail,2020,20Q3,648877363.3305
Europe ex-UK,Netherlands,Consumer Defensive,Food Retail,2021,21q2,533279228.13632
Europe ex-UK,Netherlands,Consumer Defensive,Food Retail,2021,21q3,533636015.923924
Europe ex-UK,Netherlands,Consumer Defensive,Food Retail,2022,22Q2,571863005.251124
Europe ex-UK,Netherlands,Consumer Defensive,Food Retail,2022,22Q3,477954866.860704
Europe ex-UK,Netherlands,Consumer Defensive,Food Retail,2023,23Q2,633823009.888524
Europe ex-UK,Netherlands,Consumer Defensive,Food Retail,2023,23Q3,516540036.781986
Europe ex-UK,Netherlands,Consumer Defensive,Food Retail,2024,24q2,616964944.878396
Europe ex-UK,Netherlands,Consumer Defensive,Food Retail,2024,24q3,518563103.3912
Europe ex-UK,Netherlands,Consumer Defensive,Food Retail,2025,25q2,695677935.432517
Europe ex-UK,Netherlands,Consumer Defensive,"Food, drink & Tobacco",2010,10Q2,259568960.516424
Europe ex-UK,Netherlands,Consumer Defensive,"Food, drink & Tobacco",2010,10Q3,192629673.852525
Europe ex-UK,Netherlands,Consumer Defensive,"Food, drink & Tobacco",2011,11Q2,420841909.123125
Europe ex-UK,Netherlands,Consumer Defensive,"Food, drink & Tobacco",2011,11Q3,242508620.12526
Europe ex-UK,Netherlands,Consumer Defensive,"Food, drink & Tobacco",2012,12Q2,401506077.407328
Europe ex-UK,Netherlands,Consumer Defensive,"Food, drink & Tobacco",2012,12Q3,238779598.216784
Europe ex-UK,Netherlands,Consumer Defensive,"Food, drink & Tobacco",2013,13Q2,424926343.651908
Europe ex-UK,Netherlands,Consumer Defensive,"Food, drink & Tobacco",2013,13Q3,272824789.652676
Europe ex-UK,Netherlands,Consumer Defensive,"Food, drink & Tobacco",2014,14Q2,423211583.873007
Europe ex-UK,Netherlands,Consumer Defensive,"Food, drink & Tobacco",2014,14Q3,272109394.40733
Europe ex-UK,Netherlands,Consumer Defensive,"Food, drink & Tobacco",2015,15Q2,483976403.528829
Europe ex-UK,Netherlands,Consumer Defensive,"Food, drink & Tobacco",2015,15Q3,283587974.479194
Europe ex-UK,Netherlands,Consumer Defensive,"Food, drink & Tobacco",2016,16Q2,569295062.571615
Europe ex-UK,Netherlands,Consumer Defensive,"Food, drink & Tobacco",2016,16Q3,334819950.889866
Europe ex-UK,Netherlands,Consumer Defensive,"Food, drink & Tobacco",2016,16Q4,91641535.49
Europe ex-UK,Netherlands,Consumer Defensive,"Food, drink & Tobacco",2017,17Q1,86952648.06
Europe ex-UK,Netherlands,Consumer Defensive,"Food, drink & Tobacco",2017,17Q2,731733747.611314
Europe ex-UK,Netherlands,Consumer Defensive,"Food, drink & Tobacco",2017,17Q3,486532603.377949
Europe ex-UK,Netherlands,Consumer Defensive,"Food, drink & Tobacco",2017,17Q4,116274812.64
Europe ex-UK,Netherlands,Consumer Defensive,"Food, drink & Tobacco",2018,18Q1,155207012.48
Europe ex-UK,Netherlands,Consumer Defensive,"Food, drink & Tobacco",2018,18Q2,790937412.697109
Europe ex-UK,Netherlands,Consumer Defensive,"Food, drink & Tobacco",2018,18Q3,539196693.297607
Europe ex-UK,Netherlands,Consumer Defensive,"Food, drink & Tobacco",2018,18Q4,153843411.2
Europe ex-UK,Netherlands,Consumer Defensive,"Food, drink & Tobacco",2019,19Q2,976823772.147162
Europe ex-UK,Netherlands,Consumer Defensive,"Food, drink & Tobacco",2019,19q3,412897141.946183
Europe ex-UK,Netherlands,Consumer Defensive,"Food, drink & Tobacco",2019,19Q4,315507329.31
Europe ex-UK,Netherlands,Consumer Defensive,"Food, drink & Tobacco",2020,20Q2,645618288.80718
Europe ex-UK,Netherlands,Consumer Defensive,"Food, drink & Tobacco",2020,20Q4,454559993
Europe ex-UK,Netherlands,Consumer Defensive,"Food, drink & Tobacco",2021,21q2,486221085.71169
Europe ex-UK,Netherlands,Consumer Defensive,"Food, drink & Tobacco",2021,21q3,396582831.272131
Europe ex-UK,Netherlands,Consumer Defensive,"Food, drink & Tobacco",2021,21Q4,738648723.24
Europe ex-UK,Netherlands,Consumer Defensive,"Food, drink & Tobacco",2022,22q1,195961568.050712
Europe ex-UK,Netherlands,Consumer Defensive,"Food, drink & Tobacco",2022,22Q2,852236072.285397
Europe ex-UK,Netherlands,Consumer Defensive,"Food, drink & Tobacco",2022,22Q3,475311738.332913
Europe ex-UK,Netherlands,Consumer Defensive,"Food, drink & Tobacco",2022,22Q4,507166933.17
Europe ex-UK,Netherlands,Consumer Defensive,"Food, drink & Tobacco",2023,23Q1,190750558.602193
Europe ex-UK,Netherlands,Consumer Defensive,"Food, drink & Tobacco",2023,23Q2,1107591067.78817
Europe ex-UK,Netherlands,Consumer Defensive,"Food, drink & Tobacco",2023,23Q3,635745443.412677
Europe ex-UK,Netherlands,Consumer Defensive,"Food, drink & Tobacco",2023,23q4,580332379.733525
Europe ex-UK,Netherlands,Consumer Defensive,"Food, drink & Tobacco",2024,24q1,185320821.758187
Europe ex-UK,Netherlands,Consumer Defensive,"Food, drink & Tobacco",2024,24q2,1014409973.27371
Europe ex-UK,Netherlands,Consumer Defensive,"Food, drink & Tobacco",2024,24q3,619632316.78248
Europe ex-UK,Netherlands,Consumer Defensive,"Food, drink & Tobacco",2024,24q4,596287947.958185
Europe ex-UK,Netherlands,Consumer Defensive,"Food, drink & Tobacco",2025,25Q1,179713203.47946
Europe ex-UK,Netherlands,Consumer Defensive,"Food, drink & Tobacco",2025,25q2,1177660384.35182
Europe ex-UK,Netherlands,Financial,Banks,2015,15Q2,516128133.68103
Europe ex-UK,Netherlands,Financial,Banks,2015,15Q3,1028447989.34303
Europe ex-UK,Netherlands,Financial,Banks,2016,16Q2,1930688018.64025
Europe ex-UK,Netherlands,Financial,Banks,2016,16Q3,1139278715.7785
Europe ex-UK,Netherlands,Financial,Banks,2017,17Q2,1953973377.99524
Europe ex-UK,Netherlands,Financial,Banks,2017,17Q3,1369301361.40506
Europe ex-UK,Netherlands,Financial,Banks,2018,18Q2,2438559774.27727
Europe ex-UK,Netherlands,Financial,Banks,2018,18Q3,1418060390.10944
Europe ex-UK,Netherlands,Financial,Banks,2019,19Q2,2336794038.97579
Europe ex-UK,Netherlands,Financial,Banks,2019,19q3,1359053214.54907
Europe ex-UK,Netherlands,Financial,Banks,2020,20Q2,
Europe ex-UK,Netherlands,Financial,Banks,2020,20Q3,
Europe ex-UK,Netherlands,Financial,Banks,2021,21q2,567430266.33345
Europe ex-UK,Netherlands,Financial,Banks,2021,21Q4,2536113303.11168
Europe ex-UK,Netherlands,Financial,Banks,2022,22Q2,2941590275.69642
Europe ex-UK,Netherlands,Financial,Banks,2022,22Q3,805562332.30416
Europe ex-UK,Netherlands,Financial,Banks,2023,23Q1,330801555.398992
Europe ex-UK,Netherlands,Financial,Banks,2023,23Q2,1891123558.73158
Europe ex-UK,Netherlands,Financial,Banks,2023,23Q3,1694229663.13451
Europe ex-UK,Netherlands,Financial,Banks,2024,24q2,3144148093.88903
Europe ex-UK,Netherlands,Financial,Banks,2024,24q3,1574985148.00302
Europe ex-UK,Netherlands,Financial,Banks,2025,25Q1,521957164.044535
Europe ex-UK,Netherlands,Financial,Banks,2025,25q2,2941264420.55526
Europe ex-UK,Netherlands,Financial,General Financial,2023,23Q2,113362062
Europe ex-UK,Netherlands,Financial,General Financial,2024,24q2,110496543.18494
Europe ex-UK,Netherlands,Financial,General Financial,2025,25q2,381321655.521895
Europe ex-UK,Netherlands,Financial,Insurance,2012,12Q2,241093823.93875
Europe ex-UK,Netherlands,Financial,Insurance,2012,12Q3,255437169.930047
Europe ex-UK,Netherlands,Financial,Insurance,2013,13Q2,289375622.7703
Europe ex-UK,Netherlands,Financial,Insurance,2013,13Q3,308104723.856023
Europe ex-UK,Netherlands,Financial,Insurance,2014,14Q2,318291794.295174
Europe ex-UK,Netherlands,Financial,Insurance,2014,14Q3,303105429.164951
Europe ex-UK,Netherlands,Financial,Insurance,2015,15Q2,514400530.657122
Europe ex-UK,Netherlands,Financial,Insurance,2015,15Q3,475144406.525058
Europe ex-UK,Netherlands,Financial,Insurance,2016,16Q2,697272301.087498
Europe ex-UK,Netherlands,Financial,Insurance,2016,16Q3,536074849.074315
Europe ex-UK,Netherlands,Financial,Insurance,2017,17Q2,887656644.609125
Europe ex-UK,Netherlands,Financial,Insurance,2017,17Q3,574071390.195038
Europe ex-UK,Netherlands,Financial,Insurance,2018,18Q2,1031408829.43096
Europe ex-UK,Netherlands,Financial,Insurance,2018,18Q3,710443941.214748
Europe ex-UK,Netherlands,Financial,Insurance,2019,19Q2,1000229994.70884
Europe ex-UK,Netherlands,Financial,Insurance,2019,19q3,739358914.20205
Europe ex-UK,Netherlands,Financial,Insurance,2020,20Q2,562348291.52636
Europe ex-UK,Netherlands,Financial,Insurance,2020,20Q3,1310096551.72944
Europe ex-UK,Netherlands,Financial,Insurance,2021,21q2,770885646.438654
Europe ex-UK,Netherlands,Financial,Insurance,2021,21q3,821372812.845865
Europe ex-UK,Netherlands,Financial,Insurance,2022,22Q2,726733950.357684
Europe ex-UK,Netherlands,Financial,Insurance,2022,22Q3,848081712.780716
Europe ex-UK,Netherlands,Financial,Insurance,2023,23Q2,1091749050.92199
Europe ex-UK,Netherlands,Financial,Insurance,2023,23Q3,870369508.530116
Europe ex-UK,Netherlands,Financial,Insurance,2024,24q2,1022506965.07884
Europe ex-UK,Netherlands,Financial,Insurance,2024,24q3,1277166563.70733
Europe ex-UK,Netherlands,Financial,Insurance,2025,25q2,1120019248.45452
Europe ex-UK,Netherlands,Health,Healthcare,2010,10Q2,898780749.85132
Europe ex-UK,Netherlands,Health,Healthcare,2011,11Q2,1100648812.716
Europe ex-UK,Netherlands,Health,Healthcare,2012,12Q2,937779690.835346
Europe ex-UK,Netherlands,Health,Healthcare,2013,13Q2,939378145.5549
Europe ex-UK,Netherlands,Health,Healthcare,2014,14Q2,1021989313.18908
Europe ex-UK,Netherlands,Health,Healthcare,2015,15Q2,845263713.2346
Europe ex-UK,Netherlands,Health,Healthcare,2016,16Q2,836899991.8356
Europe ex-UK,Netherlands,Health,Healthcare,2017,17Q2,838799893.518331
Europe ex-UK,Netherlands,Health,Healthcare,2018,18Q2,886787939.76696
Europe ex-UK,Netherlands,Health,Healthcare,2019,19Q2,887445911.863708
Europe ex-UK,Netherlands,Health,Healthcare,2020,20Q3,
Europe ex-UK,Netherlands,Health,Healthcare,2021,21q2,943639089.213268
Europe ex-UK,Netherlands,Health,Healthcare,2022,22Q2,806272751.794998
Europe ex-UK,Netherlands,Health,Healthcare,2023,23Q2,881546158.94501
Europe ex-UK,Netherlands,Health,Healthcare,2024,24q2,778950319.312134
Europe ex-UK,Netherlands,Health,Healthcare,2025,25q2,909922419.77196
Europe ex-UK,Netherlands,Industrial,Machinery,2024,24q2,49482979.75
Europe ex-UK,Netherlands,Industrial,Machinery,2024,24q3,49482979.75
Europe ex-UK,Netherlands,Industrial,Machinery,2024,24q4,49482979.75
Europe ex-UK,Netherlands,Industrial,Machinery,2025,25q2,100862941.5
Europe ex-UK,Netherlands,Industrial,Support Services,2010,10Q2,251859544.661274
Europe ex-UK,Netherlands,Industrial,Support Services,2011,11Q2,283494241.30095
Europe ex-UK,Netherlands,Industrial,Support Services,2012,12Q2,262052802.1125
Europe ex-UK,Netherlands,Industrial,Support Services,2013,13Q2,269072412.258747
Europe ex-UK,Netherlands,Industrial,Support Services,2014,14Q2,289656314.584473
Europe ex-UK,Netherlands,Industrial,Support Services,2015,15Q2,243337073.794323
Europe ex-UK,Netherlands,Industrial,Support Services,2015,15Q4,61799777.3911363
Europe ex-UK,Netherlands,Industrial,Support Services,2016,16Q2,196241333.458692
Europe ex-UK,Netherlands,Industrial,Support Services,2016,16Q3,64518955.885168
Europe ex-UK,Netherlands,Industrial,Support Services,2017,17Q2,200764350.40239
Europe ex-UK,Netherlands,Industrial,Support Services,2017,17Q3,72328420.72962
Europe ex-UK,Netherlands,Industrial,Support Services,2018,18Q2,222522047.982204
Europe ex-UK,Netherlands,Industrial,Support Services,2018,18Q3,115186988.32418
Europe ex-UK,Netherlands,Industrial,Support Services,2019,19Q2,200125105.78816
Europe ex-UK,Netherlands,Industrial,Support Services,2019,19q3,120614889.04101
Europe ex-UK,Netherlands,Industrial,Support Services,2020,20Q2,237089274.886348
Europe ex-UK,Netherlands,Industrial,Support Services,2020,20Q3,149368092.862836
Europe ex-UK,Netherlands,Industrial,Support Services,2021,21q2,290838077.460463
Europe ex-UK,Netherlands,Industrial,Support Services,2021,21q3,169731776.142369
Europe ex-UK,Netherlands,Industrial,Support Services,2022,22Q2,284249209.016488
Europe ex-UK,Netherlands,Industrial,Support Services,2022,22Q3,162333819.885605
Europe ex-UK,Netherlands,Industrial,Support Services,2023,23Q2,324851219.170287
Europe ex-UK,Netherlands,Industrial,Support Services,2023,23Q3,197648797.75056
Europe ex-UK,Netherlands,Industrial,Support Services,2024,24q2,367724381.27104
Europe ex-UK,Netherlands,Industrial,Support Services,2024,24q3,229556110.139171
Europe ex-UK,Netherlands,Industrial,Support Services,2025,25q2,410814259.023375
Europe ex-UK,Netherlands,Media & Telecommunications,Media,2021,21Q4,423477649.63988
Europe ex-UK,Netherlands,Media & Telecommunications,Media,2022,22Q2,389204847.09548
Europe ex-UK,Netherlands,Media & Telecommunications,Media,2022,22Q4,433045106.751279
Europe ex-UK,Netherlands,Media & Telecommunications,Media,2023,23Q2,525540606.548522
Europe ex-UK,Netherlands,Media & Telecommunications,Media,2023,23q4,462317475.533184
Europe ex-UK,Netherlands,Media & Telecommunications,Media,2024,24q2,529423197.038163
Europe ex-UK,Netherlands,Media & Telecommunications,Media,2024,24q4,475526920.712472
Europe ex-UK,Netherlands,Media & Telecommunications,Media,2025,25q2,592685802.355626
Europe ex-UK,Netherlands,Media & Telecommunications,Telecoms,2010,10Q2,994483590.525027
Europe ex-UK,Netherlands,Media & Telecommunications,Telecoms,2010,10Q3,580725872.505396
Europe ex-UK,Netherlands,Media & Telecommunications,Telecoms,2011,11Q2,1150566997.03679
Europe ex-UK,Netherlands,Media & Telecommunications,Telecoms,2011,11Q3,607333222.942236
Europe ex-UK,Netherlands,Media & Telecommunications,Telecoms,2012,12Q2,1077322305.80122
Europe ex-UK,Netherlands,Media & Telecommunications,Telecoms,2012,12Q3,211979849.13456
Europe ex-UK,Netherlands,Media & Telecommunications,Telecoms,2014,14Q4,108297937.074213
Europe ex-UK,Netherlands,Media & Telecommunications,Telecoms,2015,15Q2,228971055.08368
Europe ex-UK,Netherlands,Media & Telecommunications,Telecoms,2015,15Q3,303517317.778594
Europe ex-UK,Netherlands,Media & Telecommunications,Telecoms,2016,16Q2,1689151542.96483
Europe ex-UK,Netherlands,Media & Telecommunications,Telecoms,2016,16Q3,157448132.690878
Europe ex-UK,Netherlands,Media & Telecommunications,Telecoms,2017,17Q2,401141096.981998
Europe ex-UK,Netherlands,Media & Telecommunications,Telecoms,2017,17Q3,187339899.538935
Europe ex-UK,Netherlands,Media & Telecommunications,Telecoms,2018,18Q2,435083285.973145
Europe ex-UK,Netherlands,Media & Telecommunications,Telecoms,2018,18Q3,195213716.876992
Europe ex-UK,Netherlands,Media & Telecommunications,Telecoms,2019,19Q2,378037482.073747
Europe ex-UK,Netherlands,Media & Telecommunications,Telecoms,2019,19q3,195204050.334863
Europe ex-UK,Netherlands,Media & Telecommunications,Telecoms,2020,20Q2,377702306.493382
Europe ex-UK,Netherlands,Media & Telecommunications,Telecoms,2020,20Q3,212448110.782255
Europe ex-UK,Netherlands,Media & Telecommunications,Telecoms,2021,21q2,439819051.047572
Europe ex-UK,Netherlands,Media & Telecommunications,Telecoms,2021,21q3,224041026.644028
Europe ex-UK,Netherlands,Media & Telecommunications,Telecoms,2022,22Q2,404893235.222733
Europe ex-UK,Netherlands,Media & Telecommunications,Telecoms,2022,22Q3,202391615.338754
Europe ex-UK,Netherlands,Media & Telecommunications,Telecoms,2023,23Q2,420308184.21896
Europe ex-UK,Netherlands,Media & Telecommunications,Telecoms,2023,23Q3,230504302.450986
Europe ex-UK,Netherlands,Media & Telecommunications,Telecoms,2024,24q2,414429129.645947
Europe ex-UK,Netherlands,Media & Telecommunications,Telecoms,2024,24q3,289697043.603198
Europe ex-UK,Netherlands,Media & Telecommunications,Telecoms,2025,25q2,451371820.573768
Europe ex-UK,Netherlands,Mining & Chemicals,Mining & Chemicals,2010,10Q2,308693108.337968
Europe ex-UK,Netherlands,Mining & Chemicals,Mining & Chemicals,2010,10Q4,103889341.331776
Europe ex-UK,Netherlands,Mining & Chemicals,Mining & Chemicals,2011,11Q2,359183275.405776
Europe ex-UK,Netherlands,Mining & Chemicals,Mining & Chemicals,2011,11Q4,101849422.333148
Europe ex-UK,Netherlands,Mining & Chemicals,Mining & Chemicals,2012,12Q2,330732197.67084
Europe ex-UK,Netherlands,Mining & Chemicals,Mining & Chemicals,2012,12Q4,101875561.347632
Europe ex-UK,Netherlands,Mining & Chemicals,Mining & Chemicals,2013,13Q2,345986278.451632
Europe ex-UK,Netherlands,Mining & Chemicals,Mining & Chemicals,2013,13Q4,107312806.600395
Europe ex-UK,Netherlands,Mining & Chemicals,Mining & Chemicals,2014,14Q2,365206922.1276
Europe ex-UK,Netherlands,Mining & Chemicals,Mining & Chemicals,2014,14Q4,99966936.8690025
Europe ex-UK,Netherlands,Mining & Chemicals,Mining & Chemicals,2015,15Q2,302379351.7598
Europe ex-UK,Netherlands,Mining & Chemicals,Mining & Chemicals,2015,15Q4,92029648.717475
Europe ex-UK,Netherlands,Mining & Chemicals,Mining & Chemicals,2016,16Q2,332942476.869
Europe ex-UK,Netherlands,Mining & Chemicals,Mining & Chemicals,2016,16Q4,98042824.60406
Europe ex-UK,Netherlands,Mining & Chemicals,Mining & Chemicals,2017,17Q2,361003646.951424
Europe ex-UK,Netherlands,Mining & Chemicals,Mining & Chemicals,2017,17Q4,1354213548.78232
Europe ex-UK,Netherlands,Mining & Chemicals,Mining & Chemicals,2018,18Q2,571168321.929205
Europe ex-UK,Netherlands,Mining & Chemicals,Mining & Chemicals,2018,18Q4,106279627.384472
Europe ex-UK,Netherlands,Mining & Chemicals,Mining & Chemicals,2019,19Q1,3442179928.3277
Europe ex-UK,Netherlands,Mining & Chemicals,Mining & Chemicals,2019,19Q2,364602347.986305
Europe ex-UK,Netherlands,Mining & Chemicals,Mining & Chemicals,2019,19Q4,95640777.862854
Europe ex-UK,Netherlands,Mining & Chemicals,Mining & Chemicals,2020,20Q2,320527692.535523
Europe ex-UK,Netherlands,Mining & Chemicals,Mining & Chemicals,2020,20Q4,98129078.1871855
Europe ex-UK,Netherlands,Mining & Chemicals,Mining & Chemicals,2021,21q2,349326749.998088
Europe ex-UK,Netherlands,Mining & Chemicals,Mining & Chemicals,2021,21Q4,95226500.938008
Europe ex-UK,Netherlands,Mining & Chemicals,Mining & Chemicals,2022,22Q2,295019017.475721
Europe ex-UK,Netherlands,Mining & Chemicals,Mining & Chemicals,2022,22Q4,77978405.3127752
Europe ex-UK,Netherlands,Mining & Chemicals,Mining & Chemicals,2023,23Q2,288876217.719294
Europe ex-UK,Netherlands,Mining & Chemicals,Mining & Chemicals,2023,23Q3,461958103.4544
Europe ex-UK,Netherlands,Mining & Chemicals,Mining & Chemicals,2023,23q4,80432323.744652
Europe ex-UK,Netherlands,Mining & Chemicals,Mining & Chemicals,2024,24q2,1005188663.60276
Europe ex-UK,Netherlands,Mining & Chemicals,Mining & Chemicals,2024,24q4,81242776.500864
Europe ex-UK,Netherlands,Mining & Chemicals,Mining & Chemicals,2025,25q2,1039912969.94311
Europe ex-UK,Netherlands,Technology,Semiconductors,2010,10Q2,116985541.743087
Europe ex-UK,Netherlands,Technology,Semiconductors,2011,11Q2,279283975.27086
Europe ex-UK,Netherlands,Technology,Semiconductors,2012,12Q2,280745981.9629
Europe ex-UK,Netherlands,Technology,Semiconductors,2013,13Q2,323440278.709673
Europe ex-UK,Netherlands,Technology,Semiconductors,2013,13Q3,355960930.567688
Europe ex-UK,Netherlands,Technology,Semiconductors,2014,14Q2,416602520.20817
Europe ex-UK,Netherlands,Technology,Semiconductors,2015,15Q2,384672720.834195
Europe ex-UK,Netherlands,Technology,Semiconductors,2016,16Q2,564412594.142635
Europe ex-UK,Netherlands,Technology,Semiconductors,2017,17Q2,625816270.17129
Europe ex-UK,Netherlands,Technology,Semiconductors,2018,18Q2,768308396.91784
Europe ex-UK,Netherlands,Technology,Semiconductors,2018,18Q3,257447982.762
Europe ex-UK,Netherlands,Technology,Semiconductors,2019,19Q2,1064059008.54006
Europe ex-UK,Netherlands,Technology,Semiconductors,2019,19Q4,550452258.3838
Europe ex-UK,Netherlands,Technology,Semiconductors,2020,20Q2,733891903.359881
Europe ex-UK,Netherlands,Technology,Semiconductors,2020,20Q4,603755724.1536
Europe ex-UK,Netherlands,Technology,Semiconductors,2021,21q2,906727588.66684
Europe ex-UK,Netherlands,Technology,Semiconductors,2021,21Q4,851462343.211175
Europe ex-UK,Netherlands,Technology,Semiconductors,2022,22Q2,1697987485.124
Europe ex-UK,Netherlands,Technology,Semiconductors,2022,22Q3,570485554.478351
Europe ex-UK,Netherlands,Technology,Semiconductors,2022,22Q4,575330268.023116
Europe ex-UK,Netherlands,Technology,Semiconductors,2023,23Q1,589634807.006312
Europe ex-UK,Netherlands,Technology,Semiconductors,2023,23Q2,880099860.061604
Europe ex-UK,Netherlands,Technology,Semiconductors,2023,23Q3,644086891.95661
Europe ex-UK,Netherlands,Technology,Semiconductors,2023,23q4,623744792.263443
Europe ex-UK,Netherlands,Technology,Semiconductors,2024,24q1,621172207.80701
Europe ex-UK,Netherlands,Technology,Semiconductors,2024,24q2,900941396.2785
Europe ex-UK,Netherlands,Technology,Semiconductors,2024,24q3,664005676.64572
Europe ex-UK,Netherlands,Technology,Semiconductors,2024,24q4,656687074.508832
Europe ex-UK,Netherlands,Technology,Semiconductors,2025,25Q1,624004252.278016
Europe ex-UK,Netherlands,Technology,Semiconductors,2025,25q2,989763049.67824
Europe ex-UK,Norway,Consumer Defensive,"Food, drink & Tobacco",2010,10Q2,578341754.394924
Europe ex-UK,Norway,Consumer Defensive,"Food, drink & Tobacco",2010,10Q3,116135055.14007
Europe ex-UK,Norway,Consumer Defensive,"Food, drink & Tobacco",2010,10Q4,29841052.6880197
Europe ex-UK,Norway,Consumer Defensive,"Food, drink & Tobacco",2011,11Q2,1007428932.5032
Europe ex-UK,Norway,Consumer Defensive,"Food, drink & Tobacco",2011,11Q4,893223463.737503
Europe ex-UK,Norway,Consumer Defensive,"Food, drink & Tobacco",2012,12Q2,448199218.015816
Europe ex-UK,Norway,Consumer Defensive,"Food, drink & Tobacco",2013,13Q2,506951870.34142
Europe ex-UK,Norway,Consumer Defensive,"Food, drink & Tobacco",2013,13Q3,31266926.371673
Europe ex-UK,Norway,Consumer Defensive,"Food, drink & Tobacco",2013,13Q4,49216264.9298
Europe ex-UK,Norway,Consumer Defensive,"Food, drink & Tobacco",2014,14Q1,82198848.976936
Europe ex-UK,Norway,Consumer Defensive,"Food, drink & Tobacco",2014,14Q2,766777655.474403
Europe ex-UK,Norway,Consumer Defensive,"Food, drink & Tobacco",2014,14Q3,64089474.3407721
Europe ex-UK,Norway,Consumer Defensive,"Food, drink & Tobacco",2014,14Q4,65902000.4587691
Europe ex-UK,Norway,Consumer Defensive,"Food, drink & Tobacco",2015,15Q1,64711339.4571172
Europe ex-UK,Norway,Consumer Defensive,"Food, drink & Tobacco",2015,15Q2,405732063.184381
Europe ex-UK,Norway,Consumer Defensive,"Food, drink & Tobacco",2015,15Q3,70169858.683306
Europe ex-UK,Norway,Consumer Defensive,"Food, drink & Tobacco",2015,15Q4,73174886.5947939
Europe ex-UK,Norway,Consumer Defensive,"Food, drink & Tobacco",2016,16Q1,72442561.2321378
Europe ex-UK,Norway,Consumer Defensive,"Food, drink & Tobacco",2016,16Q2,404668529.159317
Europe ex-UK,Norway,Consumer Defensive,"Food, drink & Tobacco",2016,16Q3,172671968.544327
Europe ex-UK,Norway,Consumer Defensive,"Food, drink & Tobacco",2016,16Q4,121732034.645633
Europe ex-UK,Norway,Consumer Defensive,"Food, drink & Tobacco",2017,17Q1,150687948.448024
Europe ex-UK,Norway,Consumer Defensive,"Food, drink & Tobacco",2017,17Q2,480433985.025169
Europe ex-UK,Norway,Consumer Defensive,"Food, drink & Tobacco",2017,17Q3,201851419.961346
Europe ex-UK,Norway,Consumer Defensive,"Food, drink & Tobacco",2017,17Q4,824470229.875486
Europe ex-UK,Norway,Consumer Defensive,"Food, drink & Tobacco",2018,18Q1,162759090.809647
Europe ex-UK,Norway,Consumer Defensive,"Food, drink & Tobacco",2018,18Q2,486435705.477261
Europe ex-UK,Norway,Consumer Defensive,"Food, drink & Tobacco",2018,18Q3,152115177.919608
Europe ex-UK,Norway,Consumer Defensive,"Food, drink & Tobacco",2018,18Q4,153248171.205066
Europe ex-UK,Norway,Consumer Defensive,"Food, drink & Tobacco",2019,19Q1,155060016.244021
Europe ex-UK,Norway,Consumer Defensive,"Food, drink & Tobacco",2019,19Q2,456982883.152097
Europe ex-UK,Norway,Consumer Defensive,"Food, drink & Tobacco",2019,19q3,150621901.214122
Europe ex-UK,Norway,Consumer Defensive,"Food, drink & Tobacco",2019,19Q4,147624357.974967
Europe ex-UK,Norway,Consumer Defensive,"Food, drink & Tobacco",2020,20Q1,143784064.932232
Europe ex-UK,Norway,Consumer Defensive,"Food, drink & Tobacco",2020,20Q2,246436080.738484
Europe ex-UK,Norway,Consumer Defensive,"Food, drink & Tobacco",2021,21Q1,19404702.0762597
Europe ex-UK,Norway,Consumer Defensive,"Food, drink & Tobacco",2021,21q2,380502292.506878
Europe ex-UK,Norway,Consumer Defensive,"Food, drink & Tobacco",2021,21q3,117457824.283915
Europe ex-UK,Norway,Consumer Defensive,"Food, drink & Tobacco",2021,21Q4,80024708.300848
Europe ex-UK,Norway,Consumer Defensive,"Food, drink & Tobacco",2022,22q1,80050372.5242943
Europe ex-UK,Norway,Consumer Defensive,"Food, drink & Tobacco",2022,22Q2,427086743.775993
Europe ex-UK,Norway,Consumer Defensive,"Food, drink & Tobacco",2022,22Q3,120938288.831778
Europe ex-UK,Norway,Consumer Defensive,"Food, drink & Tobacco",2022,22Q4,88186674.0317298
Europe ex-UK,Norway,Consumer Defensive,"Food, drink & Tobacco",2023,23Q1,84274951.9168839
Europe ex-UK,Norway,Consumer Defensive,"Food, drink & Tobacco",2023,23Q2,374541416.745229
Europe ex-UK,Norway,Consumer Defensive,"Food, drink & Tobacco",2023,23Q3,97160695.8168519
Europe ex-UK,Norway,Consumer Defensive,"Food, drink & Tobacco",2023,23q4,72599407.7571829
Europe ex-UK,Norway,Consumer Defensive,"Food, drink & Tobacco",2024,24q1,93125042.4442481
Europe ex-UK,Norway,Consumer Defensive,"Food, drink & Tobacco",2024,24q2,627430650.174145
Europe ex-UK,Norway,Consumer Defensive,"Food, drink & Tobacco",2024,24q3,81033215.0654036
Europe ex-UK,Norway,Consumer Defensive,"Food, drink & Tobacco",2024,24q4,69889634.9785695
Europe ex-UK,Norway,Consumer Defensive,"Food, drink & Tobacco",2025,25Q1,92706295.707867
Europe ex-UK,Norway,Consumer Defensive,"Food, drink & Tobacco",2025,25q2,1059726746.04432
Europe ex-UK,Norway,Financial,Banks,2021,21Q4,1569001702.06122
Europe ex-UK,Norway,Financial,Banks,2022,22Q2,1603027310.47241
Europe ex-UK,Norway,Financial,Banks,2023,23Q2,1842551167.43288
Europe ex-UK,Norway,Financial,Banks,2024,24q2,2263846333.11251
Europe ex-UK,Norway,Financial,Banks,2025,25q2,2413570385.93996
Europe ex-UK,Norway,Financial,Insurance,2011,11Q2,426025648.5
Europe ex-UK,Norway,Financial,Insurance,2012,12Q2,393445461.5
Europe ex-UK,Norway,Financial,Insurance,2013,13Q2,596263969.75
Europe ex-UK,Norway,Financial,Insurance,2014,14Q2,1083698752
Europe ex-UK,Norway,Financial,Insurance,2014,14Q4,291979320
Europe ex-UK,Norway,Financial,Insurance,2015,15Q2,390126496.5
Europe ex-UK,Norway,Financial,Insurance,2016,16Q2,518077182
Europe ex-UK,Norway,Financial,Insurance,2016,16Q4,238469988
Europe ex-UK,Norway,Financial,Insurance,2017,17Q2,395537419
Europe ex-UK,Norway,Financial,Insurance,2018,18Q2,455835336
Europe ex-UK,Norway,Financial,Insurance,2019,19Q2,415318809.7
Europe ex-UK,Norway,Financial,Insurance,2020,20Q3,654618133.75
Europe ex-UK,Norway,Financial,Insurance,2021,21Q1,138823824
Europe ex-UK,Norway,Financial,Insurance,2021,21q2,438183563
Europe ex-UK,Norway,Financial,Insurance,2021,21Q4,229505180
Europe ex-UK,Norway,Financial,Insurance,2022,22Q2,439600584.5
Europe ex-UK,Norway,Financial,Insurance,2023,23Q1,393866195.25
Europe ex-UK,Norway,Financial,Insurance,2024,24q1,407338618.75
Europe ex-UK,Norway,Financial,Insurance,2025,25Q1,477584550
Europe ex-UK,Norway,Media & Telecommunications,Telecoms,2010,10Q2,632149866.990993
Europe ex-UK,Norway,Media & Telecommunications,Telecoms,2011,11Q2,1178160451.73793
Europe ex-UK,Norway,Media & Telecommunications,Telecoms,2012,12Q2,1315592595.09569
Europe ex-UK,Norway,Media & Telecommunications,Telecoms,2013,13Q2,1606234109.31529
Europe ex-UK,Norway,Media & Telecommunications,Telecoms,2014,14Q2,1778718314.26478
Europe ex-UK,Norway,Media & Telecommunications,Telecoms,2015,15Q2,737273710.875819
Europe ex-UK,Norway,Media & Telecommunications,Telecoms,2015,15Q4,606313721.761039
Europe ex-UK,Norway,Media & Telecommunications,Telecoms,2016,16Q2,724895528.719032
Europe ex-UK,Norway,Media & Telecommunications,Telecoms,2016,16Q4,626592187.194056
Europe ex-UK,Norway,Media & Telecommunications,Telecoms,2017,17Q2,770061153.477533
Europe ex-UK,Norway,Media & Telecommunications,Telecoms,2017,17Q4,641895636.007364
Europe ex-UK,Norway,Media & Telecommunications,Telecoms,2018,18Q2,1591154791.88123
Europe ex-UK,Norway,Media & Telecommunications,Telecoms,2018,18Q4,1479280098.83159
Europe ex-UK,Norway,Media & Telecommunications,Telecoms,2019,19Q2,739586642.846559
Europe ex-UK,Norway,Media & Telecommunications,Telecoms,2019,19Q4,631663127.179887
Europe ex-UK,Norway,Media & Telecommunications,Telecoms,2020,20Q2,630918062.987366
Europe ex-UK,Norway,Media & Telecommunications,Telecoms,2020,20Q4,653991419.66277
Europe ex-UK,Norway,Media & Telecommunications,Telecoms,2021,21q2,845553103.321813
Europe ex-UK,Norway,Media & Telecommunications,Telecoms,2021,21Q4,670046007.815178
Europe ex-UK,Norway,Media & Telecommunications,Telecoms,2022,22Q2,729393468.371304
Europe ex-UK,Norway,Media & Telecommunications,Telecoms,2022,22Q4,567605643.133778
Europe ex-UK,Norway,Media & Telecommunications,Telecoms,2023,23Q2,639819547.592401
Europe ex-UK,Norway,Media & Telecommunications,Telecoms,2023,23q4,551179787.441855
Europe ex-UK,Norway,Media & Telecommunications,Telecoms,2024,24q2,654368243.330568
Europe ex-UK,Norway,Media & Telecommunications,Telecoms,2024,24q4,561591955.96768
Europe ex-UK,Norway,Media & Telecommunications,Telecoms,2025,25q2,675011736.172412
Europe ex-UK,Norway,Mining & Chemicals,Mining & Chemicals,2010,10Q2,98862392.0925572
Europe ex-UK,Norway,Mining & Chemicals,Mining & Chemicals,2011,11Q2,279189401.481962
Europe ex-UK,Norway,Mining & Chemicals,Mining & Chemicals,2012,12Q2,261529942.566767
Europe ex-UK,Norway,Mining & Chemicals,Mining & Chemicals,2013,13Q2,265331028.611999
Europe ex-UK,Norway,Mining & Chemicals,Mining & Chemicals,2014,14Q2,261754930.611795
Europe ex-UK,Norway,Mining & Chemicals,Mining & Chemicals,2015,15Q2,280608718.78181
Europe ex-UK,Norway,Mining & Chemicals,Mining & Chemicals,2016,16Q2,254515929.788717
Europe ex-UK,Norway,Mining & Chemicals,Mining & Chemicals,2017,17Q2,301313365.567092
Europe ex-UK,Norway,Mining & Chemicals,Mining & Chemicals,2018,18Q2,446055860.744905
Europe ex-UK,Norway,Mining & Chemicals,Mining & Chemicals,2019,19Q2,296346735.205554
Europe ex-UK,Norway,Mining & Chemicals,Mining & Chemicals,2020,20Q4,291980647.111112
Europe ex-UK,Norway,Mining & Chemicals,Mining & Chemicals,2021,21q2,311472291.932131
Europe ex-UK,Norway,Mining & Chemicals,Mining & Chemicals,2022,22Q2,1145630634.11329
Europe ex-UK,Norway,Mining & Chemicals,Mining & Chemicals,2022,22Q3,275303168.916178
Europe ex-UK,Norway,Mining & Chemicals,Mining & Chemicals,2023,23Q2,1068897834.70867
Europe ex-UK,Norway,Mining & Chemicals,Mining & Chemicals,2024,24q2,478676046.499821
Europe ex-UK,Norway,Mining & Chemicals,Mining & Chemicals,2025,25q2,439432280.18922
Europe ex-UK,Norway,"Oil, Gas & Energy","Oil, Gas & Energy",2010,10Q2,2970051441.58798
Europe ex-UK,Norway,"Oil, Gas & Energy","Oil, Gas & Energy",2011,11Q2,3707039612.15623
Europe ex-UK,Norway,"Oil, Gas & Energy","Oil, Gas & Energy",2012,12Q2,3414250533.86646
Europe ex-UK,Norway,"Oil, Gas & Energy","Oil, Gas & Energy",2013,13Q2,3666422649.27307
Europe ex-UK,Norway,"Oil, Gas & Energy","Oil, Gas & Energy",2014,14Q2,3739690250.43608
Europe ex-UK,Norway,"Oil, Gas & Energy","Oil, Gas & Energy",2014,14Q3,928566879.458761
Europe ex-UK,Norway,"Oil, Gas & Energy","Oil, Gas & Energy",2014,14Q4,819253252.195003
Europe ex-UK,Norway,"Oil, Gas & Energy","Oil, Gas & Energy",2015,15Q1,752211863.949603
Europe ex-UK,Norway,"Oil, Gas & Energy","Oil, Gas & Energy",2015,15Q2,736058662.400165
Europe ex-UK,Norway,"Oil, Gas & Energy","Oil, Gas & Energy",2015,15Q3,690802228.504675
Europe ex-UK,Norway,"Oil, Gas & Energy","Oil, Gas & Energy",2015,15Q4,662388650.784107
Europe ex-UK,Norway,"Oil, Gas & Energy","Oil, Gas & Energy",2016,16Q1,701821227.3703
Europe ex-UK,Norway,"Oil, Gas & Energy","Oil, Gas & Energy",2016,16Q2,701821227.3703
Europe ex-UK,Norway,"Oil, Gas & Energy","Oil, Gas & Energy",2016,16Q3,721108081.85565
Europe ex-UK,Norway,"Oil, Gas & Energy","Oil, Gas & Energy",2016,16Q4,732614268.202875
Europe ex-UK,Norway,"Oil, Gas & Energy","Oil, Gas & Energy",2017,17Q1,62395721.1179928
Europe ex-UK,Norway,"Oil, Gas & Energy","Oil, Gas & Energy",2017,17Q2,1482631669.56701
Europe ex-UK,Norway,"Oil, Gas & Energy","Oil, Gas & Energy",2017,17Q3,801271880.623948
Europe ex-UK,Norway,"Oil, Gas & Energy","Oil, Gas & Energy",2017,17Q4,774227986.553851
Europe ex-UK,Norway,"Oil, Gas & Energy","Oil, Gas & Energy",2018,18Q1,856243136.085703
Europe ex-UK,Norway,"Oil, Gas & Energy","Oil, Gas & Energy",2018,18Q2,868918298.248327
Europe ex-UK,Norway,"Oil, Gas & Energy","Oil, Gas & Energy",2018,18Q3,883740751.255153
Europe ex-UK,Norway,"Oil, Gas & Energy","Oil, Gas & Energy",2018,18Q4,871747841.276738
Europe ex-UK,Norway,"Oil, Gas & Energy","Oil, Gas & Energy",2019,19Q1,959274274.297469
Europe ex-UK,Norway,"Oil, Gas & Energy","Oil, Gas & Energy",2019,19Q2,1059501078.85532
Europe ex-UK,Norway,"Oil, Gas & Energy","Oil, Gas & Energy",2019,19q3,1044224274.97317
Europe ex-UK,Norway,"Oil, Gas & Energy","Oil, Gas & Energy",2019,19Q4,1051657400.92907
Europe ex-UK,Norway,"Oil, Gas & Energy","Oil, Gas & Energy",2020,20Q1,1066451339.50728
Europe ex-UK,Norway,"Oil, Gas & Energy","Oil, Gas & Energy",2020,20Q2,974273730.07556
Europe ex-UK,Norway,"Oil, Gas & Energy","Oil, Gas & Energy",2020,20Q3,369722152.247242
Europe ex-UK,Norway,"Oil, Gas & Energy","Oil, Gas & Energy",2020,20Q4,373268113.755334
Europe ex-UK,Norway,"Oil, Gas & Energy","Oil, Gas & Energy",2021,21Q1,465519537.460314
Europe ex-UK,Norway,"Oil, Gas & Energy","Oil, Gas & Energy",2021,21q2,499688837.106524
Europe ex-UK,Norway,"Oil, Gas & Energy","Oil, Gas & Energy",2021,21q3,607961827.8098
Europe ex-UK,Norway,"Oil, Gas & Energy","Oil, Gas & Energy",2021,21Q4,731041190.613959
Europe ex-UK,Norway,"Oil, Gas & Energy","Oil, Gas & Energy",2022,22q1,756466004.1171
Europe ex-UK,Norway,"Oil, Gas & Energy","Oil, Gas & Energy",2022,22Q2,1466326491.46976
Europe ex-UK,Norway,"Oil, Gas & Energy","Oil, Gas & Energy",2022,22Q3,1457969768.65887
Europe ex-UK,Norway,"Oil, Gas & Energy","Oil, Gas & Energy",2022,22Q4,2565324066.00374
Europe ex-UK,Norway,"Oil, Gas & Energy","Oil, Gas & Energy",2023,23Q1,3199646110.42051
Europe ex-UK,Norway,"Oil, Gas & Energy","Oil, Gas & Energy",2023,23Q2,3203984329.09595
Europe ex-UK,Norway,"Oil, Gas & Energy","Oil, Gas & Energy",2023,23Q3,3031802173.76801
Europe ex-UK,Norway,"Oil, Gas & Energy","Oil, Gas & Energy",2023,23q4,3130325256.07289
Europe ex-UK,Norway,"Oil, Gas & Energy","Oil, Gas & Energy",2024,24q1,3083344056.28424
Europe ex-UK,Norway,"Oil, Gas & Energy","Oil, Gas & Energy",2024,24q2,2531451107.71222
Europe ex-UK,Norway,"Oil, Gas & Energy","Oil, Gas & Energy",2024,24q3,2350949270.1863
Europe ex-UK,Norway,"Oil, Gas & Energy","Oil, Gas & Energy",2024,24q4,2333318568.79743
Europe ex-UK,Norway,"Oil, Gas & Energy","Oil, Gas & Energy",2025,25Q1,2345487187.381
Europe ex-UK,Norway,"Oil, Gas & Energy","Oil, Gas & Energy",2025,25q2,1455399523.61185
Europe ex-UK,Poland,Financial,Banks,2010,10Q2,317444264.11873
Europe ex-UK,Poland,Financial,Banks,2010,10Q4,777592195
Europe ex-UK,Poland,Financial,Banks,2011,11Q2,866930698.374816
Europe ex-UK,Poland,Financial,Banks,2011,11Q3,789952432.5
Europe ex-UK,Poland,Financial,Banks,2012,12Q2,636114050.351847
Europe ex-UK,Poland,Financial,Banks,2012,12Q3,418884908.469465
Europe ex-UK,Poland,Financial,Banks,2013,13Q2,347077607.957276
Europe ex-UK,Poland,Financial,Banks,2013,13Q3,656556584.616985
Europe ex-UK,Poland,Financial,Banks,2014,14Q2,562524637.096782
Europe ex-UK,Poland,Financial,Banks,2014,14Q3,857213676.830057
Europe ex-UK,Poland,Financial,Banks,2015,15Q3,871401544.944064
Europe ex-UK,Poland,Financial,Banks,2016,16Q2,335016757.297743
Europe ex-UK,Poland,Financial,Banks,2016,16Q3,568916675.212398
Europe ex-UK,Poland,Financial,Banks,2017,17Q2,144003678.788399
Europe ex-UK,Poland,Financial,Banks,2017,17Q3,613320360.120667
Europe ex-UK,Poland,Financial,Banks,2018,18Q2,144268758.755267
Europe ex-UK,Poland,Financial,Banks,2018,18Q3,747262111.249319
Europe ex-UK,Poland,Financial,Banks,2019,19Q2,530846334.715813
Europe ex-UK,Poland,Financial,Banks,2019,19q3,872632658.278761
Europe ex-UK,Poland,Financial,Banks,2020,20Q2,12127523.3861965
Europe ex-UK,Poland,Financial,Banks,2021,21q3,211093958.624137
Europe ex-UK,Poland,Financial,Banks,2021,21Q4,56150827.7844424
Europe ex-UK,Poland,Financial,Banks,2022,22Q2,63613894.3018239
Europe ex-UK,Poland,Financial,Banks,2022,22Q3,722799866.940661
Europe ex-UK,Poland,Financial,Banks,2023,23Q3,359634323.713482
Europe ex-UK,Poland,Financial,Banks,2023,23q4,604209179.650515
Europe ex-UK,Poland,Financial,Banks,2024,24q1,401818240
Europe ex-UK,Poland,Financial,Banks,2024,24q2,2420316145.84343
Europe ex-UK,Poland,Financial,Banks,2024,24q3,839916474.25
Europe ex-UK,Poland,Financial,Banks,2025,25q2,2946337713.72923
Europe ex-UK,Poland,Financial,Insurance,2011,11Q4,712206515.887074
Europe ex-UK,Poland,Financial,Insurance,2012,12Q3,604519997.634298
Europe ex-UK,Poland,Financial,Insurance,2013,13Q3,810256131.258948
Europe ex-UK,Poland,Financial,Insurance,2013,13Q4,559140744.87576
Europe ex-UK,Poland,Financial,Insurance,2014,14Q4,88901684.134038
Europe ex-UK,Poland,Financial,Insurance,2015,15Q4,686098055.14326
Europe ex-UK,Poland,Financial,Insurance,2016,16Q4,450823992.668525
Europe ex-UK,Poland,Financial,Insurance,2017,17Q4,338418445.93074
Europe ex-UK,Poland,Financial,Insurance,2018,18Q4,580028355.92385
Europe ex-UK,Poland,Financial,Insurance,2019,19q3,615491102.269764
Europe ex-UK,Poland,Financial,Insurance,2021,21Q4,765340702.59213
Europe ex-UK,Poland,Financial,Insurance,2022,22Q4,345887032.179096
Europe ex-UK,Poland,Financial,Insurance,2023,23Q3,472225289.71608
Europe ex-UK,Poland,Financial,Insurance,2024,24q4,954254021.341572
Europe ex-UK,Poland,"Oil, Gas & Energy","Oil, Gas & Energy",2012,12Q3,196103868.808915
Europe ex-UK,Poland,"Oil, Gas & Energy","Oil, Gas & Energy",2014,14Q3,202832561.067522
Europe ex-UK,Poland,"Oil, Gas & Energy","Oil, Gas & Energy",2015,15Q3,184444072.850086
Europe ex-UK,Poland,"Oil, Gas & Energy","Oil, Gas & Energy",2016,16Q3,221195446.535024
Europe ex-UK,Poland,"Oil, Gas & Energy","Oil, Gas & Energy",2017,17Q3,355796642.846188
Europe ex-UK,Poland,"Oil, Gas & Energy","Oil, Gas & Energy",2018,18Q3,349540204.520783
Europe ex-UK,Poland,"Oil, Gas & Energy","Oil, Gas & Energy",2019,19q3,387778891.555897
Europe ex-UK,Poland,"Oil, Gas & Energy","Oil, Gas & Energy",2020,20Q3,113758463.288668
Europe ex-UK,Poland,"Oil, Gas & Energy","Oil, Gas & Energy",2021,21q3,389879576.054817
Europe ex-UK,Poland,"Oil, Gas & Energy","Oil, Gas & Energy",2022,22Q4,304688801.789542
Europe ex-UK,Poland,"Oil, Gas & Energy","Oil, Gas & Energy",2023,23Q3,570797634.652927
Europe ex-UK,Poland,"Oil, Gas & Energy","Oil, Gas & Energy",2024,24q4,432682278.90183
Europe ex-UK,Portugal,Consumer Defensive,Food Retail,2010,10Q2,113840496.478423
Europe ex-UK,Portugal,Consumer Defensive,Food Retail,2010,10Q4,173434409.73215
Europe ex-UK,Portugal,Consumer Defensive,Food Retail,2012,12Q2,229047786.366025
Europe ex-UK,Portugal,Consumer Defensive,Food Retail,2012,12Q4,198288783.318272
Europe ex-UK,Portugal,Consumer Defensive,Food Retail,2013,13Q2,244554829.893265
Europe ex-UK,Portugal,Consumer Defensive,Food Retail,2014,14Q2,266078703.22023
Europe ex-UK,Portugal,Consumer Defensive,Food Retail,2015,15Q2,173626247.127235
Europe ex-UK,Portugal,Consumer Defensive,Food Retail,2015,15Q4,258792903.642375
Europe ex-UK,Portugal,Consumer Defensive,Food Retail,2016,16Q2,190176186.84332
Europe ex-UK,Portugal,Consumer Defensive,Food Retail,2017,17Q2,416738775.0325
Europe ex-UK,Portugal,Consumer Defensive,Food Retail,2018,18Q2,458259723.868487
Europe ex-UK,Portugal,Consumer Defensive,Food Retail,2019,19Q2,229666087.406705
Europe ex-UK,Portugal,Consumer Defensive,Food Retail,2020,20Q3,148735075.683002
Europe ex-UK,Portugal,Consumer Defensive,Food Retail,2020,20Q4,105830569.192314
Europe ex-UK,Portugal,Consumer Defensive,Food Retail,2021,21q2,218553031.871424
Europe ex-UK,Portugal,Consumer Defensive,Food Retail,2022,22Q2,519312430.557125
Europe ex-UK,Portugal,Consumer Defensive,Food Retail,2023,23Q2,374509735.396677
Europe ex-UK,Portugal,Consumer Defensive,Food Retail,2024,24q2,447490880.711915
Europe ex-UK,Portugal,Consumer Defensive,Food Retail,2025,25q2,415354291.87626
Europe ex-UK,Portugal,"Oil, Gas & Energy","Oil, Gas & Energy",2010,10Q2,133168142.687643
Europe ex-UK,Portugal,"Oil, Gas & Energy","Oil, Gas & Energy",2010,10Q3,61692147.337758
Europe ex-UK,Portugal,"Oil, Gas & Energy","Oil, Gas & Energy",2011,11Q2,155068620.556526
Europe ex-UK,Portugal,"Oil, Gas & Energy","Oil, Gas & Energy",2012,12Q2,194065212.59965
Europe ex-UK,Portugal,"Oil, Gas & Energy","Oil, Gas & Energy",2012,12Q3,120816294.842586
Europe ex-UK,Portugal,"Oil, Gas & Energy","Oil, Gas & Energy",2013,13Q2,119534608.439484
Europe ex-UK,Portugal,"Oil, Gas & Energy","Oil, Gas & Energy",2013,13Q3,148227726.572755
Europe ex-UK,Portugal,"Oil, Gas & Energy","Oil, Gas & Energy",2014,14Q2,151653566.055821
Europe ex-UK,Portugal,"Oil, Gas & Energy","Oil, Gas & Energy",2014,14Q3,172196478.663548
Europe ex-UK,Portugal,"Oil, Gas & Energy","Oil, Gas & Energy",2015,15Q2,149869025.493002
Europe ex-UK,Portugal,"Oil, Gas & Energy","Oil, Gas & Energy",2015,15Q3,180514452.774935
Europe ex-UK,Portugal,"Oil, Gas & Energy","Oil, Gas & Energy",2016,16Q2,178003865.089621
Europe ex-UK,Portugal,"Oil, Gas & Energy","Oil, Gas & Energy",2016,16Q3,216214370.019922
Europe ex-UK,Portugal,"Oil, Gas & Energy","Oil, Gas & Energy",2017,17Q2,214487322.359291
Europe ex-UK,Portugal,"Oil, Gas & Energy","Oil, Gas & Energy",2017,17Q3,229857192.253063
Europe ex-UK,Portugal,"Oil, Gas & Energy","Oil, Gas & Energy",2018,18Q2,268656739.278375
Europe ex-UK,Portugal,"Oil, Gas & Energy","Oil, Gas & Energy",2018,18Q3,249216479.281866
Europe ex-UK,Portugal,"Oil, Gas & Energy","Oil, Gas & Energy",2019,19Q2,309590240.761252
Europe ex-UK,Portugal,"Oil, Gas & Energy","Oil, Gas & Energy",2019,19q3,269271073.472642
Europe ex-UK,Portugal,"Oil, Gas & Energy","Oil, Gas & Energy",2020,20Q2,323799408.077367
Europe ex-UK,Portugal,"Oil, Gas & Energy","Oil, Gas & Energy",2021,21q2,329708429.000142
Europe ex-UK,Portugal,"Oil, Gas & Energy","Oil, Gas & Energy",2021,21q3,226791787.047088
Europe ex-UK,Portugal,"Oil, Gas & Energy","Oil, Gas & Energy",2022,22Q2,203261428.217575
Europe ex-UK,Portugal,"Oil, Gas & Energy","Oil, Gas & Energy",2022,22Q3,200394213.989697
Europe ex-UK,Portugal,"Oil, Gas & Energy","Oil, Gas & Energy",2023,23Q2,212151414.240194
Europe ex-UK,Portugal,"Oil, Gas & Energy","Oil, Gas & Energy",2023,23Q3,220147565.099319
Europe ex-UK,Portugal,"Oil, Gas & Energy","Oil, Gas & Energy",2024,24q2,209576021.182632
Europe ex-UK,Portugal,"Oil, Gas & Energy","Oil, Gas & Energy",2024,24q3,221522294.83202
Europe ex-UK,Portugal,"Oil, Gas & Energy","Oil, Gas & Energy",2025,25q2,267225979.07286
Europe ex-UK,Portugal,Utilities,Utilities,2010,10Q2,681031140.363695
Europe ex-UK,Portugal,Utilities,Utilities,2011,11Q2,844361410.106775
Europe ex-UK,Portugal,Utilities,Utilities,2012,12Q2,692092714.28133
Europe ex-UK,Portugal,Utilities,Utilities,2013,13Q2,737003392.60626
Europe ex-UK,Portugal,Utilities,Utilities,2014,14Q2,777760788.407265
Europe ex-UK,Portugal,Utilities,Utilities,2015,15Q2,650061897.9894
Europe ex-UK,Portugal,Utilities,Utilities,2016,16Q2,644321017.431585
Europe ex-UK,Portugal,Utilities,Utilities,2017,17Q2,774394355.164702
Europe ex-UK,Portugal,Utilities,Utilities,2018,18Q2,830668470.598553
Europe ex-UK,Portugal,Utilities,Utilities,2019,19Q2,778562738.685586
Europe ex-UK,Portugal,Utilities,Utilities,2020,20Q2,751259510.516114
Europe ex-UK,Portugal,Utilities,Utilities,2021,21q2,910391475.72231
Europe ex-UK,Portugal,Utilities,Utilities,2022,22Q2,792396527.543323
Europe ex-UK,Portugal,Utilities,Utilities,2023,23Q2,878673829.191368
Europe ex-UK,Portugal,Utilities,Utilities,2024,24q2,877034738.720166
Europe ex-UK,Portugal,Utilities,Utilities,2025,25q2,949145305.4044
Europe ex-UK,Spain,Consumer Cyclical,General Retail,2010,10Q2,492742681.2
Europe ex-UK,Spain,Consumer Cyclical,General Retail,2010,10Q4,611976436.764
Europe ex-UK,Spain,Consumer Cyclical,General Retail,2011,11Q2,742585922.261568
Europe ex-UK,Spain,Consumer Cyclical,General Retail,2011,11Q4,688206628.032
Europe ex-UK,Spain,Consumer Cyclical,General Retail,2012,12Q2,737823727.872
Europe ex-UK,Spain,Consumer Cyclical,General Retail,2012,12Q4,720601108.92
Europe ex-UK,Spain,Consumer Cyclical,General Retail,2013,13Q2,896367815.112
Europe ex-UK,Spain,Consumer Cyclical,General Retail,2013,13Q4,1179010751.688
Europe ex-UK,Spain,Consumer Cyclical,General Retail,2014,14Q2,1045777307.0052
Europe ex-UK,Spain,Consumer Cyclical,General Retail,2014,14Q4,941618173.8348
Europe ex-UK,Spain,Consumer Cyclical,General Retail,2015,15Q2,904449293.748
Europe ex-UK,Spain,Consumer Cyclical,General Retail,2015,15Q4,887472971.336952
Europe ex-UK,Spain,Consumer Cyclical,General Retail,2016,16Q2,1076881182.3
Europe ex-UK,Spain,Consumer Cyclical,General Retail,2016,16Q4,1039528108.08
Europe ex-UK,Spain,Consumer Cyclical,General Retail,2017,17Q2,1155190180.452
Europe ex-UK,Spain,Consumer Cyclical,General Retail,2017,17Q4,1236996062.148
Europe ex-UK,Spain,Consumer Cyclical,General Retail,2018,18Q2,1397409361.425
Europe ex-UK,Spain,Consumer Cyclical,General Retail,2018,18Q4,1329855929.325
Europe ex-UK,Spain,Consumer Cyclical,General Retail,2019,19Q2,1533623416.248
Europe ex-UK,Spain,Consumer Cyclical,General Retail,2019,19Q4,1529783700.984
Europe ex-UK,Spain,Consumer Cyclical,General Retail,2020,20Q4,1269342234.93
Europe ex-UK,Spain,Consumer Cyclical,General Retail,2021,21q2,1317120510.09
Europe ex-UK,Spain,Consumer Cyclical,General Retail,2021,21Q4,1263179055.6
Europe ex-UK,Spain,Consumer Cyclical,General Retail,2022,22Q2,1525111060.473
Europe ex-UK,Spain,Consumer Cyclical,General Retail,2022,22Q4,1430692867.296
Europe ex-UK,Spain,Consumer Cyclical,General Retail,2023,23Q2,2053063338.48
Europe ex-UK,Spain,Consumer Cyclical,General Retail,2023,23q4,1985650155.72
Europe ex-UK,Spain,Consumer Cyclical,General Retail,2024,24q2,2565049787.454
Europe ex-UK,Spain,Consumer Cyclical,General Retail,2024,24q4,2615566041.396
Europe ex-UK,Spain,Consumer Cyclical,General Retail,2025,25q2,2976390193.392
Europe ex-UK,Spain,Consumer Cyclical,Household services,2011,11Q3,193133849.33475
Europe ex-UK,Spain,Consumer Cyclical,Household services,2012,12Q1,102717811.782566
Europe ex-UK,Spain,Consumer Cyclical,Household services,2012,12Q3,107963480.06925
Europe ex-UK,Spain,Consumer Cyclical,Household services,2013,13Q1,151836581.763125
Europe ex-UK,Spain,Consumer Cyclical,Household services,2013,13Q3,148272721.675799
Europe ex-UK,Spain,Consumer Cyclical,Household services,2014,14Q1,181075991.60175
Europe ex-UK,Spain,Consumer Cyclical,Household services,2014,14Q3,195081949.772125
Europe ex-UK,Spain,Consumer Cyclical,Household services,2015,15Q1,161623632.4728
Europe ex-UK,Spain,Consumer Cyclical,Household services,2015,15Q3,185805142.48545
Europe ex-UK,Spain,Consumer Cyclical,Household services,2016,16Q1,163216944.429193
Europe ex-UK,Spain,Consumer Cyclical,Household services,2016,16Q3,211570482.168418
Europe ex-UK,Spain,Consumer Cyclical,Household services,2017,17Q1,188851671.23506
Europe ex-UK,Spain,Consumer Cyclical,Household services,2017,17Q2,270269464.977882
Europe ex-UK,Spain,Consumer Cyclical,Household services,2018,18Q1,262398305.68776
Europe ex-UK,Spain,Consumer Cyclical,Household services,2018,18Q3,335587427.056597
Europe ex-UK,Spain,Consumer Cyclical,Household services,2019,19Q1,254672638.438325
Europe ex-UK,Spain,Consumer Cyclical,Household services,2019,19q3,328367041.542873
Europe ex-UK,Spain,Consumer Cyclical,Household services,2020,20Q1,267955704.65552
Europe ex-UK,Spain,Consumer Cyclical,Household services,2023,23Q3,373190387.927565
Europe ex-UK,Spain,Consumer Cyclical,Household services,2024,24q1,215098053.41453
Europe ex-UK,Spain,Consumer Cyclical,Household services,2024,24q3,389519596.571264
Europe ex-UK,Spain,Consumer Cyclical,Household services,2025,25Q1,232029615.53525
Europe ex-UK,Spain,Financial,Banks,2010,10Q1,1405740978.01821
Europe ex-UK,Spain,Financial,Banks,2010,10Q2,3733447051.68752
Europe ex-UK,Spain,Financial,Banks,2010,10Q3,2132965180.87908
Europe ex-UK,Spain,Financial,Banks,2010,10Q4,2255457840.69909
Europe ex-UK,Spain,Financial,Banks,2011,11Q1,2478312279.13001
Europe ex-UK,Spain,Financial,Banks,2011,11Q2,2983980088.44193
Europe ex-UK,Spain,Financial,Banks,2011,11Q3,2367420061.77851
Europe ex-UK,Spain,Financial,Banks,2011,11Q4,1762793820.23009
Europe ex-UK,Spain,Financial,Banks,2012,12Q1,2329943037.91603
Europe ex-UK,Spain,Financial,Banks,2012,12Q2,3653505651.79277
Europe ex-UK,Spain,Financial,Banks,2012,12Q3,2774793690.73959
Europe ex-UK,Spain,Financial,Banks,2012,12Q4,2964671464.33645
Europe ex-UK,Spain,Financial,Banks,2013,13Q1,2921045601.18419
Europe ex-UK,Spain,Financial,Banks,2013,13Q2,3308471870.61976
Europe ex-UK,Spain,Financial,Banks,2013,13Q3,3197487536.45636
Europe ex-UK,Spain,Financial,Banks,2013,13Q4,3733070977.97802
Europe ex-UK,Spain,Financial,Banks,2014,14Q1,2675270035.53715
Europe ex-UK,Spain,Financial,Banks,2014,14Q2,4155005349.544
Europe ex-UK,Spain,Financial,Banks,2014,14Q3,3400051483.93251
Europe ex-UK,Spain,Financial,Banks,2014,14Q4,3205294229.35098
Europe ex-UK,Spain,Financial,Banks,2015,15Q1,2914392715.71769
Europe ex-UK,Spain,Financial,Banks,2015,15Q2,3728806685.4522
Europe ex-UK,Spain,Financial,Banks,2015,15Q3,1598687680.74976
Europe ex-UK,Spain,Financial,Banks,2015,15Q4,1587156218.59332
Europe ex-UK,Spain,Financial,Banks,2016,16Q1,1600662502.86405
Europe ex-UK,Spain,Financial,Banks,2016,16Q2,2312030502.41378
Europe ex-UK,Spain,Financial,Banks,2016,16Q3,1658816406.50913
Europe ex-UK,Spain,Financial,Banks,2016,16Q4,1670624614.79537
Europe ex-UK,Spain,Financial,Banks,2017,17Q1,1422562283.85937
Europe ex-UK,Spain,Financial,Banks,2017,17Q2,2353956466.42497
Europe ex-UK,Spain,Financial,Banks,2017,17Q3,1028186260.48681
Europe ex-UK,Spain,Financial,Banks,2017,17Q4,2078432586.23212
Europe ex-UK,Spain,Financial,Banks,2018,18Q1,1207355419.46599
Europe ex-UK,Spain,Financial,Banks,2018,18Q2,3323156570.27495
Europe ex-UK,Spain,Financial,Banks,2018,18Q3,1224270142.45832
Europe ex-UK,Spain,Financial,Banks,2018,18Q4,2018857433.33654
Europe ex-UK,Spain,Financial,Banks,2019,19Q1,1210306694.78456
Europe ex-UK,Spain,Financial,Banks,2019,19Q2,3120229639.96287
Europe ex-UK,Spain,Financial,Banks,2019,19Q4,2716934366.57217
Europe ex-UK,Spain,Financial,Banks,2020,20Q2,1745105466.42916
Europe ex-UK,Spain,Financial,Banks,2021,21q2,1314221012.25453
Europe ex-UK,Spain,Financial,Banks,2021,21Q4,1589961814.34359
Europe ex-UK,Spain,Financial,Banks,2022,22Q2,4060926428.17992
Europe ex-UK,Spain,Financial,Banks,2022,22Q4,1789245340.29051
Europe ex-UK,Spain,Financial,Banks,2023,23Q1,122268315.988029
Europe ex-UK,Spain,Financial,Banks,2023,23Q2,5013682395.87434
Europe ex-UK,Spain,Financial,Banks,2023,23q4,2592458011.11935
Europe ex-UK,Spain,Financial,Banks,2024,24q1,173904838.885526
Europe ex-UK,Spain,Financial,Banks,2024,24q2,7237201904.67501
Europe ex-UK,Spain,Financial,Banks,2024,24q4,5157969842.16412
Europe ex-UK,Spain,Financial,Banks,2025,25Q1,725388463.783126
Europe ex-UK,Spain,Financial,Banks,2025,25q2,6873991492.23575
Europe ex-UK,Spain,Industrial,Machinery,2010,10Q1,411770087.7084
Europe ex-UK,Spain,Industrial,Machinery,2010,10Q3,456003276.348465
Europe ex-UK,Spain,Industrial,Machinery,2011,11Q1,387188489.62512
Europe ex-UK,Spain,Industrial,Machinery,2011,11Q3,523400499.07584
Europe ex-UK,Spain,Industrial,Machinery,2012,12Q1,375010969.83732
Europe ex-UK,Spain,Industrial,Machinery,2012,12Q3,413876893.031068
Europe ex-UK,Spain,Industrial,Machinery,2013,13Q3,462524605.659737
Europe ex-UK,Spain,Industrial,Machinery,2014,14Q1,192982096.311392
Europe ex-UK,Spain,Industrial,Machinery,2014,14Q3,299608601.172436
Europe ex-UK,Spain,Industrial,Machinery,2015,15Q1,161408776.81527
Europe ex-UK,Spain,Industrial,Machinery,2015,15Q3,241859067.175559
Europe ex-UK,Spain,Industrial,Machinery,2016,16Q1,154373757.554293
Europe ex-UK,Spain,Industrial,Machinery,2016,16Q3,247039443.973961
Europe ex-UK,Spain,Industrial,Machinery,2017,17Q1,149652514.252688
Europe ex-UK,Spain,Industrial,Machinery,2017,17Q3,269491470.751198
Europe ex-UK,Spain,Industrial,Machinery,2018,18Q1,173687980.466621
Europe ex-UK,Spain,Industrial,Machinery,2018,18Q3,345199268.604247
Europe ex-UK,Spain,Industrial,Machinery,2019,19Q1,160799900.82588
Europe ex-UK,Spain,Industrial,Machinery,2019,19q3,513342245.32863
Europe ex-UK,Spain,Industrial,Machinery,2020,20Q1,158083118.187743
Europe ex-UK,Spain,Industrial,Machinery,2020,20Q3,547385178.424302
Europe ex-UK,Spain,Industrial,Machinery,2021,21Q1,169873574.651358
Europe ex-UK,Spain,Industrial,Machinery,2021,21q3,467712225.555771
Europe ex-UK,Spain,Industrial,Machinery,2022,22q1,163550369.638001
Europe ex-UK,Spain,Industrial,Machinery,2022,22Q3,460875963.138202
Europe ex-UK,Spain,Industrial,Machinery,2023,23Q1,145844636.22456
Europe ex-UK,Spain,Industrial,Machinery,2023,23Q3,657719450.41826
Europe ex-UK,Spain,Industrial,Machinery,2023,23q4,340354780.174504
Europe ex-UK,Spain,Industrial,Machinery,2024,24q1,136579050.897797
Europe ex-UK,Spain,Industrial,Machinery,2024,24q2,239971964.375827
Europe ex-UK,Spain,Industrial,Machinery,2024,24q3,461788584.697861
Europe ex-UK,Spain,Industrial,Machinery,2024,24q4,379703984.027893
Europe ex-UK,Spain,Industrial,Machinery,2025,25Q1,127892980.739728
Europe ex-UK,Spain,Industrial,Machinery,2025,25q2,269776862.398567
Europe ex-UK,Spain,Industrial,Transport,2016,16Q3,451580850
Europe ex-UK,Spain,Industrial,Transport,2017,17Q2,628847757.45
Europe ex-UK,Spain,Industrial,Transport,2018,18Q2,1205538847.5
Europe ex-UK,Spain,Industrial,Transport,2019,19Q2,1164967650
Europe ex-UK,Spain,Industrial,Transport,2020,20Q2,
Europe ex-UK,Spain,Industrial,Transport,2023,23Q2,783785625
Europe ex-UK,Spain,Industrial,Transport,2024,24q2,1238392200
Europe ex-UK,Spain,Industrial,Transport,2025,25q2,1665080400
Europe ex-UK,Spain,Media & Telecommunications,Telecoms,2010,10Q2,3764760830.53801
Europe ex-UK,Spain,Media & Telecommunications,Telecoms,2010,10Q4,4123719154.08326
Europe ex-UK,Spain,Media & Telecommunications,Telecoms,2011,11Q2,4965571468.02367
Europe ex-UK,Spain,Media & Telecommunications,Telecoms,2011,11Q4,4832482706.2231
Europe ex-UK,Spain,Media & Telecommunications,Telecoms,2012,12Q2,3023163887.68509
Europe ex-UK,Spain,Media & Telecommunications,Telecoms,2013,13Q4,2154739637.33489
Europe ex-UK,Spain,Media & Telecommunications,Telecoms,2014,14Q2,2534465773.98438
Europe ex-UK,Spain,Media & Telecommunications,Telecoms,2014,14Q4,1879547515.36589
Europe ex-UK,Spain,Media & Telecommunications,Telecoms,2015,15Q2,2221596502.84804
Europe ex-UK,Spain,Media & Telecommunications,Telecoms,2015,15Q4,1831320530.92891
Europe ex-UK,Spain,Media & Telecommunications,Telecoms,2016,16Q2,2229884280.0954
Europe ex-UK,Spain,Media & Telecommunications,Telecoms,2016,16Q3,12091814.731326
Europe ex-UK,Spain,Media & Telecommunications,Telecoms,2016,16Q4,1778693664.12698
Europe ex-UK,Spain,Media & Telecommunications,Telecoms,2017,17Q2,1138974236.19114
Europe ex-UK,Spain,Media & Telecommunications,Telecoms,2017,17Q4,1234803056.59943
Europe ex-UK,Spain,Media & Telecommunications,Telecoms,2018,18Q2,1206339875.92524
Europe ex-UK,Spain,Media & Telecommunications,Telecoms,2018,18Q3,13806224.370678
Europe ex-UK,Spain,Media & Telecommunications,Telecoms,2018,18Q4,1199606543.89246
Europe ex-UK,Spain,Media & Telecommunications,Telecoms,2019,19Q2,1172487281.17515
Europe ex-UK,Spain,Media & Telecommunications,Telecoms,2019,19q3,13293625.7743627
Europe ex-UK,Spain,Media & Telecommunications,Telecoms,2019,19Q4,1167027599.6269
Europe ex-UK,Spain,Media & Telecommunications,Telecoms,2020,20Q2,13290483.039126
Europe ex-UK,Spain,Media & Telecommunications,Telecoms,2020,20Q3,1126589931.05306
Europe ex-UK,Spain,Media & Telecommunications,Telecoms,2020,20Q4,1292305453.67544
Europe ex-UK,Spain,Media & Telecommunications,Telecoms,2021,21q2,1320849272.02281
Europe ex-UK,Spain,Media & Telecommunications,Telecoms,2021,21Q4,964341174.542414
Europe ex-UK,Spain,Media & Telecommunications,Telecoms,2022,22Q2,888597110.586229
Europe ex-UK,Spain,Media & Telecommunications,Telecoms,2022,22Q4,947514919.038427
Europe ex-UK,Spain,Media & Telecommunications,Telecoms,2023,23Q2,954128227.638687
Europe ex-UK,Spain,Media & Telecommunications,Telecoms,2023,23q4,979451534.114981
Europe ex-UK,Spain,Media & Telecommunications,Telecoms,2024,24q2,924620983.79479
Europe ex-UK,Spain,Media & Telecommunications,Telecoms,2024,24q4,916917609.800965
Europe ex-UK,Spain,Media & Telecommunications,Telecoms,2025,25q2,989001604.725558
Europe ex-UK,Spain,"Oil, Gas & Energy","Oil, Gas & Energy",2010,10Q3,657732072.6842
Europe ex-UK,Spain,"Oil, Gas & Energy","Oil, Gas & Energy",2011,11Q1,854679201.987109
Europe ex-UK,Spain,"Oil, Gas & Energy","Oil, Gas & Energy",2011,11Q3,920825584.412449
Europe ex-UK,Spain,"Oil, Gas & Energy","Oil, Gas & Energy",2012,12Q1,900911164.819859
Europe ex-UK,Spain,"Oil, Gas & Energy","Oil, Gas & Energy",2012,12Q3,815444923.308409
Europe ex-UK,Spain,"Oil, Gas & Energy","Oil, Gas & Energy",2013,13Q1,793101503.550211
Europe ex-UK,Spain,"Oil, Gas & Energy","Oil, Gas & Energy",2013,13Q2,819468514.88665
Europe ex-UK,Spain,"Oil, Gas & Energy","Oil, Gas & Energy",2014,14Q1,850375767.630881
Europe ex-UK,Spain,"Oil, Gas & Energy","Oil, Gas & Energy",2014,14Q2,1806507399.678
Europe ex-UK,Spain,"Oil, Gas & Energy","Oil, Gas & Energy",2014,14Q3,876252447.384285
Europe ex-UK,Spain,"Oil, Gas & Energy","Oil, Gas & Energy",2015,15Q1,750868588.194508
Europe ex-UK,Spain,"Oil, Gas & Energy","Oil, Gas & Energy",2015,15Q3,736211989.137482
Europe ex-UK,Spain,"Oil, Gas & Energy","Oil, Gas & Energy",2016,16Q1,706470391.232605
Europe ex-UK,Spain,"Oil, Gas & Energy","Oil, Gas & Energy",2016,16Q3,466110953.396755
Europe ex-UK,Spain,"Oil, Gas & Energy","Oil, Gas & Energy",2017,17Q1,520057378.192123
Europe ex-UK,Spain,"Oil, Gas & Energy","Oil, Gas & Energy",2017,17Q3,723622329.776989
Europe ex-UK,Spain,"Oil, Gas & Energy","Oil, Gas & Energy",2018,18Q1,707007194.596852
Europe ex-UK,Spain,"Oil, Gas & Energy","Oil, Gas & Energy",2018,18Q3,884763559.680701
Europe ex-UK,Spain,"Oil, Gas & Energy","Oil, Gas & Energy",2019,19Q1,752955454.658034
Europe ex-UK,Spain,"Oil, Gas & Energy","Oil, Gas & Energy",2019,19q3,882921371.806511
Europe ex-UK,Spain,"Oil, Gas & Energy","Oil, Gas & Energy",2020,20Q1,719015582.365538
Europe ex-UK,Spain,"Oil, Gas & Energy","Oil, Gas & Energy",2020,20Q3,872776611.779814
Europe ex-UK,Spain,"Oil, Gas & Energy","Oil, Gas & Energy",2021,21Q1,534840333.419534
Europe ex-UK,Spain,"Oil, Gas & Energy","Oil, Gas & Energy",2021,21q3,540675291.821205
Europe ex-UK,Spain,"Oil, Gas & Energy","Oil, Gas & Energy",2022,22q1,519643048.171395
Europe ex-UK,Spain,"Oil, Gas & Energy","Oil, Gas & Energy",2022,22Q3,487438639.34733
Europe ex-UK,Spain,"Oil, Gas & Energy","Oil, Gas & Energy",2023,23Q1,518413995.957743
Europe ex-UK,Spain,"Oil, Gas & Energy","Oil, Gas & Energy",2023,23Q3,504891681.209213
Europe ex-UK,Spain,"Oil, Gas & Energy","Oil, Gas & Energy",2024,24q1,559320635.76658
Europe ex-UK,Spain,"Oil, Gas & Energy","Oil, Gas & Energy",2024,24q3,691997440.681228
Europe ex-UK,Spain,"Oil, Gas & Energy","Oil, Gas & Energy",2025,25Q1,575733368.285091
Europe ex-UK,Spain,Utilities,Utilities,2010,10Q1,864240417.237809
Europe ex-UK,Spain,Utilities,Utilities,2010,10Q3,2102048541.54383
Europe ex-UK,Spain,Utilities,Utilities,2010,10Q4,1057294092.12
Europe ex-UK,Spain,Utilities,Utilities,2011,11Q1,813668130.0345
Europe ex-UK,Spain,Utilities,Utilities,2011,11Q3,1292198580.12453
Europe ex-UK,Spain,Utilities,Utilities,2012,12Q1,1228355800.56866
Europe ex-UK,Spain,Utilities,Utilities,2012,12Q3,2227510086.40388
Europe ex-UK,Spain,Utilities,Utilities,2013,13Q1,1287507897.86729
Europe ex-UK,Spain,Utilities,Utilities,2013,13Q3,1570154776.21129
Europe ex-UK,Spain,Utilities,Utilities,2014,14Q1,3369267046.42701
Europe ex-UK,Spain,Utilities,Utilities,2014,14Q3,1559440211.59125
Europe ex-UK,Spain,Utilities,Utilities,2014,14Q4,19620390071.4201
Europe ex-UK,Spain,Utilities,Utilities,2015,15Q1,619463709.179653
Europe ex-UK,Spain,Utilities,Utilities,2015,15Q3,1750866881.75729
Europe ex-UK,Spain,Utilities,Utilities,2016,16Q1,1458549854.82571
Europe ex-UK,Spain,Utilities,Utilities,2016,16Q3,2143027485.92099
Europe ex-UK,Spain,Utilities,Utilities,2017,17Q1,1824926054.37326
Europe ex-UK,Spain,Utilities,Utilities,2017,17Q3,2431033821.53334
Europe ex-UK,Spain,Utilities,Utilities,2018,18Q1,2151569210.48721
Europe ex-UK,Spain,Utilities,Utilities,2018,18Q3,2609874612.49231
Europe ex-UK,Spain,Utilities,Utilities,2019,19Q1,2112588173.09376
Europe ex-UK,Spain,Utilities,Utilities,2019,19q3,2684786186.32054
Europe ex-UK,Spain,Utilities,Utilities,2020,20Q1,2170455972.41398
Europe ex-UK,Spain,Utilities,Utilities,2020,20Q3,3158849368.43216
Europe ex-UK,Spain,Utilities,Utilities,2021,21Q1,2375642178.53691
Europe ex-UK,Spain,Utilities,Utilities,2021,21q3,4054053526.75842
Europe ex-UK,Spain,Utilities,Utilities,2022,22q1,1987760777.73425
Europe ex-UK,Spain,Utilities,Utilities,2022,22Q2,33914691.27475
Europe ex-UK,Spain,Utilities,Utilities,2022,22Q3,3238596390.24995
Europe ex-UK,Spain,Utilities,Utilities,2023,23Q1,1402212929.0274
Europe ex-UK,Spain,Utilities,Utilities,2023,23Q2,35387315.178
Europe ex-UK,Spain,Utilities,Utilities,2023,23Q3,4435930745.11075
Europe ex-UK,Spain,Utilities,Utilities,2024,24q1,2134707093.76507
Europe ex-UK,Spain,Utilities,Utilities,2024,24q2,34894571.8175
Europe ex-UK,Spain,Utilities,Utilities,2024,24q3,3428781091.02157
Europe ex-UK,Spain,Utilities,Utilities,2025,25Q1,2185816898.46887
Europe ex-UK,Spain,Utilities,Utilities,2025,25q2,36825514.4374695
Europe ex-UK,Sweden,Consumer Cyclical,General Retail,2010,10Q2,1509767756.70272
Europe ex-UK,Sweden,Consumer Cyclical,General Retail,2011,11Q2,2234648300.15328
Europe ex-UK,Sweden,Consumer Cyclical,General Retail,2012,12Q2,1997579299.16288
Europe ex-UK,Sweden,Consumer Cyclical,General Retail,2013,13Q2,2126795631.91552
Europe ex-UK,Sweden,Consumer Cyclical,General Retail,2014,14Q2,2133170859.01664
Europe ex-UK,Sweden,Consumer Cyclical,General Retail,2015,15Q2,1717753681.20845
Europe ex-UK,Sweden,Consumer Cyclical,General Retail,2016,16Q2,1750511899.73712
Europe ex-UK,Sweden,Consumer Cyclical,General Retail,2017,17Q2,818462770.517504
Europe ex-UK,Sweden,Consumer Cyclical,General Retail,2017,17Q4,838106118.35968
Europe ex-UK,Sweden,Consumer Cyclical,General Retail,2018,18Q2,820498805.60032
Europe ex-UK,Sweden,Consumer Cyclical,General Retail,2018,18Q4,785533901.679072
Europe ex-UK,Sweden,Consumer Cyclical,General Retail,2019,19Q2,745194244.06672
Europe ex-UK,Sweden,Consumer Cyclical,General Retail,2019,19Q4,735392790.228128
Europe ex-UK,Sweden,Consumer Cyclical,General Retail,2021,21Q4,1106240939.76032
Europe ex-UK,Sweden,Consumer Cyclical,General Retail,2022,22Q2,474913129.48768
Europe ex-UK,Sweden,Consumer Cyclical,General Retail,2022,22Q4,453514295.64272
Europe ex-UK,Sweden,Consumer Cyclical,General Retail,2023,23Q2,459584282.46432
Europe ex-UK,Sweden,Consumer Cyclical,General Retail,2023,23q4,443391899.140957
Europe ex-UK,Sweden,Consumer Cyclical,General Retail,2024,24q2,431001150.406129
Europe ex-UK,Sweden,Consumer Cyclical,General Retail,2024,24q4,419664656.745666
Europe ex-UK,Sweden,Consumer Cyclical,General Retail,2025,25q2,495940036.925005
Europe ex-UK,Sweden,Consumer Cyclical,Household services,2016,16Q2,13116813.795312
Europe ex-UK,Sweden,Consumer Cyclical,Household services,2017,17Q2,17656417.635553
Europe ex-UK,Sweden,Consumer Cyclical,Household services,2018,18Q2,38707183.134045
Europe ex-UK,Sweden,Consumer Cyclical,Household services,2019,19Q2,48352815.2620348
Europe ex-UK,Sweden,Consumer Cyclical,Household services,2020,20Q2,85786224.9447
Europe ex-UK,Sweden,Consumer Cyclical,Household services,2021,21q2,174435554.806336
Europe ex-UK,Sweden,Consumer Cyclical,Household services,2022,22Q2,331253693.099685
Europe ex-UK,Sweden,Consumer Cyclical,Household services,2023,23Q2,469630586.268
Europe ex-UK,Sweden,Consumer Cyclical,Household services,2024,24q2,616436574.014073
Europe ex-UK,Sweden,Consumer Cyclical,Household services,2025,25q2,668371888.59672
Europe ex-UK,Sweden,Consumer Defensive,Household products,2018,18Q2,437669500.002617
Europe ex-UK,Sweden,Consumer Defensive,Household products,2019,19Q2,396088048.549248
Europe ex-UK,Sweden,Consumer Defensive,Household products,2020,20Q4,455450305.183537
Europe ex-UK,Sweden,Consumer Defensive,Household products,2021,21q2,495633423.127631
Europe ex-UK,Sweden,Consumer Defensive,Household products,2022,22q1,481508757.852305
Europe ex-UK,Sweden,Consumer Defensive,Household products,2023,23Q2,447125150.244244
Europe ex-UK,Sweden,Consumer Defensive,Household products,2024,24q1,464866944.479396
Europe ex-UK,Sweden,Consumer Defensive,Household products,2025,25Q1,547502817.319229
Europe ex-UK,Sweden,Financial,Banks,2010,10Q2,904820116.453509
Europe ex-UK,Sweden,Financial,Banks,2011,11Q1,872720628.406803
Europe ex-UK,Sweden,Financial,Banks,2011,11Q2,831384530.977922
Europe ex-UK,Sweden,Financial,Banks,2012,12Q2,2205456263.02224
Europe ex-UK,Sweden,Financial,Banks,2013,13Q1,2475898028.79707
Europe ex-UK,Sweden,Financial,Banks,2013,13Q2,921814902.983573
Europe ex-UK,Sweden,Financial,Banks,2014,14Q1,1764146646.70303
Europe ex-UK,Sweden,Financial,Banks,2014,14Q2,2914401664.99915
Europe ex-UK,Sweden,Financial,Banks,2015,15Q2,3946074237.05452
Europe ex-UK,Sweden,Financial,Banks,2016,16Q1,2763492412.09874
Europe ex-UK,Sweden,Financial,Banks,2016,16Q2,1499373231.933
Europe ex-UK,Sweden,Financial,Banks,2017,17Q2,4050856044.21102
Europe ex-UK,Sweden,Financial,Banks,2018,18Q1,1724399825.09493
Europe ex-UK,Sweden,Financial,Banks,2018,18Q2,3241342966.96947
Europe ex-UK,Sweden,Financial,Banks,2019,19Q2,4386027903.46845
Europe ex-UK,Sweden,Financial,Banks,2020,20Q2,
Europe ex-UK,Sweden,Financial,Banks,2021,21Q1,1509967051.18354
Europe ex-UK,Sweden,Financial,Banks,2021,21q2,1415634049.43294
Europe ex-UK,Sweden,Financial,Banks,2021,21Q4,1959948512.95224
Europe ex-UK,Sweden,Financial,Banks,2022,22q1,2452061512.28619
Europe ex-UK,Sweden,Financial,Banks,2022,22Q2,1349253581.33248
Europe ex-UK,Sweden,Financial,Banks,2023,23Q1,1494150669.94743
Europe ex-UK,Sweden,Financial,Banks,2023,23Q2,2472568623.17425
Europe ex-UK,Sweden,Financial,Banks,2024,24q1,4682894383.98869
Europe ex-UK,Sweden,Financial,Banks,2024,24q2,1622436732.83359
Europe ex-UK,Sweden,Financial,Banks,2025,25Q1,5375247217.01836
Europe ex-UK,Sweden,Financial,Banks,2025,25q2,2480212944.0314
Europe ex-UK,Sweden,Financial,General Financial,2010,10Q2,435849765.089199
Europe ex-UK,Sweden,Financial,General Financial,2011,11Q2,661208656.321083
Europe ex-UK,Sweden,Financial,General Financial,2012,12Q2,697899547.890753
Europe ex-UK,Sweden,Financial,General Financial,2013,13Q2,823805822.827914
Europe ex-UK,Sweden,Financial,General Financial,2014,14Q2,937081462.654157
Europe ex-UK,Sweden,Financial,General Financial,2015,15Q2,862736674.756055
Europe ex-UK,Sweden,Financial,General Financial,2016,16Q2,865404177.758196
Europe ex-UK,Sweden,Financial,General Financial,2017,17Q2,869376989.350081
Europe ex-UK,Sweden,Financial,General Financial,2018,18Q2,753465947.624541
Europe ex-UK,Sweden,Financial,General Financial,2018,18Q4,201161158.218074
Europe ex-UK,Sweden,Financial,General Financial,2019,19Q2,742830595.923226
Europe ex-UK,Sweden,Financial,General Financial,2019,19Q4,187542388.757463
Europe ex-UK,Sweden,Financial,General Financial,2020,20Q2,652106466.05831
Europe ex-UK,Sweden,Financial,General Financial,2020,20Q4,124192298.634515
Europe ex-UK,Sweden,Financial,General Financial,2021,21q2,1172192560.70702
Europe ex-UK,Sweden,Financial,General Financial,2021,21Q4,339502598.964006
Europe ex-UK,Sweden,Financial,General Financial,2022,22Q2,1040871066.67812
Europe ex-UK,Sweden,Financial,General Financial,2022,22Q4,305379398.900782
Europe ex-UK,Sweden,Financial,General Financial,2023,23Q2,1115520439.70885
Europe ex-UK,Sweden,Financial,General Financial,2023,23q4,354568998.559948
Europe ex-UK,Sweden,Financial,General Financial,2024,24q2,1192382689.63967
Europe ex-UK,Sweden,Financial,General Financial,2024,24q4,405125823.968806
Europe ex-UK,Sweden,Financial,General Financial,2025,25q2,1423308667.93504
Europe ex-UK,Sweden,Industrial,Machinery,2010,10Q2,1468851981.17926
Europe ex-UK,Sweden,Industrial,Machinery,2011,11Q2,3506985351.79286
Europe ex-UK,Sweden,Industrial,Machinery,2012,12Q2,3301254713.45196
Europe ex-UK,Sweden,Industrial,Machinery,2013,13Q2,3725114030.5798
Europe ex-UK,Sweden,Industrial,Machinery,2014,14Q2,3764107439.73475
Europe ex-UK,Sweden,Industrial,Machinery,2015,15Q2,2821234458.40787
Europe ex-UK,Sweden,Industrial,Machinery,2015,15Q4,427540334.78672
Europe ex-UK,Sweden,Industrial,Machinery,2016,16Q2,2922937063.02424
Europe ex-UK,Sweden,Industrial,Machinery,2016,16Q4,433592458.514668
Europe ex-UK,Sweden,Industrial,Machinery,2017,17Q2,2909531409.80505
Europe ex-UK,Sweden,Industrial,Machinery,2017,17Q4,498504658.943882
Europe ex-UK,Sweden,Industrial,Machinery,2018,18Q2,3866633692.70003
Europe ex-UK,Sweden,Industrial,Machinery,2019,19Q2,4327115278.50278
Europe ex-UK,Sweden,Industrial,Machinery,2019,19Q4,534951266.639273
Europe ex-UK,Sweden,Industrial,Machinery,2020,20Q2,1317265690.24166
Europe ex-UK,Sweden,Industrial,Machinery,2020,20Q3,47863823.1729672
Europe ex-UK,Sweden,Industrial,Machinery,2020,20Q4,1057551376.39375
Europe ex-UK,Sweden,Industrial,Machinery,2021,21q2,6160210693.60334
Europe ex-UK,Sweden,Industrial,Machinery,2021,21q3,1759835083.21961
Europe ex-UK,Sweden,Industrial,Machinery,2021,21Q4,928267747.293759
Europe ex-UK,Sweden,Industrial,Machinery,2022,22q1,319937975.143312
Europe ex-UK,Sweden,Industrial,Machinery,2022,22Q2,4752994879.37012
Europe ex-UK,Sweden,Industrial,Machinery,2022,22Q4,808369665.009567
Europe ex-UK,Sweden,Industrial,Machinery,2023,23Q1,287836834.776679
Europe ex-UK,Sweden,Industrial,Machinery,2023,23Q2,4745969218.64255
Europe ex-UK,Sweden,Industrial,Machinery,2023,23q4,934417592.546489
Europe ex-UK,Sweden,Industrial,Machinery,2024,24q2,5667783932.66709
Europe ex-UK,Sweden,Industrial,Machinery,2024,24q4,1170135688.23212
Europe ex-UK,Sweden,Industrial,Machinery,2025,25q2,6582382494.91231
Europe ex-UK,Sweden,Media & Telecommunications,Telecoms,2010,10Q2,1721780944.64034
Europe ex-UK,Sweden,Media & Telecommunications,Telecoms,2011,11Q2,3787174335.71982
Europe ex-UK,Sweden,Media & Telecommunications,Telecoms,2012,12Q2,2591976734.51982
Europe ex-UK,Sweden,Media & Telecommunications,Telecoms,2013,13Q2,2401187343.98837
Europe ex-UK,Sweden,Media & Telecommunications,Telecoms,2014,14Q2,2272920840.97136
Europe ex-UK,Sweden,Media & Telecommunications,Telecoms,2015,15Q2,2228531244.76303
Europe ex-UK,Sweden,Media & Telecommunications,Telecoms,2016,16Q2,1078664130.80235
Europe ex-UK,Sweden,Media & Telecommunications,Telecoms,2016,16Q4,718276927.29052
Europe ex-UK,Sweden,Media & Telecommunications,Telecoms,2017,17Q2,767202414.354881
Europe ex-UK,Sweden,Media & Telecommunications,Telecoms,2017,17Q4,516790526.432648
Europe ex-UK,Sweden,Media & Telecommunications,Telecoms,2018,18Q2,810354823.346615
Europe ex-UK,Sweden,Media & Telecommunications,Telecoms,2018,18Q4,546287042.310396
Europe ex-UK,Sweden,Media & Telecommunications,Telecoms,2019,19Q2,705583376.074076
Europe ex-UK,Sweden,Media & Telecommunications,Telecoms,2019,19q3,409285374.184082
Europe ex-UK,Sweden,Media & Telecommunications,Telecoms,2019,19Q4,659443144.693474
Europe ex-UK,Sweden,Media & Telecommunications,Telecoms,2020,20Q2,808247222.935041
Europe ex-UK,Sweden,Media & Telecommunications,Telecoms,2020,20Q4,1198898669.931
Europe ex-UK,Sweden,Media & Telecommunications,Telecoms,2021,21q2,725756240.261691
Europe ex-UK,Sweden,Media & Telecommunications,Telecoms,2021,21q3,234279198.16188
Europe ex-UK,Sweden,Media & Telecommunications,Telecoms,2021,21Q4,706384903.183239
Europe ex-UK,Sweden,Media & Telecommunications,Telecoms,2022,22Q2,1537080584.25987
Europe ex-UK,Sweden,Media & Telecommunications,Telecoms,2022,22Q4,588539648.544085
Europe ex-UK,Sweden,Media & Telecommunications,Telecoms,2023,23Q2,412899807.997094
Europe ex-UK,Sweden,Media & Telecommunications,Telecoms,2023,23Q3,183253613.669005
Europe ex-UK,Sweden,Media & Telecommunications,Telecoms,2023,23q4,382592846.229972
Europe ex-UK,Sweden,Media & Telecommunications,Telecoms,2024,24q1,187261140.81111
Europe ex-UK,Sweden,Media & Telecommunications,Telecoms,2024,24q2,394422832.239216
Europe ex-UK,Sweden,Media & Telecommunications,Telecoms,2024,24q3,186693894.725512
Europe ex-UK,Sweden,Media & Telecommunications,Telecoms,2024,24q4,407166171.132464
Europe ex-UK,Sweden,Media & Telecommunications,Telecoms,2025,25Q1,180469680.294517
Europe ex-UK,Sweden,Media & Telecommunications,Telecoms,2025,25q2,427902003.905553
Europe ex-UK,Sweden,Mining & Chemicals,Mining & Chemicals,2010,10Q2,412097241.709948
Europe ex-UK,Sweden,Mining & Chemicals,Mining & Chemicals,2011,11Q2,608136926.976042
Europe ex-UK,Sweden,Mining & Chemicals,Mining & Chemicals,2012,12Q2,533810919.674768
Europe ex-UK,Sweden,Mining & Chemicals,Mining & Chemicals,2013,13Q2,588467489.27312
Europe ex-UK,Sweden,Mining & Chemicals,Mining & Chemicals,2014,14Q2,518498271.650449
Europe ex-UK,Sweden,Mining & Chemicals,Mining & Chemicals,2015,15Q2,446859775.676722
Europe ex-UK,Sweden,Mining & Chemicals,Mining & Chemicals,2016,16Q2,562288000.146388
Europe ex-UK,Sweden,Mining & Chemicals,Mining & Chemicals,2017,17Q2,589280165.184472
Europe ex-UK,Sweden,Mining & Chemicals,Mining & Chemicals,2018,18Q2,369837107.845529
Europe ex-UK,Sweden,Mining & Chemicals,Mining & Chemicals,2019,19Q1,120290222.050724
Europe ex-UK,Sweden,Mining & Chemicals,Mining & Chemicals,2019,19Q2,248832676.744552
Europe ex-UK,Sweden,Mining & Chemicals,Mining & Chemicals,2020,20Q2,194319166.881963
Europe ex-UK,Sweden,Mining & Chemicals,Mining & Chemicals,2021,21q2,266480908.204394
Europe ex-UK,Sweden,Mining & Chemicals,Mining & Chemicals,2022,22Q2,508652691.655837
Europe ex-UK,Sweden,Mining & Chemicals,Mining & Chemicals,2023,23Q2,553365191.748591
Europe ex-UK,Sweden,Mining & Chemicals,Mining & Chemicals,2024,24q2,350606102.512387
Europe ex-UK,Sweden,Mining & Chemicals,Mining & Chemicals,2025,25q2,193721918.099372
Europe ex-UK,Sweden,Property,Property,2013,13Q2,8687884.62895058
Europe ex-UK,Sweden,Property,Property,2014,14Q2,12221693.8161889
Europe ex-UK,Sweden,Property,Property,2015,15Q2,14164334.3463618
Europe ex-UK,Sweden,Property,Property,2016,16Q2,20617510.7231406
Europe ex-UK,Sweden,Property,Property,2017,17Q2,23777296.1432417
Europe ex-UK,Sweden,Property,Property,2018,18Q2,30092970.9669336
Europe ex-UK,Sweden,Property,Property,2018,18Q3,33196353.5586672
Europe ex-UK,Sweden,Property,Property,2019,19Q2,30397809.7300378
Europe ex-UK,Sweden,Property,Property,2020,20Q2,19398206.3513758
Europe ex-UK,Sweden,Property,Property,2020,20Q4,22031666.9108846
Europe ex-UK,Sweden,Property,Property,2021,21q2,57373500.4844202
Europe ex-UK,Sweden,Property,Property,2022,22Q2,63172828.0743738
Europe ex-UK,Sweden,Property,Property,2023,23Q2,76149366.820829
Europe ex-UK,Sweden,Property,Property,2024,24q2,90891389.9852741
Europe ex-UK,Sweden,Property,Property,2025,25q2,112846316.051667
Europe ex-UK,Sweden,Technology,IT Hardware,2010,10Q2,877918099.410711
Europe ex-UK,Sweden,Technology,IT Hardware,2011,11Q2,1187604893.14748
Europe ex-UK,Sweden,Technology,IT Hardware,2012,12Q2,1157205482.08946
Europe ex-UK,Sweden,Technology,IT Hardware,2013,13Q2,1409762494.47403
Europe ex-UK,Sweden,Technology,IT Hardware,2014,14Q2,1533252975.8695
Europe ex-UK,Sweden,Technology,IT Hardware,2015,15Q2,1333387170.71656
Europe ex-UK,Sweden,Technology,IT Hardware,2016,16Q2,2931216932.16466
Europe ex-UK,Sweden,Technology,IT Hardware,2017,17Q2,521889903.114115
Europe ex-UK,Sweden,Technology,IT Hardware,2018,18Q2,581358202.196867
Europe ex-UK,Sweden,Technology,IT Hardware,2019,19Q2,562794968.513043
Europe ex-UK,Sweden,Technology,IT Hardware,2020,20Q2,230035174.263959
Europe ex-UK,Sweden,Technology,IT Hardware,2020,20Q4,259374575.840794
Europe ex-UK,Sweden,Technology,IT Hardware,2021,21q2,636979703.930714
Europe ex-UK,Sweden,Technology,IT Hardware,2021,21Q4,348773250.228113
Europe ex-UK,Sweden,Technology,IT Hardware,2022,22Q2,709885470.198235
Europe ex-UK,Sweden,Technology,IT Hardware,2022,22Q4,349555336.247774
Europe ex-UK,Sweden,Technology,IT Hardware,2023,23Q2,738967441.59275
Europe ex-UK,Sweden,Technology,IT Hardware,2023,23q4,374602464.572464
Europe ex-UK,Sweden,Technology,IT Hardware,2024,24q2,751826984.834378
Europe ex-UK,Sweden,Technology,IT Hardware,2024,24q4,402149277.138417
Europe ex-UK,Sweden,Technology,IT Hardware,2025,25q2,849693352.080598
Europe ex-UK,Switzerland,Consumer Cyclical,Clothing & Durables,2014,14Q3,774480719.88
Europe ex-UK,Switzerland,Consumer Cyclical,Clothing & Durables,2015,15Q3,857803101.12
Europe ex-UK,Switzerland,Consumer Cyclical,Clothing & Durables,2016,16Q3,913950209.34
Europe ex-UK,Switzerland,Consumer Cyclical,Clothing & Durables,2017,17Q3,969759468.72
Europe ex-UK,Switzerland,Consumer Cyclical,Clothing & Durables,2018,18Q3,1035389907.54
Europe ex-UK,Switzerland,Consumer Cyclical,Clothing & Durables,2019,19q3,1051836159.6
Europe ex-UK,Switzerland,Consumer Cyclical,Clothing & Durables,2020,20Q3,573815547
Europe ex-UK,Switzerland,Consumer Cyclical,Clothing & Durables,2021,21q3,1131891436.8
Europe ex-UK,Switzerland,Consumer Cyclical,Clothing & Durables,2022,22Q3,1728124626.15
Europe ex-UK,Switzerland,Consumer Cyclical,Clothing & Durables,2023,23Q3,2016667447.2
Europe ex-UK,Switzerland,Consumer Cyclical,Clothing & Durables,2024,24q3,1743646403.62822
Europe ex-UK,Switzerland,Consumer Defensive,"Food, drink & Tobacco",2010,10Q2,5725471202.39429
Europe ex-UK,Switzerland,Consumer Defensive,"Food, drink & Tobacco",2011,11Q2,7735317720.78533
Europe ex-UK,Switzerland,Consumer Defensive,"Food, drink & Tobacco",2012,12Q2,7161862575
Europe ex-UK,Switzerland,Consumer Defensive,"Food, drink & Tobacco",2013,13Q2,7193308390.961
Europe ex-UK,Switzerland,Consumer Defensive,"Food, drink & Tobacco",2014,14Q2,7971785968.06785
Europe ex-UK,Switzerland,Consumer Defensive,"Food, drink & Tobacco",2015,15Q2,7452252854.66316
Europe ex-UK,Switzerland,Consumer Defensive,"Food, drink & Tobacco",2016,16Q2,7546001760.23504
Europe ex-UK,Switzerland,Consumer Defensive,"Food, drink & Tobacco",2017,17Q2,7243466611.57773
Europe ex-UK,Switzerland,Consumer Defensive,"Food, drink & Tobacco",2018,18Q2,7688555640.44899
Europe ex-UK,Switzerland,Consumer Defensive,"Food, drink & Tobacco",2019,19Q2,7572030697.1788
Europe ex-UK,Switzerland,Consumer Defensive,"Food, drink & Tobacco",2020,20Q2,8498238787.8686
Europe ex-UK,Switzerland,Consumer Defensive,"Food, drink & Tobacco",2021,21q2,8800437138.76668
Europe ex-UK,Switzerland,Consumer Defensive,"Food, drink & Tobacco",2022,22Q2,8599119980.15136
Europe ex-UK,Switzerland,Consumer Defensive,"Food, drink & Tobacco",2023,23Q2,9306390622.86319
Europe ex-UK,Switzerland,Consumer Defensive,"Food, drink & Tobacco",2024,24q2,8971552041.6342
Europe ex-UK,Switzerland,Consumer Defensive,"Food, drink & Tobacco",2025,25q2,9906809529.07155
Europe ex-UK,Switzerland,Financial,Banks,2010,10Q2,163143154.6731
Europe ex-UK,Switzerland,Financial,Banks,2010,10Q3,81897413.714283
Europe ex-UK,Switzerland,Financial,Banks,2011,11Q2,310938339.92304
Europe ex-UK,Switzerland,Financial,Banks,2012,12Q2,297133377.747456
Europe ex-UK,Switzerland,Financial,Banks,2013,13Q2,294732539.90544
Europe ex-UK,Switzerland,Financial,Banks,2014,14Q2,313629502.420992
Europe ex-UK,Switzerland,Financial,Banks,2015,15Q2,293554414.459008
Europe ex-UK,Switzerland,Financial,Banks,2016,16Q2,291930147.565452
Europe ex-UK,Switzerland,Financial,Banks,2017,17Q2,286641363.248658
Europe ex-UK,Switzerland,Financial,Banks,2018,18Q2,284188986.377208
Europe ex-UK,Switzerland,Financial,Banks,2019,19Q2,295847029.461774
Europe ex-UK,Switzerland,Financial,Banks,2020,20Q2,316873261.493892
Europe ex-UK,Switzerland,Financial,Banks,2021,21q2,339253035.500736
Europe ex-UK,Switzerland,Financial,Banks,2022,22Q2,321402010.795692
Europe ex-UK,Switzerland,Financial,Banks,2023,23Q2,367785901.437408
Europe ex-UK,Switzerland,Financial,Banks,2024,24q2,405107994.683619
Europe ex-UK,Switzerland,Financial,Banks,2025,25q2,451149530.226516
Europe ex-UK,Switzerland,Financial,General Financial,2010,10Q2,184450955.325027
Europe ex-UK,Switzerland,Financial,General Financial,2011,11Q2,289678593.761489
Europe ex-UK,Switzerland,Financial,General Financial,2012,12Q2,383994657.751353
Europe ex-UK,Switzerland,Financial,General Financial,2013,13Q2,313949239.703467
Europe ex-UK,Switzerland,Financial,General Financial,2014,14Q2,363940843.96785
Europe ex-UK,Switzerland,Financial,General Financial,2015,15Q2,3525050059.53201
Europe ex-UK,Switzerland,Financial,General Financial,2015,15Q3,988302024.129542
Europe ex-UK,Switzerland,Financial,General Financial,2016,16Q2,3893119321.17624
Europe ex-UK,Switzerland,Financial,General Financial,2017,17Q2,2970595194.59685
Europe ex-UK,Switzerland,Financial,General Financial,2018,18Q2,3325862198.46281
Europe ex-UK,Switzerland,Financial,General Financial,2019,19Q2,3568547992.95315
Europe ex-UK,Switzerland,Financial,General Financial,2020,20Q2,2263301030.81295
Europe ex-UK,Switzerland,Financial,General Financial,2020,20Q4,1595197896.66902
Europe ex-UK,Switzerland,Financial,General Financial,2021,21q2,2671614208.60048
Europe ex-UK,Switzerland,Financial,General Financial,2022,22Q2,3373386633.86386
Europe ex-UK,Switzerland,Financial,General Financial,2023,23Q2,3648784011.99806
Europe ex-UK,Switzerland,Financial,General Financial,2024,24q2,4154233231.36119
Europe ex-UK,Switzerland,Financial,General Financial,2025,25q2,5129013300.93369
Europe ex-UK,Switzerland,Financial,Insurance,2010,10Q2,2526896139.19846
Europe ex-UK,Switzerland,Financial,Insurance,2010,10Q3,74015411.063999
Europe ex-UK,Switzerland,Financial,Insurance,2011,11Q2,3130676267.82896
Europe ex-UK,Switzerland,Financial,Insurance,2011,11Q3,179837744.484
Europe ex-UK,Switzerland,Financial,Insurance,2012,12Q2,4498980775.51023
Europe ex-UK,Switzerland,Financial,Insurance,2013,13Q2,6254041594.71024
Europe ex-UK,Switzerland,Financial,Insurance,2014,14Q2,6873224983.26023
Europe ex-UK,Switzerland,Financial,Insurance,2015,15Q2,6126235344.26917
Europe ex-UK,Switzerland,Financial,Insurance,2016,16Q2,5167816616.07127
Europe ex-UK,Switzerland,Financial,Insurance,2017,17Q2,5143262473.46099
Europe ex-UK,Switzerland,Financial,Insurance,2018,18Q2,5565768666.38057
Europe ex-UK,Switzerland,Financial,Insurance,2019,19Q2,5808630829.86985
Europe ex-UK,Switzerland,Financial,Insurance,2020,20Q2,6184411552.74926
Europe ex-UK,Switzerland,Financial,Insurance,2020,20Q3,173416353.528575
Europe ex-UK,Switzerland,Financial,Insurance,2021,21q2,6677727109.61856
Europe ex-UK,Switzerland,Financial,Insurance,2022,22Q2,6961164734.49204
Europe ex-UK,Switzerland,Financial,Insurance,2023,23Q2,7838003222.05422
Europe ex-UK,Switzerland,Financial,Insurance,2024,24q2,8152165917.08782
Europe ex-UK,Switzerland,Financial,Insurance,2025,25q2,9438123823.11408
Europe ex-UK,Switzerland,Health,Healthcare,2010,10Q2,126428180.036505
Europe ex-UK,Switzerland,Health,Healthcare,2011,11Q1,64300855.7152211
Europe ex-UK,Switzerland,Health,Healthcare,2011,11Q2,96153799.8291856
Europe ex-UK,Switzerland,Health,Healthcare,2012,12Q2,146916738.847001
Europe ex-UK,Switzerland,Health,Healthcare,2013,13Q2,177624194.770294
Europe ex-UK,Switzerland,Health,Healthcare,2014,14Q2,208935785.950495
Europe ex-UK,Switzerland,Health,Healthcare,2015,15Q2,211221189.848796
Europe ex-UK,Switzerland,Health,Healthcare,2016,16Q2,210874379.769787
Europe ex-UK,Switzerland,Health,Healthcare,2017,17Q2,221668519.468182
Europe ex-UK,Switzerland,Health,Healthcare,2018,18Q2,249142270.00527
Europe ex-UK,Switzerland,Health,Healthcare,2019,19Q2,273465725.130973
Europe ex-UK,Switzerland,Health,Healthcare,2020,20Q2,94571605.1198512
Europe ex-UK,Switzerland,Health,Healthcare,2021,21q2,377681395.299267
Europe ex-UK,Switzerland,Health,Healthcare,2022,22Q2,503732499.831641
Europe ex-UK,Switzerland,Health,Healthcare,2023,23Q2,573484550.37674
Europe ex-UK,Switzerland,Health,Healthcare,2024,24q2,568586820.791153
Europe ex-UK,Switzerland,Health,Healthcare,2025,25q2,674604189.153535
Europe ex-UK,Switzerland,Health,Pharmaceuticals,2010,10Q1,6042857028.83529
Europe ex-UK,Switzerland,Health,Pharmaceuticals,2010,10Q2,87525044.2301235
Europe ex-UK,Switzerland,Health,Pharmaceuticals,2011,11Q1,7345620462.72428
Europe ex-UK,Switzerland,Health,Pharmaceuticals,2011,11Q2,126723063.105712
Europe ex-UK,Switzerland,Health,Pharmaceuticals,2012,12Q1,8015731054.12152
Europe ex-UK,Switzerland,Health,Pharmaceuticals,2012,12Q2,124674894.39809
Europe ex-UK,Switzerland,Health,Pharmaceuticals,2013,13Q1,7826444702.98068
Europe ex-UK,Switzerland,Health,Pharmaceuticals,2013,13Q2,122784558.949616
Europe ex-UK,Switzerland,Health,Pharmaceuticals,2014,14Q1,8901496875.25239
Europe ex-UK,Switzerland,Health,Pharmaceuticals,2014,14Q2,129146768.473614
Europe ex-UK,Switzerland,Health,Pharmaceuticals,2015,15Q1,8519300226.11188
Europe ex-UK,Switzerland,Health,Pharmaceuticals,2015,15Q2,136539914.71575
Europe ex-UK,Switzerland,Health,Pharmaceuticals,2016,16Q1,8554985240.0976
Europe ex-UK,Switzerland,Health,Pharmaceuticals,2016,16Q2,136441350.955
Europe ex-UK,Switzerland,Health,Pharmaceuticals,2017,17Q1,8460603439.06049
Europe ex-UK,Switzerland,Health,Pharmaceuticals,2017,17Q2,160694492.186069
Europe ex-UK,Switzerland,Health,Pharmaceuticals,2018,18Q1,9118318225.25749
Europe ex-UK,Switzerland,Health,Pharmaceuticals,2018,18Q2,204799327.932307
Europe ex-UK,Switzerland,Health,Pharmaceuticals,2019,19Q1,8614515100.79998
Europe ex-UK,Switzerland,Health,Pharmaceuticals,2019,19Q2,200901618.558876
Europe ex-UK,Switzerland,Health,Pharmaceuticals,2020,20Q1,9309122578.89168
Europe ex-UK,Switzerland,Health,Pharmaceuticals,2020,20Q2,210601678.032671
Europe ex-UK,Switzerland,Health,Pharmaceuticals,2021,21Q1,9486648460.01134
Europe ex-UK,Switzerland,Health,Pharmaceuticals,2021,21q2,245812026.86425
Europe ex-UK,Switzerland,Health,Pharmaceuticals,2022,22q1,9735758725.45916
Europe ex-UK,Switzerland,Health,Pharmaceuticals,2022,22Q2,225492066.168518
Europe ex-UK,Switzerland,Health,Pharmaceuticals,2023,23Q1,9527608704.51964
Europe ex-UK,Switzerland,Health,Pharmaceuticals,2023,23Q2,291430214.114413
Europe ex-UK,Switzerland,Health,Pharmaceuticals,2024,24q1,9713123187.53005
Europe ex-UK,Switzerland,Health,Pharmaceuticals,2024,24q2,543070428.081245
Europe ex-UK,Switzerland,Health,Pharmaceuticals,2025,25Q1,9830943754.77416
Europe ex-UK,Switzerland,Health,Pharmaceuticals,2025,25q2,707281840.194974
Europe ex-UK,Switzerland,Industrial,Machinery,2010,10Q1,135670925.87202
Europe ex-UK,Switzerland,Industrial,Machinery,2010,10Q2,235872836.592783
Europe ex-UK,Switzerland,Industrial,Machinery,2010,10Q3,1128866207.51313
Europe ex-UK,Switzerland,Industrial,Machinery,2011,11Q1,238144324.095
Europe ex-UK,Switzerland,Industrial,Machinery,2011,11Q2,1868094656.56932
Europe ex-UK,Switzerland,Industrial,Machinery,2012,12Q1,158745326.14918
Europe ex-UK,Switzerland,Industrial,Machinery,2012,12Q2,1820084410.25239
Europe ex-UK,Switzerland,Industrial,Machinery,2013,13Q2,2126364201.44278
Europe ex-UK,Switzerland,Industrial,Machinery,2014,14Q1,176367339.317456
Europe ex-UK,Switzerland,Industrial,Machinery,2014,14Q2,2168431006.61198
Europe ex-UK,Switzerland,Industrial,Machinery,2015,15Q1,295961421.417823
Europe ex-UK,Switzerland,Industrial,Machinery,2015,15Q2,1705629422.09379
Europe ex-UK,Switzerland,Industrial,Machinery,2015,15Q3,408646708.637186
Europe ex-UK,Switzerland,Industrial,Machinery,2016,16Q1,191035782.137584
Europe ex-UK,Switzerland,Industrial,Machinery,2016,16Q2,331738361.754058
Europe ex-UK,Switzerland,Industrial,Machinery,2016,16Q3,1665558856.10076
Europe ex-UK,Switzerland,Industrial,Machinery,2017,17Q1,338843492.791752
Europe ex-UK,Switzerland,Industrial,Machinery,2017,17Q2,2176969341.68466
Europe ex-UK,Switzerland,Industrial,Machinery,2018,18Q1,284196378.069718
Europe ex-UK,Switzerland,Industrial,Machinery,2018,18Q2,2283833397.05062
Europe ex-UK,Switzerland,Industrial,Machinery,2019,19Q2,2491414085.50019
Europe ex-UK,Switzerland,Industrial,Machinery,2020,20Q1,274261295.175171
Europe ex-UK,Switzerland,Industrial,Machinery,2020,20Q2,2346216263.87782
Europe ex-UK,Switzerland,Industrial,Machinery,2021,21Q1,2128763490.39996
Europe ex-UK,Switzerland,Industrial,Machinery,2021,21q2,612598679.794611
Europe ex-UK,Switzerland,Industrial,Machinery,2022,22q1,2112302068.88928
Europe ex-UK,Switzerland,Industrial,Machinery,2022,22Q2,643019395.348853
Europe ex-UK,Switzerland,Industrial,Machinery,2023,23Q1,1794873019.34099
Europe ex-UK,Switzerland,Industrial,Machinery,2023,23Q2,1008882427.85234
Europe ex-UK,Switzerland,Industrial,Machinery,2024,24q1,2181297962.42471
Europe ex-UK,Switzerland,Industrial,Machinery,2024,24q2,697094257.287421
Europe ex-UK,Switzerland,Industrial,Machinery,2025,25Q1,2352724177.82897
Europe ex-UK,Switzerland,Industrial,Machinery,2025,25q2,772277131.232536
Europe ex-UK,Switzerland,Industrial,Support Services,2010,10Q1,441612852.108682
Europe ex-UK,Switzerland,Industrial,Support Services,2011,11Q1,562329501.123
Europe ex-UK,Switzerland,Industrial,Support Services,2012,12Q1,558132126.680466
Europe ex-UK,Switzerland,Industrial,Support Services,2013,13Q1,478360769.665118
Europe ex-UK,Switzerland,Industrial,Support Services,2014,14Q1,575569756.2966
Europe ex-UK,Switzerland,Industrial,Support Services,2015,15Q1,534652352.064213
Europe ex-UK,Switzerland,Industrial,Support Services,2016,16Q1,549339776.671659
Europe ex-UK,Switzerland,Industrial,Support Services,2017,17Q1,556841929.287588
Europe ex-UK,Switzerland,Industrial,Support Services,2018,18Q1,604827742.98375
Europe ex-UK,Switzerland,Industrial,Support Services,2019,19Q1,598332988.989466
Europe ex-UK,Switzerland,Industrial,Support Services,2020,20Q1,630576222.93552
Europe ex-UK,Switzerland,Industrial,Support Services,2021,21q2,644680805.262624
Europe ex-UK,Switzerland,Industrial,Support Services,2022,22Q2,648464352.495168
Europe ex-UK,Switzerland,Industrial,Support Services,2023,23Q2,656918688.630912
Europe ex-UK,Switzerland,Industrial,Support Services,2024,24q2,656271597.54816
Europe ex-UK,Switzerland,Industrial,Support Services,2025,25q2,733398351.566665
Europe ex-UK,Switzerland,Industrial,Transport,2010,10Q2,238228806.6
Europe ex-UK,Switzerland,Industrial,Transport,2011,11Q2,576662151
Europe ex-UK,Switzerland,Industrial,Transport,2012,12Q2,491437115.4
Europe ex-UK,Switzerland,Industrial,Transport,2013,13Q2,438711042
Europe ex-UK,Switzerland,Industrial,Transport,2014,14Q2,788941366.2
Europe ex-UK,Switzerland,Industrial,Transport,2015,15Q2,907421424
Europe ex-UK,Switzerland,Industrial,Transport,2016,16Q2,618206220
Europe ex-UK,Switzerland,Industrial,Transport,2017,17Q2,662218392
Europe ex-UK,Switzerland,Industrial,Transport,2018,18Q2,688828932
Europe ex-UK,Switzerland,Industrial,Transport,2019,19Q2,715527936
Europe ex-UK,Switzerland,Industrial,Transport,2020,20Q3,
Europe ex-UK,Switzerland,Industrial,Transport,2021,21q2,600300126
Europe ex-UK,Switzerland,Industrial,Transport,2022,22Q2,1211839925.02694
Europe ex-UK,Switzerland,Industrial,Transport,2023,23Q2,1887725873.17458
Europe ex-UK,Switzerland,Industrial,Transport,2024,24q2,1332529104.75304
Europe ex-UK,Switzerland,Industrial,Transport,2025,25q2,1183790354.80909
Europe ex-UK,Switzerland,Media & Telecommunications,Telecoms,2010,10Q2,942581938.59484
Europe ex-UK,Switzerland,Media & Telecommunications,Telecoms,2011,11Q2,1252623337.96379
Europe ex-UK,Switzerland,Media & Telecommunications,Telecoms,2012,12Q2,1239887659.33083
Europe ex-UK,Switzerland,Media & Telecommunications,Telecoms,2013,13Q2,1226345398.54438
Europe ex-UK,Switzerland,Media & Telecommunications,Telecoms,2014,14Q2,1296448128.81481
Europe ex-UK,Switzerland,Media & Telecommunications,Telecoms,2015,15Q2,1171327207.58857
Europe ex-UK,Switzerland,Media & Telecommunications,Telecoms,2016,16Q2,1190724838.83968
Europe ex-UK,Switzerland,Media & Telecommunications,Telecoms,2017,17Q2,1132001726.29876
Europe ex-UK,Switzerland,Media & Telecommunications,Telecoms,2018,18Q2,1191845563.5161
Europe ex-UK,Switzerland,Media & Telecommunications,Telecoms,2019,19Q2,1140669222.22132
Europe ex-UK,Switzerland,Media & Telecommunications,Telecoms,2020,20Q2,1186201140.92371
Europe ex-UK,Switzerland,Media & Telecommunications,Telecoms,2021,21q2,1231447009.29685
Europe ex-UK,Switzerland,Media & Telecommunications,Telecoms,2022,22Q2,1227732571.69482
Europe ex-UK,Switzerland,Media & Telecommunications,Telecoms,2023,23Q2,1248581424.01869
Europe ex-UK,Switzerland,Media & Telecommunications,Telecoms,2024,24q2,1259691345.29234
Europe ex-UK,Switzerland,Media & Telecommunications,Telecoms,2025,25q2,1291160414.40192
Europe ex-UK,Switzerland,Mining & Chemicals,Mining & Chemicals,2010,10Q2,612819781.641318
Europe ex-UK,Switzerland,Mining & Chemicals,Mining & Chemicals,2010,10Q3,225643004.669836
Europe ex-UK,Switzerland,Mining & Chemicals,Mining & Chemicals,2011,11Q1,141049754.802622
Europe ex-UK,Switzerland,Mining & Chemicals,Mining & Chemicals,2011,11Q2,553945554.548982
Europe ex-UK,Switzerland,Mining & Chemicals,Mining & Chemicals,2011,11Q3,371820991.48272
Europe ex-UK,Switzerland,Mining & Chemicals,Mining & Chemicals,2012,12Q1,223893856.6762
Europe ex-UK,Switzerland,Mining & Chemicals,Mining & Chemicals,2012,12Q2,359376343.03872
Europe ex-UK,Switzerland,Mining & Chemicals,Mining & Chemicals,2012,12Q3,167637539.286927
Europe ex-UK,Switzerland,Mining & Chemicals,Mining & Chemicals,2013,13Q1,351031285.135202
Europe ex-UK,Switzerland,Mining & Chemicals,Mining & Chemicals,2013,13Q2,396907622.302626
Europe ex-UK,Switzerland,Mining & Chemicals,Mining & Chemicals,2013,13Q3,252649496.685456
Europe ex-UK,Switzerland,Mining & Chemicals,Mining & Chemicals,2014,14Q1,489403503.921571
Europe ex-UK,Switzerland,Mining & Chemicals,Mining & Chemicals,2014,14Q2,485679347.201431
Europe ex-UK,Switzerland,Mining & Chemicals,Mining & Chemicals,2014,14Q3,284569515.941968
Europe ex-UK,Switzerland,Mining & Chemicals,Mining & Chemicals,2015,15Q1,482045728.30434
Europe ex-UK,Switzerland,Mining & Chemicals,Mining & Chemicals,2015,15Q2,445948914.136512
Europe ex-UK,Switzerland,Mining & Chemicals,Mining & Chemicals,2015,15Q3,287511086.165347
Europe ex-UK,Switzerland,Mining & Chemicals,Mining & Chemicals,2016,16Q1,512239259.049588
Europe ex-UK,Switzerland,Mining & Chemicals,Mining & Chemicals,2016,16Q2,919605631.47024
Europe ex-UK,Switzerland,Mining & Chemicals,Mining & Chemicals,2016,16Q3,366292983.020406
Europe ex-UK,Switzerland,Mining & Chemicals,Mining & Chemicals,2017,17Q1,518610754.718381
Europe ex-UK,Switzerland,Mining & Chemicals,Mining & Chemicals,2017,17Q2,1203707054.7272
Europe ex-UK,Switzerland,Mining & Chemicals,Mining & Chemicals,2017,17Q3,412397937.878108
Europe ex-UK,Switzerland,Mining & Chemicals,Mining & Chemicals,2018,18Q1,561606574.890506
Europe ex-UK,Switzerland,Mining & Chemicals,Mining & Chemicals,2018,18Q2,1213029627.30872
Europe ex-UK,Switzerland,Mining & Chemicals,Mining & Chemicals,2018,18Q3,435024365.450717
Europe ex-UK,Switzerland,Mining & Chemicals,Mining & Chemicals,2019,19Q1,555765792.504084
Europe ex-UK,Switzerland,Mining & Chemicals,Mining & Chemicals,2019,19Q2,1537516608.81415
Europe ex-UK,Switzerland,Mining & Chemicals,Mining & Chemicals,2019,19q3,473365089.802653
Europe ex-UK,Switzerland,Mining & Chemicals,Mining & Chemicals,2020,20Q1,591682416.195316
Europe ex-UK,Switzerland,Mining & Chemicals,Mining & Chemicals,2020,20Q2,1611863316.45273
Europe ex-UK,Switzerland,Mining & Chemicals,Mining & Chemicals,2020,20Q3,514101079.834264
Europe ex-UK,Switzerland,Mining & Chemicals,Mining & Chemicals,2021,21Q1,1255803034.78034
Europe ex-UK,Switzerland,Mining & Chemicals,Mining & Chemicals,2021,21q2,1743185954.72001
Europe ex-UK,Switzerland,Mining & Chemicals,Mining & Chemicals,2021,21q3,430527323.123066
Europe ex-UK,Switzerland,Mining & Chemicals,Mining & Chemicals,2022,22q1,660757532.344628
Europe ex-UK,Switzerland,Mining & Chemicals,Mining & Chemicals,2022,22Q2,1791622580.73422
Europe ex-UK,Switzerland,Mining & Chemicals,Mining & Chemicals,2022,22Q3,514663997.604557
Europe ex-UK,Switzerland,Mining & Chemicals,Mining & Chemicals,2023,23Q1,672811545.812445
Europe ex-UK,Switzerland,Mining & Chemicals,Mining & Chemicals,2023,23Q2,2255709916.44841
Europe ex-UK,Switzerland,Mining & Chemicals,Mining & Chemicals,2023,23Q3,532567372.333048
Europe ex-UK,Switzerland,Mining & Chemicals,Mining & Chemicals,2024,24q1,693296347.765946
Europe ex-UK,Switzerland,Mining & Chemicals,Mining & Chemicals,2024,24q2,2085168296.03825
Europe ex-UK,Switzerland,Mining & Chemicals,Mining & Chemicals,2024,24q3,429624523.014586
Europe ex-UK,Switzerland,Mining & Chemicals,Mining & Chemicals,2025,25Q1,731207666.106414
Europe ex-UK,Switzerland,Mining & Chemicals,Mining & Chemicals,2025,25q2,2492226110.07272
Europe ex-UK,Switzerland,Property,Property,2011,11Q2,217948138.373806
Europe ex-UK,Switzerland,Property,Property,2012,12Q2,216070392.506209
Europe ex-UK,Switzerland,Property,Property,2013,13Q2,456351531.961263
Europe ex-UK,Switzerland,Property,Property,2014,14Q2,247231663.42456
Europe ex-UK,Switzerland,Property,Property,2015,15Q2,246904744.264367
Europe ex-UK,Switzerland,Property,Property,2016,16Q2,268832646.177875
Europe ex-UK,Switzerland,Property,Property,2017,17Q2,265787635.27588
Europe ex-UK,Switzerland,Property,Property,2018,18Q2,282012034.222807
Europe ex-UK,Switzerland,Property,Property,2019,19Q2,288668304.091163
Europe ex-UK,Switzerland,Property,Property,2020,20Q2,298061283.408866
Europe ex-UK,Switzerland,Property,Property,2021,21Q1,271077089.306608
Europe ex-UK,Switzerland,Property,Property,2022,22q1,139329568.333212
Europe ex-UK,Switzerland,Property,Property,2022,22Q2,128883878.334238
Europe ex-UK,Switzerland,Property,Property,2023,23Q1,285652133.702872
Europe ex-UK,Switzerland,Property,Property,2024,24q1,289600596.285591
Europe ex-UK,Switzerland,Property,Property,2025,25Q1,313824186.289453
Europe ex-UK,Switzerland,Technology,IT Hardware,2012,12Q3,132733804.311753
Europe ex-UK,Switzerland,Technology,IT Hardware,2013,13Q3,36753668.11
Europe ex-UK,Switzerland,Technology,IT Hardware,2014,14Q4,46240240.3344
Europe ex-UK,Switzerland,Technology,IT Hardware,2015,15Q3,91011428.8028969
Europe ex-UK,Switzerland,Technology,IT Hardware,2016,16Q3,98940956.3775658
Europe ex-UK,Switzerland,Technology,IT Hardware,2017,17Q3,100955993.22768
Europe ex-UK,Switzerland,Technology,IT Hardware,2018,18Q3,120680559.064091
Europe ex-UK,Switzerland,Technology,IT Hardware,2019,19q3,122430115.242789
Europe ex-UK,Switzerland,Technology,IT Hardware,2020,20Q3,149506745.201094
Europe ex-UK,Switzerland,Technology,IT Hardware,2021,21q3,164049774.916623
Europe ex-UK,Switzerland,Technology,IT Hardware,2022,22Q3,169693696.144555
Europe ex-UK,Switzerland,Technology,IT Hardware,2023,23Q3,199481461.062101
Europe ex-UK,Switzerland,Technology,IT Hardware,2024,24q3,236545730.079204
Europe ex-UK,Switzerland,Utilities,Utilities,2012,12Q2,56134383.36
Europe ex-UK,Switzerland,Utilities,Utilities,2013,13Q2,65838826.944
Europe ex-UK,Switzerland,Utilities,Utilities,2014,14Q2,71083191.168
Europe ex-UK,Switzerland,Utilities,Utilities,2015,15Q2,92237147.904
Europe ex-UK,Switzerland,Utilities,Utilities,2016,16Q2,85135547.904
Europe ex-UK,Switzerland,Utilities,Utilities,2017,17Q2,86340638.208
Europe ex-UK,Switzerland,Utilities,Utilities,2018,18Q2,95859596.448
Europe ex-UK,Switzerland,Utilities,Utilities,2019,19Q2,94487256.864
Europe ex-UK,Switzerland,Utilities,Utilities,2020,20Q2,119469293.856
Europe ex-UK,Switzerland,Utilities,Utilities,2021,21q2,140355553.536
Europe ex-UK,Switzerland,Utilities,Utilities,2022,22Q2,140756684.64
Europe ex-UK,Switzerland,Utilities,Utilities,2023,23Q2,237851045.784
Europe ex-UK,Switzerland,Utilities,Utilities,2024,24q2,196303989.024
Europe ex-UK,Switzerland,Utilities,Utilities,2025,25q2,237072993.696
Japan,Japan,Consumer Cyclical,Auto,2010,10Q1,276088609.66648
Japan,Japan,Consumer Cyclical,Auto,2010,10Q2,1284663052.79765
Japan,Japan,Consumer Cyclical,Auto,2010,10Q3,356329627.123137
Japan,Japan,Consumer Cyclical,Auto,2010,10Q4,1519864782.86125
Japan,Japan,Consumer Cyclical,Auto,2011,11Q1,430338345.981378
Japan,Japan,Consumer Cyclical,Auto,2011,11Q2,1784975616.27671
Japan,Japan,Consumer Cyclical,Auto,2011,11Q3,459765574.165948
Japan,Japan,Consumer Cyclical,Auto,2011,11Q4,1753100606.34371
Japan,Japan,Consumer Cyclical,Auto,2012,12Q1,454472307.372042
Japan,Japan,Consumer Cyclical,Auto,2012,12Q2,2166122252.37925
Japan,Japan,Consumer Cyclical,Auto,2012,12Q3,603834814.428795
Japan,Japan,Consumer Cyclical,Auto,2012,12Q4,2248625191.9038
Japan,Japan,Consumer Cyclical,Auto,2013,13Q1,513201445.644827
Japan,Japan,Consumer Cyclical,Auto,2013,13Q2,2835564303.2074
Japan,Japan,Consumer Cyclical,Auto,2013,13Q3,588634920.11089
Japan,Japan,Consumer Cyclical,Auto,2013,13Q4,3343087580.18584
Japan,Japan,Consumer Cyclical,Auto,2014,14Q1,593309446.190693
Japan,Japan,Consumer Cyclical,Auto,2014,14Q2,4403632014.65353
Japan,Japan,Consumer Cyclical,Auto,2014,14Q3,695349322.687719
Japan,Japan,Consumer Cyclical,Auto,2014,14Q4,3245645295.86351
Japan,Japan,Consumer Cyclical,Auto,2015,15Q1,742575912.277544
Japan,Japan,Consumer Cyclical,Auto,2015,15Q2,4751359183.23651
Japan,Japan,Consumer Cyclical,Auto,2015,15Q3,739333433.633294
Japan,Japan,Consumer Cyclical,Auto,2015,15Q4,4286313873.90613
Japan,Japan,Consumer Cyclical,Auto,2016,16Q1,855060798.35607
Japan,Japan,Consumer Cyclical,Auto,2016,16Q2,5156774406.10884
Japan,Japan,Consumer Cyclical,Auto,2016,16Q3,947889691.78915
Japan,Japan,Consumer Cyclical,Auto,2016,16Q4,4525811208.42888
Japan,Japan,Consumer Cyclical,Auto,2017,17Q1,903976113.775725
Japan,Japan,Consumer Cyclical,Auto,2017,17Q2,5001257576.60062
Japan,Japan,Consumer Cyclical,Auto,2017,17Q3,914428855.069917
Japan,Japan,Consumer Cyclical,Auto,2017,17Q4,4751599820.01621
Japan,Japan,Consumer Cyclical,Auto,2018,18Q1,1043583247.01468
Japan,Japan,Consumer Cyclical,Auto,2018,18Q2,5514375102.82228
Japan,Japan,Consumer Cyclical,Auto,2018,18Q3,988710127.626728
Japan,Japan,Consumer Cyclical,Auto,2018,18Q4,4752614259.41476
Japan,Japan,Consumer Cyclical,Auto,2019,19Q1,1008965089.77127
Japan,Japan,Consumer Cyclical,Auto,2019,19Q2,5563953566.81109
Japan,Japan,Consumer Cyclical,Auto,2019,19q3,1051148117.5317
Japan,Japan,Consumer Cyclical,Auto,2019,19Q4,4949910822.64253
Japan,Japan,Consumer Cyclical,Auto,2020,20Q1,1019449998.39465
Japan,Japan,Consumer Cyclical,Auto,2020,20Q2,5304938553.348
Japan,Japan,Consumer Cyclical,Auto,2020,20Q3,524069813.469951
Japan,Japan,Consumer Cyclical,Auto,2020,20Q4,4735543934.66594
Japan,Japan,Consumer Cyclical,Auto,2021,21Q1,822764982.442714
Japan,Japan,Consumer Cyclical,Auto,2021,21q2,6104637839.81274
Japan,Japan,Consumer Cyclical,Auto,2021,21q3,551469019.972647
Japan,Japan,Consumer Cyclical,Auto,2021,21Q4,5592638737.47144
Japan,Japan,Consumer Cyclical,Auto,2022,22q1,497004324.976079
Japan,Japan,Consumer Cyclical,Auto,2022,22Q2,5699363898.8256
Japan,Japan,Consumer Cyclical,Auto,2022,22Q3,433254860.401444
Japan,Japan,Consumer Cyclical,Auto,2022,22Q4,4928473808.71339
Japan,Japan,Consumer Cyclical,Auto,2023,23Q1,484757855.873243
Japan,Japan,Consumer Cyclical,Auto,2023,23Q2,6121530670.01644
Japan,Japan,Consumer Cyclical,Auto,2023,23Q3,488733975.717167
Japan,Japan,Consumer Cyclical,Auto,2023,23q4,5669862463.79919
Japan,Japan,Consumer Cyclical,Auto,2024,24q1,471476966.842853
Japan,Japan,Consumer Cyclical,Auto,2024,24q2,7583116144.45098
Japan,Japan,Consumer Cyclical,Auto,2024,24q3,509888496.285947
Japan,Japan,Consumer Cyclical,Auto,2024,24q4,6891470702.62546
Japan,Japan,Consumer Cyclical,Auto,2025,25Q1,497416692.671191
Japan,Japan,Consumer Cyclical,Auto,2025,25q2,8613823832.87403
Japan,Japan,Consumer Cyclical,Clothing & Durables,2010,10Q1,31632881.9326617
Japan,Japan,Consumer Cyclical,Clothing & Durables,2010,10Q2,325837608.17113
Japan,Japan,Consumer Cyclical,Clothing & Durables,2010,10Q3,139653250.461547
Japan,Japan,Consumer Cyclical,Clothing & Durables,2010,10Q4,331803613.258694
Japan,Japan,Consumer Cyclical,Clothing & Durables,2011,11Q1,34927065.92869
Japan,Japan,Consumer Cyclical,Clothing & Durables,2011,11Q2,435346370.306561
Japan,Japan,Consumer Cyclical,Clothing & Durables,2011,11Q3,125081775.985057
Japan,Japan,Consumer Cyclical,Clothing & Durables,2011,11Q4,355063483.206798
Japan,Japan,Consumer Cyclical,Clothing & Durables,2012,12Q1,34763960.2863
Japan,Japan,Consumer Cyclical,Clothing & Durables,2012,12Q2,466463770.004903
Japan,Japan,Consumer Cyclical,Clothing & Durables,2012,12Q3,148759012.993748
Japan,Japan,Consumer Cyclical,Clothing & Durables,2012,12Q4,184969269.871358
Japan,Japan,Consumer Cyclical,Clothing & Durables,2013,13Q1,36981500.649
Japan,Japan,Consumer Cyclical,Clothing & Durables,2013,13Q2,336734216.011275
Japan,Japan,Consumer Cyclical,Clothing & Durables,2013,13Q3,178532041.417642
Japan,Japan,Consumer Cyclical,Clothing & Durables,2013,13Q4,268856038.802856
Japan,Japan,Consumer Cyclical,Clothing & Durables,2014,14Q1,39186978.85584
Japan,Japan,Consumer Cyclical,Clothing & Durables,2014,14Q2,553804935.051336
Japan,Japan,Consumer Cyclical,Clothing & Durables,2014,14Q3,202906237.768339
Japan,Japan,Consumer Cyclical,Clothing & Durables,2014,14Q4,185946353.882413
Japan,Japan,Consumer Cyclical,Clothing & Durables,2015,15Q1,80012005.3910667
Japan,Japan,Consumer Cyclical,Clothing & Durables,2015,15Q2,432432055.277623
Japan,Japan,Consumer Cyclical,Clothing & Durables,2015,15Q3,220283248.636222
Japan,Japan,Consumer Cyclical,Clothing & Durables,2015,15Q4,323973954.769101
Japan,Japan,Consumer Cyclical,Clothing & Durables,2016,16Q1,105390934.333439
Japan,Japan,Consumer Cyclical,Clothing & Durables,2016,16Q2,719958919.609608
Japan,Japan,Consumer Cyclical,Clothing & Durables,2016,16Q3,293253219.490544
Japan,Japan,Consumer Cyclical,Clothing & Durables,2016,16Q4,349045711.736957
Japan,Japan,Consumer Cyclical,Clothing & Durables,2017,17Q1,106938825.72931
Japan,Japan,Consumer Cyclical,Clothing & Durables,2017,17Q2,791224394.091492
Japan,Japan,Consumer Cyclical,Clothing & Durables,2017,17Q3,292635706.494597
Japan,Japan,Consumer Cyclical,Clothing & Durables,2017,17Q4,382981155.677693
Japan,Japan,Consumer Cyclical,Clothing & Durables,2018,18Q1,111838864.56703
Japan,Japan,Consumer Cyclical,Clothing & Durables,2018,18Q2,1100668297.3722
Japan,Japan,Consumer Cyclical,Clothing & Durables,2018,18Q3,323273301.769235
Japan,Japan,Consumer Cyclical,Clothing & Durables,2018,18Q4,527108896.100132
Japan,Japan,Consumer Cyclical,Clothing & Durables,2019,19Q1,86772630.2395855
Japan,Japan,Consumer Cyclical,Clothing & Durables,2019,19Q2,1084339814.24965
Japan,Japan,Consumer Cyclical,Clothing & Durables,2019,19q3,344834133.446519
Japan,Japan,Consumer Cyclical,Clothing & Durables,2019,19Q4,610059179.788101
Japan,Japan,Consumer Cyclical,Clothing & Durables,2020,20Q1,159100557.523013
Japan,Japan,Consumer Cyclical,Clothing & Durables,2020,20Q2,1129956062.22731
Japan,Japan,Consumer Cyclical,Clothing & Durables,2020,20Q3,359656815.974889
Japan,Japan,Consumer Cyclical,Clothing & Durables,2020,20Q4,581839046.887647
Japan,Japan,Consumer Cyclical,Clothing & Durables,2021,21Q1,274361978.138543
Japan,Japan,Consumer Cyclical,Clothing & Durables,2021,21q2,996446328.134319
Japan,Japan,Consumer Cyclical,Clothing & Durables,2021,21q3,383585450.87972
Japan,Japan,Consumer Cyclical,Clothing & Durables,2021,21Q4,705928825.301097
Japan,Japan,Consumer Cyclical,Clothing & Durables,2022,22q1,107882613.488913
Japan,Japan,Consumer Cyclical,Clothing & Durables,2022,22Q2,1178463952.6935
Japan,Japan,Consumer Cyclical,Clothing & Durables,2022,22Q3,343564878.517926
Japan,Japan,Consumer Cyclical,Clothing & Durables,2022,22Q4,632393220.465802
Japan,Japan,Consumer Cyclical,Clothing & Durables,2023,23Q1,132855449.076653
Japan,Japan,Consumer Cyclical,Clothing & Durables,2023,23Q2,1765921318.46567
Japan,Japan,Consumer Cyclical,Clothing & Durables,2023,23Q3,382373252.663316
Japan,Japan,Consumer Cyclical,Clothing & Durables,2023,23q4,672288422.038881
Japan,Japan,Consumer Cyclical,Clothing & Durables,2024,24q1,134916547.243193
Japan,Japan,Consumer Cyclical,Clothing & Durables,2024,24q2,1114932441.7823
Japan,Japan,Consumer Cyclical,Clothing & Durables,2024,24q3,603022030.956703
Japan,Japan,Consumer Cyclical,Clothing & Durables,2024,24q4,2452877226.55027
Japan,Japan,Consumer Cyclical,Clothing & Durables,2025,25Q1,142413520.922091
Japan,Japan,Consumer Cyclical,Clothing & Durables,2025,25q2,1516917921.53296
Japan,Japan,Consumer Cyclical,General Retail,2010,10Q1,7980299.87093388
Japan,Japan,Consumer Cyclical,General Retail,2010,10Q2,147961037.770293
Japan,Japan,Consumer Cyclical,General Retail,2010,10Q3,12916465.1227263
Japan,Japan,Consumer Cyclical,General Retail,2010,10Q4,162854424.322849
Japan,Japan,Consumer Cyclical,General Retail,2011,11Q1,9483202.2864956
Japan,Japan,Consumer Cyclical,General Retail,2011,11Q2,152288506.468428
Japan,Japan,Consumer Cyclical,General Retail,2011,11Q3,18126565.6269733
Japan,Japan,Consumer Cyclical,General Retail,2011,11Q4,145396831.302708
Japan,Japan,Consumer Cyclical,General Retail,2012,12Q1,9340612.3242486
Japan,Japan,Consumer Cyclical,General Retail,2012,12Q2,200974637.658089
Japan,Japan,Consumer Cyclical,General Retail,2012,12Q3,20840497.6668857
Japan,Japan,Consumer Cyclical,General Retail,2012,12Q4,199895206.327297
Japan,Japan,Consumer Cyclical,General Retail,2013,13Q1,8164650.6209918
Japan,Japan,Consumer Cyclical,General Retail,2013,13Q2,172317555.748794
Japan,Japan,Consumer Cyclical,General Retail,2013,13Q3,18133840.7381635
Japan,Japan,Consumer Cyclical,General Retail,2013,13Q4,183283897.913471
Japan,Japan,Consumer Cyclical,General Retail,2014,14Q1,59048697.7130408
Japan,Japan,Consumer Cyclical,General Retail,2014,14Q2,217181803.436764
Japan,Japan,Consumer Cyclical,General Retail,2014,14Q3,18632426.2459046
Japan,Japan,Consumer Cyclical,General Retail,2014,14Q4,161325482.671735
Japan,Japan,Consumer Cyclical,General Retail,2015,15Q1,56408914.1628128
Japan,Japan,Consumer Cyclical,General Retail,2015,15Q2,182604547.736294
Japan,Japan,Consumer Cyclical,General Retail,2015,15Q3,39493741.5037992
Japan,Japan,Consumer Cyclical,General Retail,2015,15Q4,179565455.484235
Japan,Japan,Consumer Cyclical,General Retail,2016,16Q1,63675554.1522867
Japan,Japan,Consumer Cyclical,General Retail,2016,16Q2,216620075.337404
Japan,Japan,Consumer Cyclical,General Retail,2016,16Q3,26447667.2372136
Japan,Japan,Consumer Cyclical,General Retail,2016,16Q4,202481226.157459
Japan,Japan,Consumer Cyclical,General Retail,2017,17Q1,63347971.7633532
Japan,Japan,Consumer Cyclical,General Retail,2017,17Q2,213238932.722602
Japan,Japan,Consumer Cyclical,General Retail,2017,17Q3,29469934.751885
Japan,Japan,Consumer Cyclical,General Retail,2017,17Q4,209041785.326227
Japan,Japan,Consumer Cyclical,General Retail,2018,18Q1,68143560.8579772
Japan,Japan,Consumer Cyclical,General Retail,2018,18Q2,243145754.738763
Japan,Japan,Consumer Cyclical,General Retail,2018,18Q3,37714925.242337
Japan,Japan,Consumer Cyclical,General Retail,2018,18Q4,271857348.506351
Japan,Japan,Consumer Cyclical,General Retail,2019,19Q1,72417361.4776022
Japan,Japan,Consumer Cyclical,General Retail,2019,19Q2,284621428.837603
Japan,Japan,Consumer Cyclical,General Retail,2019,19q3,44105821.7211288
Japan,Japan,Consumer Cyclical,General Retail,2019,19Q4,290141527.38189
Japan,Japan,Consumer Cyclical,General Retail,2020,20Q1,77294201.3633779
Japan,Japan,Consumer Cyclical,General Retail,2020,20Q2,294209034.065618
Japan,Japan,Consumer Cyclical,General Retail,2020,20Q3,72078212.4809702
Japan,Japan,Consumer Cyclical,General Retail,2020,20Q4,308229091.688858
Japan,Japan,Consumer Cyclical,General Retail,2021,21Q1,76521017.1097164
Japan,Japan,Consumer Cyclical,General Retail,2021,21q2,304603098.439533
Japan,Japan,Consumer Cyclical,General Retail,2021,21q3,73895774.4514663
Japan,Japan,Consumer Cyclical,General Retail,2021,21Q4,294485143.858628
Japan,Japan,Consumer Cyclical,General Retail,2022,22q1,75898266.4273474
Japan,Japan,Consumer Cyclical,General Retail,2022,22Q2,289217605.736084
Japan,Japan,Consumer Cyclical,General Retail,2022,22Q3,61419312.9382374
Japan,Japan,Consumer Cyclical,General Retail,2022,22Q4,300966111.083901
Japan,Japan,Consumer Cyclical,General Retail,2023,23Q1,73166293.360359
Japan,Japan,Consumer Cyclical,General Retail,2023,23Q2,353806390.04092
Japan,Japan,Consumer Cyclical,General Retail,2023,23Q3,67970343.8602829
Japan,Japan,Consumer Cyclical,General Retail,2023,23q4,404982329.936884
Japan,Japan,Consumer Cyclical,General Retail,2024,24q1,20970466.1291448
Japan,Japan,Consumer Cyclical,General Retail,2024,24q2,410331210.999014
Japan,Japan,Consumer Cyclical,General Retail,2024,24q3,110979892.555977
Japan,Japan,Consumer Cyclical,General Retail,2024,24q4,528042749.608205
Japan,Japan,Consumer Cyclical,General Retail,2025,25Q1,38164646.4571388
Japan,Japan,Consumer Cyclical,General Retail,2025,25q2,575328881.998591
Japan,Japan,Consumer Cyclical,Household services,2010,10Q2,61649366.3309088
Japan,Japan,Consumer Cyclical,Household services,2010,10Q4,54733050.55523
Japan,Japan,Consumer Cyclical,Household services,2011,11Q2,56291817.488736
Japan,Japan,Consumer Cyclical,Household services,2011,11Q4,58399729.28708
Japan,Japan,Consumer Cyclical,Household services,2012,12Q2,56976150.532173
Japan,Japan,Consumer Cyclical,Household services,2012,12Q4,66253978.3455384
Japan,Japan,Consumer Cyclical,Household services,2013,13Q2,54918732.566418
Japan,Japan,Consumer Cyclical,Household services,2013,13Q4,52905516.593484
Japan,Japan,Consumer Cyclical,Household services,2014,14Q2,53850770.9591844
Japan,Japan,Consumer Cyclical,Household services,2014,14Q4,52641149.3069546
Japan,Japan,Consumer Cyclical,Household services,2015,15Q2,207543408.521092
Japan,Japan,Consumer Cyclical,Household services,2015,15Q4,51635386.9001096
Japan,Japan,Consumer Cyclical,Household services,2016,16Q2,62038970.3240342
Japan,Japan,Consumer Cyclical,Household services,2016,16Q4,55709900.5035804
Japan,Japan,Consumer Cyclical,Household services,2017,17Q2,64736586.6230848
Japan,Japan,Consumer Cyclical,Household services,2017,17Q4,64521249.3162504
Japan,Japan,Consumer Cyclical,Household services,2018,18Q2,65668789.9673936
Japan,Japan,Consumer Cyclical,Household services,2018,18Q4,64736586.6230848
Japan,Japan,Consumer Cyclical,Household services,2019,19Q2,74263816.9639661
Japan,Japan,Consumer Cyclical,Household services,2019,19Q4,73713055.4963669
Japan,Japan,Consumer Cyclical,Household services,2020,20Q2,74281059.5144517
Japan,Japan,Consumer Cyclical,Household services,2020,20Q4,45206982.5681001
Japan,Japan,Consumer Cyclical,Household services,2021,21q2,42598182.1337977
Japan,Japan,Consumer Cyclical,Household services,2021,21Q4,41639633.0742985
Japan,Japan,Consumer Cyclical,Household services,2022,22Q2,40155700.6647198
Japan,Japan,Consumer Cyclical,Household services,2022,22Q4,48033042.4117325
Japan,Japan,Consumer Cyclical,Household services,2023,23Q2,55358100.4659813
Japan,Japan,Consumer Cyclical,Household services,2023,23q4,61807919.783837
Japan,Japan,Consumer Cyclical,Household services,2024,24q2,90436440.4607078
Japan,Japan,Consumer Cyclical,Household services,2024,24q4,84725472.2504985
Japan,Japan,Consumer Cyclical,Household services,2025,25q2,87252276.37658
Japan,Japan,Consumer Defensive,Food Retail,2010,10Q2,449188840.683276
Japan,Japan,Consumer Defensive,Food Retail,2010,10Q4,301327847.429789
Japan,Japan,Consumer Defensive,Food Retail,2011,11Q2,520718318.194275
Japan,Japan,Consumer Defensive,Food Retail,2011,11Q4,334071712.984978
Japan,Japan,Consumer Defensive,Food Retail,2012,12Q2,595372789.977309
Japan,Japan,Consumer Defensive,Food Retail,2012,12Q4,458657078.12066
Japan,Japan,Consumer Defensive,Food Retail,2013,13Q2,385645960.969933
Japan,Japan,Consumer Defensive,Food Retail,2013,13Q4,399617513.834329
Japan,Japan,Consumer Defensive,Food Retail,2014,14Q2,412409722.648078
Japan,Japan,Consumer Defensive,Food Retail,2014,14Q4,387289101.000344
Japan,Japan,Consumer Defensive,Food Retail,2015,15Q2,362733767.073607
Japan,Japan,Consumer Defensive,Food Retail,2015,15Q4,378836250.309353
Japan,Japan,Consumer Defensive,Food Retail,2016,16Q2,489793944.133716
Japan,Japan,Consumer Defensive,Food Retail,2016,16Q4,491371953.918224
Japan,Japan,Consumer Defensive,Food Retail,2017,17Q2,475750027.950474
Japan,Japan,Consumer Defensive,Food Retail,2017,17Q4,467818084.042536
Japan,Japan,Consumer Defensive,Food Retail,2018,18Q2,484210966.097836
Japan,Japan,Consumer Defensive,Food Retail,2018,18Q4,503518046.871566
Japan,Japan,Consumer Defensive,Food Retail,2019,19Q2,519344510.177738
Japan,Japan,Consumer Defensive,Food Retail,2019,19Q4,531786131.167725
Japan,Japan,Consumer Defensive,Food Retail,2020,20Q2,566395316.160432
Japan,Japan,Consumer Defensive,Food Retail,2020,20Q4,552814578.87191
Japan,Japan,Consumer Defensive,Food Retail,2021,21q2,554665896.617963
Japan,Japan,Consumer Defensive,Food Retail,2021,21Q4,511739625.12571
Japan,Japan,Consumer Defensive,Food Retail,2022,22Q2,483105937.085171
Japan,Japan,Consumer Defensive,Food Retail,2022,22Q4,421528408.271682
Japan,Japan,Consumer Defensive,Food Retail,2023,23Q2,515648321.949329
Japan,Japan,Consumer Defensive,Food Retail,2023,23q4,437213302.839634
Japan,Japan,Consumer Defensive,Food Retail,2024,24q2,417544030.025948
Japan,Japan,Consumer Defensive,Food Retail,2024,24q4,449993266.892502
Japan,Japan,Consumer Defensive,Food Retail,2025,25q2,479543208.337574
Japan,Japan,Consumer Defensive,"Food, drink & Tobacco",2010,10Q1,179566127.43353
Japan,Japan,Consumer Defensive,"Food, drink & Tobacco",2010,10Q2,266632933.105172
Japan,Japan,Consumer Defensive,"Food, drink & Tobacco",2010,10Q3,206155630.908668
Japan,Japan,Consumer Defensive,"Food, drink & Tobacco",2010,10Q4,232940914.284034
Japan,Japan,Consumer Defensive,"Food, drink & Tobacco",2011,11Q1,222150002.11348
Japan,Japan,Consumer Defensive,"Food, drink & Tobacco",2011,11Q2,242419047.470757
Japan,Japan,Consumer Defensive,"Food, drink & Tobacco",2011,11Q3,241496877.695011
Japan,Japan,Consumer Defensive,"Food, drink & Tobacco",2011,11Q4,329211418.476624
Japan,Japan,Consumer Defensive,"Food, drink & Tobacco",2012,12Q1,237062364.163322
Japan,Japan,Consumer Defensive,"Food, drink & Tobacco",2012,12Q2,484479395.20194
Japan,Japan,Consumer Defensive,"Food, drink & Tobacco",2012,12Q3,252865454.891937
Japan,Japan,Consumer Defensive,"Food, drink & Tobacco",2012,12Q4,430160458.421631
Japan,Japan,Consumer Defensive,"Food, drink & Tobacco",2013,13Q1,230829558.648642
Japan,Japan,Consumer Defensive,"Food, drink & Tobacco",2013,13Q2,532164283.963799
Japan,Japan,Consumer Defensive,"Food, drink & Tobacco",2013,13Q3,279607683.186956
Japan,Japan,Consumer Defensive,"Food, drink & Tobacco",2013,13Q4,661021783.712261
Japan,Japan,Consumer Defensive,"Food, drink & Tobacco",2014,14Q1,444586581.15055
Japan,Japan,Consumer Defensive,"Food, drink & Tobacco",2014,14Q2,1084170861.22731
Japan,Japan,Consumer Defensive,"Food, drink & Tobacco",2014,14Q3,362075576.419355
Japan,Japan,Consumer Defensive,"Food, drink & Tobacco",2014,14Q4,894883358.593841
Japan,Japan,Consumer Defensive,"Food, drink & Tobacco",2015,15Q1,1160935519.81283
Japan,Japan,Consumer Defensive,"Food, drink & Tobacco",2015,15Q2,108667853.309388
Japan,Japan,Consumer Defensive,"Food, drink & Tobacco",2015,15Q3,1227055181.46469
Japan,Japan,Consumer Defensive,"Food, drink & Tobacco",2015,15Q4,62740969.6301606
Japan,Japan,Consumer Defensive,"Food, drink & Tobacco",2016,16Q1,1498607855.58211
Japan,Japan,Consumer Defensive,"Food, drink & Tobacco",2016,16Q2,151246491.232136
Japan,Japan,Consumer Defensive,"Food, drink & Tobacco",2016,16Q3,1633746980.63915
Japan,Japan,Consumer Defensive,"Food, drink & Tobacco",2016,16Q4,104517934.705262
Japan,Japan,Consumer Defensive,"Food, drink & Tobacco",2017,17Q1,1589472282.74111
Japan,Japan,Consumer Defensive,"Food, drink & Tobacco",2017,17Q2,110267519.221918
Japan,Japan,Consumer Defensive,"Food, drink & Tobacco",2017,17Q3,1678643918.72
Japan,Japan,Consumer Defensive,"Food, drink & Tobacco",2017,17Q4,117277055.155592
Japan,Japan,Consumer Defensive,"Food, drink & Tobacco",2018,18Q1,1852524423.55847
Japan,Japan,Consumer Defensive,"Food, drink & Tobacco",2018,18Q2,120367396.388739
Japan,Japan,Consumer Defensive,"Food, drink & Tobacco",2018,18Q3,1852114209.91392
Japan,Japan,Consumer Defensive,"Food, drink & Tobacco",2018,18Q4,115382677.459421
Japan,Japan,Consumer Defensive,"Food, drink & Tobacco",2019,19Q1,1934855044.74588
Japan,Japan,Consumer Defensive,"Food, drink & Tobacco",2019,19Q2,119455233.619266
Japan,Japan,Consumer Defensive,"Food, drink & Tobacco",2019,19q3,2068200588.4275
Japan,Japan,Consumer Defensive,"Food, drink & Tobacco",2019,19Q4,118218706.61784
Japan,Japan,Consumer Defensive,"Food, drink & Tobacco",2020,20Q1,1981321165.5938
Japan,Japan,Consumer Defensive,"Food, drink & Tobacco",2020,20Q2,120061813.239321
Japan,Japan,Consumer Defensive,"Food, drink & Tobacco",2020,20Q3,2087610299.61335
Japan,Japan,Consumer Defensive,"Food, drink & Tobacco",2020,20Q4,123404784.897635
Japan,Japan,Consumer Defensive,"Food, drink & Tobacco",2021,21Q1,2034979638.08559
Japan,Japan,Consumer Defensive,"Food, drink & Tobacco",2021,21q2,170803281.593074
Japan,Japan,Consumer Defensive,"Food, drink & Tobacco",2021,21q3,1811245240.41987
Japan,Japan,Consumer Defensive,"Food, drink & Tobacco",2021,21Q4,154000478.500154
Japan,Japan,Consumer Defensive,"Food, drink & Tobacco",2022,22q1,1796893332.75867
Japan,Japan,Consumer Defensive,"Food, drink & Tobacco",2022,22Q2,166856035.266881
Japan,Japan,Consumer Defensive,"Food, drink & Tobacco",2022,22Q3,1566223715.15499
Japan,Japan,Consumer Defensive,"Food, drink & Tobacco",2022,22Q4,165441261.177191
Japan,Japan,Consumer Defensive,"Food, drink & Tobacco",2023,23Q1,2287356563.12739
Japan,Japan,Consumer Defensive,"Food, drink & Tobacco",2023,23Q2,199999491.10522
Japan,Japan,Consumer Defensive,"Food, drink & Tobacco",2023,23Q3,1779071876.87444
Japan,Japan,Consumer Defensive,"Food, drink & Tobacco",2023,23q4,175929063.488705
Japan,Japan,Consumer Defensive,"Food, drink & Tobacco",2024,24q1,1840589461.81374
Japan,Japan,Consumer Defensive,"Food, drink & Tobacco",2024,24q2,204618279.434764
Japan,Japan,Consumer Defensive,"Food, drink & Tobacco",2024,24q3,1917488907.33189
Japan,Japan,Consumer Defensive,"Food, drink & Tobacco",2024,24q4,202813385.804495
Japan,Japan,Consumer Defensive,"Food, drink & Tobacco",2025,25Q1,1906840675.96867
Japan,Japan,Consumer Defensive,"Food, drink & Tobacco",2025,25q2,240524646.300237
Japan,Japan,Consumer Defensive,Household products,2010,10Q2,203345096.65858
Japan,Japan,Consumer Defensive,Household products,2010,10Q4,221029502.864409
Japan,Japan,Consumer Defensive,Household products,2011,11Q2,230098025.662111
Japan,Japan,Consumer Defensive,Household products,2011,11Q4,238921617.586428
Japan,Japan,Consumer Defensive,Household products,2012,12Q2,246314477.374708
Japan,Japan,Consumer Defensive,Household products,2012,12Q4,240999533.294273
Japan,Japan,Consumer Defensive,Household products,2013,13Q1,172857752.967357
Japan,Japan,Consumer Defensive,Household products,2013,13Q2,35761738.8215149
Japan,Japan,Consumer Defensive,Household products,2013,13Q3,169481158.379277
Japan,Japan,Consumer Defensive,Household products,2013,13Q4,36170373.6258389
Japan,Japan,Consumer Defensive,Household products,2014,14Q1,160334029.824
Japan,Japan,Consumer Defensive,Household products,2014,14Q2,40389320.2907099
Japan,Japan,Consumer Defensive,Household products,2014,14Q3,168295837.584
Japan,Japan,Consumer Defensive,Household products,2014,14Q4,99698694.9656488
Japan,Japan,Consumer Defensive,Household products,2015,15Q1,185211426.26063
Japan,Japan,Consumer Defensive,Household products,2015,15Q3,198261325.109871
Japan,Japan,Consumer Defensive,Household products,2016,16Q1,227599892.619202
Japan,Japan,Consumer Defensive,Household products,2016,16Q3,272673881.945811
Japan,Japan,Consumer Defensive,Household products,2017,17Q1,261019895.453301
Japan,Japan,Consumer Defensive,Household products,2017,17Q3,293585819.867702
Japan,Japan,Consumer Defensive,Household products,2018,18Q1,328297119.343135
Japan,Japan,Consumer Defensive,Household products,2018,18Q3,334594367.779769
Japan,Japan,Consumer Defensive,Household products,2019,19Q1,332339653.551082
Japan,Japan,Consumer Defensive,Household products,2019,19q3,380719707.515743
Japan,Japan,Consumer Defensive,Household products,2020,20Q1,367666030.686374
Japan,Japan,Consumer Defensive,Household products,2020,20Q3,411895308.682965
Japan,Japan,Consumer Defensive,Household products,2021,21Q1,398622978.591067
Japan,Japan,Consumer Defensive,Household products,2021,21q3,412509120.152562
Japan,Japan,Consumer Defensive,Household products,2022,22q1,373672043.638474
Japan,Japan,Consumer Defensive,Household products,2022,22Q3,335270581.843949
Japan,Japan,Consumer Defensive,Household products,2023,23Q1,348925254.906409
Japan,Japan,Consumer Defensive,Household products,2023,23Q3,324070393.069203
Japan,Japan,Consumer Defensive,Household products,2024,24q1,314575032.463153
Japan,Japan,Consumer Defensive,Household products,2024,24q3,334726800.252849
Japan,Japan,Consumer Defensive,Household products,2025,25Q1,508120244.832513
Japan,Japan,Financial,Banks,2010,10Q2,3475841068.19373
Japan,Japan,Financial,Banks,2010,10Q4,1943364020.18429
Japan,Japan,Financial,Banks,2011,11Q2,3999098906.71433
Japan,Japan,Financial,Banks,2011,11Q4,3110706468.78744
Japan,Japan,Financial,Banks,2012,12Q2,3485205425.54581
Japan,Japan,Financial,Banks,2012,12Q4,2987363489.76222
Japan,Japan,Financial,Banks,2013,13Q2,3253694930.43907
Japan,Japan,Financial,Banks,2013,13Q4,2621752834.32933
Japan,Japan,Financial,Banks,2014,14Q2,3527772756.42677
Japan,Japan,Financial,Banks,2014,14Q4,2640484499.3895
Japan,Japan,Financial,Banks,2015,15Q2,3255478607.50383
Japan,Japan,Financial,Banks,2015,15Q4,3018787980.24525
Japan,Japan,Financial,Banks,2016,16Q2,4658828064.55525
Japan,Japan,Financial,Banks,2016,16Q4,4085827014.12514
Japan,Japan,Financial,Banks,2017,17Q2,4375415034.0764
Japan,Japan,Financial,Banks,2017,17Q4,4400813674.27146
Japan,Japan,Financial,Banks,2018,18Q2,4734745012.82853
Japan,Japan,Financial,Banks,2018,18Q4,4687360621.60907
Japan,Japan,Financial,Banks,2019,19Q2,5043566725.97055
Japan,Japan,Financial,Banks,2019,19Q4,5104783607.23162
Japan,Japan,Financial,Banks,2020,20Q2,5259600323.98701
Japan,Japan,Financial,Banks,2020,20Q4,3482670420.08818
Japan,Japan,Financial,Banks,2021,21q2,6091721128.95642
Japan,Japan,Financial,Banks,2021,21Q4,4273464115.54762
Japan,Japan,Financial,Banks,2022,22Q2,5076410125.79634
Japan,Japan,Financial,Banks,2022,22Q4,3977483741.49774
Japan,Japan,Financial,Banks,2023,23Q2,5126192460.52802
Japan,Japan,Financial,Banks,2023,23q4,4305417047.23054
Japan,Japan,Financial,Banks,2024,24q2,4050617435.01494
Japan,Japan,Financial,Banks,2024,24q3,1122506645.8287
Japan,Japan,Financial,Banks,2024,24q4,5294283896.46206
Japan,Japan,Financial,Banks,2025,25q2,6614841995.11129
Japan,Japan,Financial,General Financial,2010,10Q2,428657007.258279
Japan,Japan,Financial,General Financial,2010,10Q4,266020056.67228
Japan,Japan,Financial,General Financial,2011,11Q2,387247456.625306
Japan,Japan,Financial,General Financial,2011,11Q4,294225500.773811
Japan,Japan,Financial,General Financial,2012,12Q2,329941684.890562
Japan,Japan,Financial,General Financial,2012,12Q4,190439883.021347
Japan,Japan,Financial,General Financial,2013,13Q2,615523544.987914
Japan,Japan,Financial,General Financial,2013,13Q4,657775729.278223
Japan,Japan,Financial,General Financial,2014,14Q2,1036479136.24291
Japan,Japan,Financial,General Financial,2014,14Q4,472868512.4644
Japan,Japan,Financial,General Financial,2015,15Q2,1118939310.79747
Japan,Japan,Financial,General Financial,2015,15Q4,1014568551.14506
Japan,Japan,Financial,General Financial,2016,16Q2,790822452.575894
Japan,Japan,Financial,General Financial,2016,16Q4,916815822.814076
Japan,Japan,Financial,General Financial,2017,17Q2,1121087934.74012
Japan,Japan,Financial,General Financial,2017,17Q4,994425721.901886
Japan,Japan,Financial,General Financial,2018,18Q2,1365057018.15371
Japan,Japan,Financial,General Financial,2018,18Q4,830053426.06465
Japan,Japan,Financial,General Financial,2019,19Q2,1126400144.84065
Japan,Japan,Financial,General Financial,2019,19Q4,1299628830.95244
Japan,Japan,Financial,General Financial,2020,20Q2,1065358949.61889
Japan,Japan,Financial,General Financial,2020,20Q4,1531819675.56658
Japan,Japan,Financial,General Financial,2021,21q2,1646892994.10764
Japan,Japan,Financial,General Financial,2021,21Q4,1218285708.69517
Japan,Japan,Financial,General Financial,2022,22Q2,1359580432.7077
Japan,Japan,Financial,General Financial,2022,22Q4,901261410.747749
Japan,Japan,Financial,General Financial,2023,23Q2,1121745076.16549
Japan,Japan,Financial,General Financial,2023,23q4,1031488374.31988
Japan,Japan,Financial,General Financial,2024,24q2,1367902547.30749
Japan,Japan,Financial,General Financial,2024,24q4,1701408431.76572
Japan,Japan,Financial,General Financial,2025,25q2,1941325197.67918
Japan,Japan,Financial,Insurance,2010,10Q2,536878422.871829
Japan,Japan,Financial,Insurance,2010,10Q3,114863320
Japan,Japan,Financial,Insurance,2010,10Q4,445879419.356685
Japan,Japan,Financial,Insurance,2011,11Q2,1259649073.24157
Japan,Japan,Financial,Insurance,2011,11Q4,478945809.229611
Japan,Japan,Financial,Insurance,2012,12Q2,1281131799.07652
Japan,Japan,Financial,Insurance,2012,12Q4,466241958.860009
Japan,Japan,Financial,Insurance,2013,13Q2,964431551.237736
Japan,Japan,Financial,Insurance,2013,13Q4,518808590.127707
Japan,Japan,Financial,Insurance,2014,14Q2,9429684547.04582
Japan,Japan,Financial,Insurance,2014,14Q4,515293881.882013
Japan,Japan,Financial,Insurance,2015,15Q2,9081879398.66735
Japan,Japan,Financial,Insurance,2015,15Q4,638233178.04301
Japan,Japan,Financial,Insurance,2016,16Q2,2627531133.0308
Japan,Japan,Financial,Insurance,2016,16Q4,1949549902.90284
Japan,Japan,Financial,Insurance,2017,17Q2,2645501801.0245
Japan,Japan,Financial,Insurance,2017,17Q4,2182284140.75401
Japan,Japan,Financial,Insurance,2018,18Q2,3076391388.8972
Japan,Japan,Financial,Insurance,2018,18Q4,2779378826.09736
Japan,Japan,Financial,Insurance,2019,19Q2,3047877554.18415
Japan,Japan,Financial,Insurance,2019,19Q4,2683631578.78094
Japan,Japan,Financial,Insurance,2020,20Q2,3186163707.42592
Japan,Japan,Financial,Insurance,2020,20Q4,1760273321.49569
Japan,Japan,Financial,Insurance,2021,21q2,4221377872.11951
Japan,Japan,Financial,Insurance,2021,21Q4,1658856355.42318
Japan,Japan,Financial,Insurance,2022,22Q2,3581081341.02266
Japan,Japan,Financial,Insurance,2022,22Q4,3126875701.9321
Japan,Japan,Financial,Insurance,2023,23Q2,3417082669.34459
Japan,Japan,Financial,Insurance,2023,23q4,2343635202.21678
Japan,Japan,Financial,Insurance,2024,24q2,2977852558.55402
Japan,Japan,Financial,Insurance,2024,24q4,3262616121.37139
Japan,Japan,Financial,Insurance,2025,25q2,3775170992.71951
Japan,Japan,Health,Healthcare,2010,10Q2,266936716.486292
Japan,Japan,Health,Healthcare,2010,10Q4,263062255.52169
Japan,Japan,Health,Healthcare,2011,11Q2,305955375.674937
Japan,Japan,Health,Healthcare,2011,11Q4,234043519.281478
Japan,Japan,Health,Healthcare,2012,12Q2,271834839.809657
Japan,Japan,Health,Healthcare,2012,12Q4,230259409.575087
Japan,Japan,Health,Healthcare,2013,13Q2,219668475.720927
Japan,Japan,Health,Healthcare,2013,13Q4,202011477.112895
Japan,Japan,Health,Healthcare,2014,14Q2,368167569.31061
Japan,Japan,Health,Healthcare,2014,14Q4,181073651.008044
Japan,Japan,Health,Healthcare,2015,15Q2,268064062.100341
Japan,Japan,Health,Healthcare,2015,15Q4,200733613.746766
Japan,Japan,Health,Healthcare,2016,16Q2,355087697.014944
Japan,Japan,Health,Healthcare,2016,16Q4,222536673.355968
Japan,Japan,Health,Healthcare,2017,17Q2,373556357.236091
Japan,Japan,Health,Healthcare,2017,17Q4,237472177.721962
Japan,Japan,Health,Healthcare,2018,18Q2,405560778.999347
Japan,Japan,Health,Healthcare,2018,18Q4,304351130.909237
Japan,Japan,Health,Healthcare,2019,19Q2,801558423.617834
Japan,Japan,Health,Healthcare,2019,19Q4,323476460.386102
Japan,Japan,Health,Healthcare,2020,20Q2,326335767.776803
Japan,Japan,Health,Healthcare,2020,20Q3,129661863.78547
Japan,Japan,Health,Healthcare,2020,20Q4,336009573.096924
Japan,Japan,Health,Healthcare,2021,21q2,473655922.233097
Japan,Japan,Health,Healthcare,2021,21Q4,322165672.521525
Japan,Japan,Health,Healthcare,2022,22Q2,486235980.033841
Japan,Japan,Health,Healthcare,2022,22Q4,283862516.3647
Japan,Japan,Health,Healthcare,2023,23Q2,481898818.200533
Japan,Japan,Health,Healthcare,2023,23q4,279486374.748635
Japan,Japan,Health,Healthcare,2024,24q2,447627466.300476
Japan,Japan,Health,Healthcare,2024,24q4,319739359.965532
Japan,Japan,Health,Healthcare,2025,25q2,643792133.034121
Japan,Japan,Health,Pharmaceuticals,2010,10Q1,139067412.291764
Japan,Japan,Health,Pharmaceuticals,2010,10Q2,1530724998.41873
Japan,Japan,Health,Pharmaceuticals,2010,10Q3,112526279.100268
Japan,Japan,Health,Pharmaceuticals,2010,10Q4,1513010618.9154
Japan,Japan,Health,Pharmaceuticals,2011,11Q1,158668504.263851
Japan,Japan,Health,Pharmaceuticals,2011,11Q2,1801557597.64168
Japan,Japan,Health,Pharmaceuticals,2011,11Q3,145410714.737263
Japan,Japan,Health,Pharmaceuticals,2011,11Q4,1783081400.40065
Japan,Japan,Health,Pharmaceuticals,2012,12Q1,136085564.266278
Japan,Japan,Health,Pharmaceuticals,2012,12Q2,1800478199.7595
Japan,Japan,Health,Pharmaceuticals,2012,12Q3,142959346.512032
Japan,Japan,Health,Pharmaceuticals,2012,12Q4,1767030388.01466
Japan,Japan,Health,Pharmaceuticals,2013,13Q1,119056774.088202
Japan,Japan,Health,Pharmaceuticals,2013,13Q2,1496403303.03378
Japan,Japan,Health,Pharmaceuticals,2013,13Q3,125496498.658973
Japan,Japan,Health,Pharmaceuticals,2013,13Q4,1422566925.2803
Japan,Japan,Health,Pharmaceuticals,2014,14Q1,125069466.161268
Japan,Japan,Health,Pharmaceuticals,2014,14Q2,2756445814.40601
Japan,Japan,Health,Pharmaceuticals,2014,14Q3,118116833.128729
Japan,Japan,Health,Pharmaceuticals,2014,14Q4,1284154218.82929
Japan,Japan,Health,Pharmaceuticals,2015,15Q1,308073059.522893
Japan,Japan,Health,Pharmaceuticals,2015,15Q2,1124711332.15129
Japan,Japan,Health,Pharmaceuticals,2015,15Q3,355098882.804178
Japan,Japan,Health,Pharmaceuticals,2015,15Q4,1178874164.63649
Japan,Japan,Health,Pharmaceuticals,2016,16Q1,407146154.756215
Japan,Japan,Health,Pharmaceuticals,2016,16Q2,1353657235.47919
Japan,Japan,Health,Pharmaceuticals,2016,16Q3,410745736.14285
Japan,Japan,Health,Pharmaceuticals,2016,16Q4,1263090301.43228
Japan,Japan,Health,Pharmaceuticals,2017,17Q1,381346205.646008
Japan,Japan,Health,Pharmaceuticals,2017,17Q2,1294280045.04117
Japan,Japan,Health,Pharmaceuticals,2017,17Q3,401953747.646101
Japan,Japan,Health,Pharmaceuticals,2017,17Q4,1292060114.04764
Japan,Japan,Health,Pharmaceuticals,2018,18Q1,438374925.762039
Japan,Japan,Health,Pharmaceuticals,2018,18Q2,1338360795.67315
Japan,Japan,Health,Pharmaceuticals,2018,18Q3,407680191.158572
Japan,Japan,Health,Pharmaceuticals,2018,18Q4,1304669312.24033
Japan,Japan,Health,Pharmaceuticals,2019,19Q1,530103555.61991
Japan,Japan,Health,Pharmaceuticals,2019,19Q2,2029123607.24618
Japan,Japan,Health,Pharmaceuticals,2019,19q3,515570296.841986
Japan,Japan,Health,Pharmaceuticals,2019,19Q4,2019001008.92868
Japan,Japan,Health,Pharmaceuticals,2020,20Q1,735022318.216597
Japan,Japan,Health,Pharmaceuticals,2020,20Q2,2058018714.97
Japan,Japan,Health,Pharmaceuticals,2020,20Q3,1458289982.86551
Japan,Japan,Health,Pharmaceuticals,2020,20Q4,2714565363.67306
Japan,Japan,Health,Pharmaceuticals,2021,21Q1,715325928.114497
Japan,Japan,Health,Pharmaceuticals,2021,21q2,2049641315.87748
Japan,Japan,Health,Pharmaceuticals,2021,21q3,712216949.78161
Japan,Japan,Health,Pharmaceuticals,2021,21Q4,2056914111.76692
Japan,Japan,Health,Pharmaceuticals,2022,22q1,862807917.805715
Japan,Japan,Health,Pharmaceuticals,2022,22Q2,1732561211.55192
Japan,Japan,Health,Pharmaceuticals,2022,22Q3,657692171.129769
Japan,Japan,Health,Pharmaceuticals,2022,22Q4,1805200860.17737
Japan,Japan,Health,Pharmaceuticals,2023,23Q1,714209095.155664
Japan,Japan,Health,Pharmaceuticals,2023,23Q2,1743453718.98113
Japan,Japan,Health,Pharmaceuticals,2023,23Q3,650963763.758496
Japan,Japan,Health,Pharmaceuticals,2023,23q4,1861859787.92978
Japan,Japan,Health,Pharmaceuticals,2024,24q1,664920750.709544
Japan,Japan,Health,Pharmaceuticals,2024,24q2,1865223444.94556
Japan,Japan,Health,Pharmaceuticals,2024,24q3,701245279.74406
Japan,Japan,Health,Pharmaceuticals,2024,24q4,2375016700.5266
Japan,Japan,Health,Pharmaceuticals,2025,25Q1,858363448.753249
Japan,Japan,Health,Pharmaceuticals,2025,25q2,2142453567.80127
Japan,Japan,Industrial,Machinery,2010,10Q1,2385290.284416
Japan,Japan,Industrial,Machinery,2010,10Q2,1896160615.38025
Japan,Japan,Industrial,Machinery,2010,10Q3,1326100.922172
Japan,Japan,Industrial,Machinery,2010,10Q4,2941635954.00246
Japan,Japan,Industrial,Machinery,2011,11Q1,1369912.518477
Japan,Japan,Industrial,Machinery,2011,11Q2,3635092666.43708
Japan,Japan,Industrial,Machinery,2011,11Q3,1739781.8199216
Japan,Japan,Industrial,Machinery,2011,11Q4,3970991816.93618
Japan,Japan,Industrial,Machinery,2012,12Q1,2548187.0419712
Japan,Japan,Industrial,Machinery,2012,12Q2,4288844819.17455
Japan,Japan,Industrial,Machinery,2012,12Q3,18046790.4110496
Japan,Japan,Industrial,Machinery,2012,12Q4,3755873094.7274
Japan,Japan,Industrial,Machinery,2013,13Q1,15324800.3687447
Japan,Japan,Industrial,Machinery,2013,13Q2,3241033667.61596
Japan,Japan,Industrial,Machinery,2013,13Q3,19849011.4136164
Japan,Japan,Industrial,Machinery,2013,13Q4,3276983909.67869
Japan,Japan,Industrial,Machinery,2014,14Q1,19784616.03181
Japan,Japan,Industrial,Machinery,2014,14Q2,4116749577.25656
Japan,Japan,Industrial,Machinery,2014,14Q3,22250475.9242184
Japan,Japan,Industrial,Machinery,2014,14Q4,3544905015.25827
Japan,Japan,Industrial,Machinery,2015,15Q1,19403927.1601393
Japan,Japan,Industrial,Machinery,2015,15Q2,4291193904.00931
Japan,Japan,Industrial,Machinery,2015,15Q3,23180897.119905
Japan,Japan,Industrial,Machinery,2015,15Q4,3553931215.84255
Japan,Japan,Industrial,Machinery,2016,16Q1,180627002.764477
Japan,Japan,Industrial,Machinery,2016,16Q2,4318521366.28647
Japan,Japan,Industrial,Machinery,2016,16Q3,203283834.533898
Japan,Japan,Industrial,Machinery,2016,16Q4,3576449614.90998
Japan,Japan,Industrial,Machinery,2017,17Q1,215576102.580889
Japan,Japan,Industrial,Machinery,2017,17Q2,4629279144.28228
Japan,Japan,Industrial,Machinery,2017,17Q3,212126796.054319
Japan,Japan,Industrial,Machinery,2017,17Q4,4514373503.62165
Japan,Japan,Industrial,Machinery,2018,18Q1,247291931.716959
Japan,Japan,Industrial,Machinery,2018,18Q2,6027146995.11592
Japan,Japan,Industrial,Machinery,2018,18Q3,227295900.71355
Japan,Japan,Industrial,Machinery,2018,18Q4,5768332287.3513
Japan,Japan,Industrial,Machinery,2019,19Q1,254204645.443987
Japan,Japan,Industrial,Machinery,2019,19Q2,6733452655.85241
Japan,Japan,Industrial,Machinery,2019,19q3,256548100.160225
Japan,Japan,Industrial,Machinery,2019,19Q4,5859925766.14297
Japan,Japan,Industrial,Machinery,2020,20Q1,270706881.125098
Japan,Japan,Industrial,Machinery,2020,20Q2,6272639479.94895
Japan,Japan,Industrial,Machinery,2020,20Q3,261849206.419796
Japan,Japan,Industrial,Machinery,2020,20Q4,5123832820.09202
Japan,Japan,Industrial,Machinery,2021,21Q1,282953419.241942
Japan,Japan,Industrial,Machinery,2021,21q2,6249513984.06603
Japan,Japan,Industrial,Machinery,2021,21q3,307390611.425034
Japan,Japan,Industrial,Machinery,2021,21Q4,6171523119.92635
Japan,Japan,Industrial,Machinery,2022,22q1,283294867.831181
Japan,Japan,Industrial,Machinery,2022,22Q2,6641591208.56091
Japan,Japan,Industrial,Machinery,2022,22Q3,253346646.882056
Japan,Japan,Industrial,Machinery,2022,22Q4,6464285429.39266
Japan,Japan,Industrial,Machinery,2023,23Q1,271950283.822038
Japan,Japan,Industrial,Machinery,2023,23Q2,7202639482.31488
Japan,Japan,Industrial,Machinery,2023,23Q3,375062372.259571
Japan,Japan,Industrial,Machinery,2023,23q4,6943413790.38534
Japan,Japan,Industrial,Machinery,2024,24q1,258017931.088083
Japan,Japan,Industrial,Machinery,2024,24q2,7425034170.01616
Japan,Japan,Industrial,Machinery,2024,24q3,280301353.782898
Japan,Japan,Industrial,Machinery,2024,24q4,8577396708.74953
Japan,Japan,Industrial,Machinery,2025,25Q1,273925941.185378
Japan,Japan,Industrial,Machinery,2025,25q2,9138543264.18908
Japan,Japan,Industrial,Support Services,2010,10Q2,222204630.575172
Japan,Japan,Industrial,Support Services,2011,11Q2,259562186.88062
Japan,Japan,Industrial,Support Services,2012,12Q2,263239528.591127
Japan,Japan,Industrial,Support Services,2013,13Q2,4423071763.99347
Japan,Japan,Industrial,Support Services,2014,14Q2,4275355764.39129
Japan,Japan,Industrial,Support Services,2014,14Q4,115771256.81353
Japan,Japan,Industrial,Support Services,2015,15Q2,338375776.589432
Japan,Japan,Industrial,Support Services,2015,15Q4,123022607.330236
Japan,Japan,Industrial,Support Services,2016,16Q2,430520824.562969
Japan,Japan,Industrial,Support Services,2016,16Q4,143758187.995659
Japan,Japan,Industrial,Support Services,2017,17Q2,485398811.068605
Japan,Japan,Industrial,Support Services,2017,17Q4,319518263.610278
Japan,Japan,Industrial,Support Services,2018,18Q2,353782775.036163
Japan,Japan,Industrial,Support Services,2018,18Q4,368252835.441743
Japan,Japan,Industrial,Support Services,2019,19Q2,412665265.64948
Japan,Japan,Industrial,Support Services,2019,19Q4,416733606.471352
Japan,Japan,Industrial,Support Services,2020,20Q2,424212041.130006
Japan,Japan,Industrial,Support Services,2020,20Q4,344919727.085827
Japan,Japan,Industrial,Support Services,2021,21q2,340790288.640765
Japan,Japan,Industrial,Support Services,2021,21Q4,341335019.995781
Japan,Japan,Industrial,Support Services,2022,22Q2,284528952.310969
Japan,Japan,Industrial,Support Services,2022,22Q4,289590478.594831
Japan,Japan,Industrial,Support Services,2023,23Q2,282853832.705581
Japan,Japan,Industrial,Support Services,2023,23q4,286568101.300548
Japan,Japan,Industrial,Support Services,2024,24q2,260205517.048858
Japan,Japan,Industrial,Support Services,2024,24q4,424599139.402285
Japan,Japan,Industrial,Support Services,2025,25q2,290554143.948701
Japan,Japan,Industrial,Transport,2010,10Q2,324529921.490688
Japan,Japan,Industrial,Transport,2010,10Q4,666039447.077116
Japan,Japan,Industrial,Transport,2011,11Q2,673992073.278718
Japan,Japan,Industrial,Transport,2011,11Q4,593928560.755348
Japan,Japan,Industrial,Transport,2012,12Q2,617242083.146279
Japan,Japan,Industrial,Transport,2012,12Q4,593510040.278512
Japan,Japan,Industrial,Transport,2013,13Q2,506278278.980039
Japan,Japan,Industrial,Transport,2013,13Q4,505153098.070277
Japan,Japan,Industrial,Transport,2014,14Q2,554018388.482263
Japan,Japan,Industrial,Transport,2014,14Q4,459805425.559906
Japan,Japan,Industrial,Transport,2015,15Q2,497753520.797721
Japan,Japan,Industrial,Transport,2015,15Q4,500882936.128566
Japan,Japan,Industrial,Transport,2016,16Q2,558866740.320508
Japan,Japan,Industrial,Transport,2016,16Q4,484661450.499661
Japan,Japan,Industrial,Transport,2017,17Q2,478444082.861171
Japan,Japan,Industrial,Transport,2017,17Q4,506389497.280715
Japan,Japan,Industrial,Transport,2018,18Q2,575921512.283975
Japan,Japan,Industrial,Transport,2018,18Q4,565829193.597307
Japan,Japan,Industrial,Transport,2019,19Q2,610814875.626074
Japan,Japan,Industrial,Transport,2019,19Q4,659849634.073274
Japan,Japan,Industrial,Transport,2020,20Q2,663798740.713496
Japan,Japan,Industrial,Transport,2020,20Q4,451520067.041851
Japan,Japan,Industrial,Transport,2021,21q2,802399140.015056
Japan,Japan,Industrial,Transport,2021,21Q4,1010735114.70728
Japan,Japan,Industrial,Transport,2022,22Q2,4308105664.7649
Japan,Japan,Industrial,Transport,2022,22Q4,5050855171.08932
Japan,Japan,Industrial,Transport,2023,23Q2,1629479546.8533
Japan,Japan,Industrial,Transport,2023,23q4,1199179150.02919
Japan,Japan,Industrial,Transport,2024,24q2,933176430.022989
Japan,Japan,Industrial,Transport,2024,24q4,1249408165.06538
Japan,Japan,Industrial,Transport,2025,25q2,1595833906.22658
Japan,Japan,Media & Telecommunications,Media,2010,10Q2,1297439485.01831
Japan,Japan,Media & Telecommunications,Media,2010,10Q4,275106048.561844
Japan,Japan,Media & Telecommunications,Media,2011,11Q2,820840951.533736
Japan,Japan,Media & Telecommunications,Media,2011,11Q4,59408214.4255624
Japan,Japan,Media & Telecommunications,Media,2012,12Q2,497818859.893342
Japan,Japan,Media & Telecommunications,Media,2012,12Q4,56364043.2557664
Japan,Japan,Media & Telecommunications,Media,2013,13Q1,23020815.0445315
Japan,Japan,Media & Telecommunications,Media,2013,13Q2,434128913.95354
Japan,Japan,Media & Telecommunications,Media,2013,13Q3,22133716.3114155
Japan,Japan,Media & Telecommunications,Media,2013,13Q4,34021294.9350387
Japan,Japan,Media & Telecommunications,Media,2014,14Q1,21470867.6885098
Japan,Japan,Media & Telecommunications,Media,2014,14Q2,428974253.056624
Japan,Japan,Media & Telecommunications,Media,2014,14Q3,20208553.0496105
Japan,Japan,Media & Telecommunications,Media,2014,14Q4,19000304.4381106
Japan,Japan,Media & Telecommunications,Media,2015,15Q1,17941955.3959628
Japan,Japan,Media & Telecommunications,Media,2015,15Q2,641135689.381418
Japan,Japan,Media & Telecommunications,Media,2015,15Q3,17747757.7279284
Japan,Japan,Media & Telecommunications,Media,2015,15Q4,55113244.2395542
Japan,Japan,Media & Telecommunications,Media,2016,16Q1,19290343.8476509
Japan,Japan,Media & Telecommunications,Media,2016,16Q2,669308921.068277
Japan,Japan,Media & Telecommunications,Media,2016,16Q3,21721759.4243125
Japan,Japan,Media & Telecommunications,Media,2016,16Q4,37656906.8090754
Japan,Japan,Media & Telecommunications,Media,2017,17Q2,1072674007.02777
Japan,Japan,Media & Telecommunications,Media,2017,17Q4,191625078.545461
Japan,Japan,Media & Telecommunications,Media,2018,18Q2,1165800653.92914
Japan,Japan,Media & Telecommunications,Media,2018,18Q4,306910224.871755
Japan,Japan,Media & Telecommunications,Media,2019,19Q2,1374563073.04058
Japan,Japan,Media & Telecommunications,Media,2019,19Q4,401007480.179027
Japan,Japan,Media & Telecommunications,Media,2020,20Q1,20578821.6479984
Japan,Japan,Media & Telecommunications,Media,2020,20Q2,1432767785.60335
Japan,Japan,Media & Telecommunications,Media,2020,20Q3,20924392.292597
Japan,Japan,Media & Telecommunications,Media,2020,20Q4,1084061110.34711
Japan,Japan,Media & Telecommunications,Media,2021,21Q1,20231837.974169
Japan,Japan,Media & Telecommunications,Media,2021,21q2,2240035370.73331
Japan,Japan,Media & Telecommunications,Media,2021,21q3,20033282.1646815
Japan,Japan,Media & Telecommunications,Media,2021,21Q4,800935769.511484
Japan,Japan,Media & Telecommunications,Media,2022,22q1,36361103.4148489
Japan,Japan,Media & Telecommunications,Media,2022,22Q2,1835814480.04525
Japan,Japan,Media & Telecommunications,Media,2022,22Q3,31234221.0199882
Japan,Japan,Media & Telecommunications,Media,2022,22Q4,709823195.500763
Japan,Japan,Media & Telecommunications,Media,2023,23Q1,32946636.705099
Japan,Japan,Media & Telecommunications,Media,2023,23Q2,1555433821.1913
Japan,Japan,Media & Telecommunications,Media,2023,23Q3,28667944.0948324
Japan,Japan,Media & Telecommunications,Media,2023,23q4,810804023.407275
Japan,Japan,Media & Telecommunications,Media,2024,24q1,28320339.2477742
Japan,Japan,Media & Telecommunications,Media,2024,24q2,1466935681.98735
Japan,Japan,Media & Telecommunications,Media,2024,24q3,43905575.1048431
Japan,Japan,Media & Telecommunications,Media,2024,24q4,426490034.412625
Japan,Japan,Media & Telecommunications,Media,2025,25Q1,83686007.7649559
Japan,Japan,Media & Telecommunications,Media,2025,25q2,1292747693.13861
Japan,Japan,Media & Telecommunications,Telecoms,2010,10Q2,1082998682.93125
Japan,Japan,Media & Telecommunications,Telecoms,2010,10Q4,1097606045.38534
Japan,Japan,Media & Telecommunications,Telecoms,2011,11Q2,1171957448.12071
Japan,Japan,Media & Telecommunications,Telecoms,2011,11Q4,1314778136.2983
Japan,Japan,Media & Telecommunications,Telecoms,2012,12Q2,1815896347.59972
Japan,Japan,Media & Telecommunications,Telecoms,2012,12Q4,1598470885.06938
Japan,Japan,Media & Telecommunications,Telecoms,2013,13Q2,1410035197.99256
Japan,Japan,Media & Telecommunications,Telecoms,2013,13Q4,1452343148.1806
Japan,Japan,Media & Telecommunications,Telecoms,2014,14Q2,1861541462.16819
Japan,Japan,Media & Telecommunications,Telecoms,2014,14Q4,1648664369.32573
Japan,Japan,Media & Telecommunications,Telecoms,2015,15Q2,2998074510.40347
Japan,Japan,Media & Telecommunications,Telecoms,2015,15Q4,1885196802.42111
Japan,Japan,Media & Telecommunications,Telecoms,2016,16Q2,2366390829.58324
Japan,Japan,Media & Telecommunications,Telecoms,2016,16Q4,2239522500.01916
Japan,Japan,Media & Telecommunications,Telecoms,2017,17Q2,2398317538.25045
Japan,Japan,Media & Telecommunications,Telecoms,2017,17Q4,2633395889.51128
Japan,Japan,Media & Telecommunications,Telecoms,2018,18Q1,
Japan,Japan,Media & Telecommunications,Telecoms,2018,18Q2,2701745274.5899
Japan,Japan,Media & Telecommunications,Telecoms,2018,18Q4,2794010726.23563
Japan,Japan,Media & Telecommunications,Telecoms,2019,19Q2,3241492703.65972
Japan,Japan,Media & Telecommunications,Telecoms,2019,19Q4,3320440925.20317
Japan,Japan,Media & Telecommunications,Telecoms,2020,20Q2,3485153405.82831
Japan,Japan,Media & Telecommunications,Telecoms,2020,20Q4,3636762885.04609
Japan,Japan,Media & Telecommunications,Telecoms,2021,21q2,3598695076.37166
Japan,Japan,Media & Telecommunications,Telecoms,2021,21Q4,3445561933.64858
Japan,Japan,Media & Telecommunications,Telecoms,2022,22Q2,3001667977.9529
Japan,Japan,Media & Telecommunications,Telecoms,2022,22Q4,2955773450.16292
Japan,Japan,Media & Telecommunications,Telecoms,2023,23Q2,2867241930.13962
Japan,Japan,Media & Telecommunications,Telecoms,2023,23q4,2901367746.76526
Japan,Japan,Media & Telecommunications,Telecoms,2024,24q2,2693212814.92488
Japan,Japan,Media & Telecommunications,Telecoms,2024,24q4,2812915683.86124
Japan,Japan,Media & Telecommunications,Telecoms,2025,25q2,2965520751.91483
Japan,Japan,Mining & Chemicals,Mining & Chemicals,2010,10Q2,524354858.775772
Japan,Japan,Mining & Chemicals,Mining & Chemicals,2010,10Q4,514071830.64524
Japan,Japan,Mining & Chemicals,Mining & Chemicals,2011,11Q2,894544385.1259
Japan,Japan,Mining & Chemicals,Mining & Chemicals,2011,11Q4,799802781.173612
Japan,Japan,Mining & Chemicals,Mining & Chemicals,2012,12Q2,738818489.745569
Japan,Japan,Mining & Chemicals,Mining & Chemicals,2012,12Q4,638801541.638621
Japan,Japan,Mining & Chemicals,Mining & Chemicals,2013,13Q2,631512635.300269
Japan,Japan,Mining & Chemicals,Mining & Chemicals,2013,13Q4,704162046.172944
Japan,Japan,Mining & Chemicals,Mining & Chemicals,2014,14Q2,853556745.355347
Japan,Japan,Mining & Chemicals,Mining & Chemicals,2014,14Q4,646286364.605531
Japan,Japan,Mining & Chemicals,Mining & Chemicals,2015,15Q2,784701415.955364
Japan,Japan,Mining & Chemicals,Mining & Chemicals,2015,15Q4,572535404.665687
Japan,Japan,Mining & Chemicals,Mining & Chemicals,2016,16Q2,834084582.029986
Japan,Japan,Mining & Chemicals,Mining & Chemicals,2016,16Q4,663418103.38511
Japan,Japan,Mining & Chemicals,Mining & Chemicals,2017,17Q1,58475665.0534518
Japan,Japan,Mining & Chemicals,Mining & Chemicals,2017,17Q2,1053272782.18568
Japan,Japan,Mining & Chemicals,Mining & Chemicals,2017,17Q3,59786399.1099535
Japan,Japan,Mining & Chemicals,Mining & Chemicals,2017,17Q4,947252479.145796
Japan,Japan,Mining & Chemicals,Mining & Chemicals,2018,18Q1,67314093.2710696
Japan,Japan,Mining & Chemicals,Mining & Chemicals,2018,18Q2,1184223165.0492
Japan,Japan,Mining & Chemicals,Mining & Chemicals,2018,18Q3,64555242.8498511
Japan,Japan,Mining & Chemicals,Mining & Chemicals,2018,18Q4,1223393919.12158
Japan,Japan,Mining & Chemicals,Mining & Chemicals,2019,19Q1,67697125.4629322
Japan,Japan,Mining & Chemicals,Mining & Chemicals,2019,19Q2,1276782143.01519
Japan,Japan,Mining & Chemicals,Mining & Chemicals,2019,19q3,66873923.989643
Japan,Japan,Mining & Chemicals,Mining & Chemicals,2019,19Q4,1073382670.07625
Japan,Japan,Mining & Chemicals,Mining & Chemicals,2020,20Q1,69176964.9864146
Japan,Japan,Mining & Chemicals,Mining & Chemicals,2020,20Q2,960792363.90801
Japan,Japan,Mining & Chemicals,Mining & Chemicals,2020,20Q3,67386956.0844964
Japan,Japan,Mining & Chemicals,Mining & Chemicals,2020,20Q4,948883603.794669
Japan,Japan,Mining & Chemicals,Mining & Chemicals,2021,21Q1,68181252.0587739
Japan,Japan,Mining & Chemicals,Mining & Chemicals,2021,21q2,1091429549.66249
Japan,Japan,Mining & Chemicals,Mining & Chemicals,2021,21q3,107922256.27578
Japan,Japan,Mining & Chemicals,Mining & Chemicals,2021,21Q4,1669975257.84737
Japan,Japan,Mining & Chemicals,Mining & Chemicals,2022,22q1,97140200.7382325
Japan,Japan,Mining & Chemicals,Mining & Chemicals,2022,22Q2,1858100406.58425
Japan,Japan,Mining & Chemicals,Mining & Chemicals,2022,22Q3,82027486.0665041
Japan,Japan,Mining & Chemicals,Mining & Chemicals,2022,22Q4,1753075946.90637
Japan,Japan,Mining & Chemicals,Mining & Chemicals,2023,23Q1,107339898.466202
Japan,Japan,Mining & Chemicals,Mining & Chemicals,2023,23Q2,1856022337.91362
Japan,Japan,Mining & Chemicals,Mining & Chemicals,2023,23Q3,97142191.0202883
Japan,Japan,Mining & Chemicals,Mining & Chemicals,2023,23q4,1620381246.64276
Japan,Japan,Mining & Chemicals,Mining & Chemicals,2024,24q1,125303764.246312
Japan,Japan,Mining & Chemicals,Mining & Chemicals,2024,24q2,1562306524.46028
Japan,Japan,Mining & Chemicals,Mining & Chemicals,2024,24q3,117331343.140315
Japan,Japan,Mining & Chemicals,Mining & Chemicals,2024,24q4,2219815061.5861
Japan,Japan,Mining & Chemicals,Mining & Chemicals,2025,25Q1,126195962.462515
Japan,Japan,Mining & Chemicals,Mining & Chemicals,2025,25q2,1826466884.41735
Japan,Japan,"Oil, Gas & Energy","Oil, Gas & Energy",2010,10Q2,79207696.907025
Japan,Japan,"Oil, Gas & Energy","Oil, Gas & Energy",2010,10Q4,353800612.464107
Japan,Japan,"Oil, Gas & Energy","Oil, Gas & Energy",2011,11Q2,382724902.871364
Japan,Japan,"Oil, Gas & Energy","Oil, Gas & Energy",2011,11Q4,397869995.421728
Japan,Japan,"Oil, Gas & Energy","Oil, Gas & Energy",2012,12Q2,435060159.397785
Japan,Japan,"Oil, Gas & Energy","Oil, Gas & Energy",2012,12Q4,397868574.944365
Japan,Japan,"Oil, Gas & Energy","Oil, Gas & Energy",2013,13Q2,333969935.150982
Japan,Japan,"Oil, Gas & Energy","Oil, Gas & Energy",2013,13Q4,323422948.54757
Japan,Japan,"Oil, Gas & Energy","Oil, Gas & Energy",2014,14Q2,326525010.702385
Japan,Japan,"Oil, Gas & Energy","Oil, Gas & Energy",2014,14Q4,275663061.840467
Japan,Japan,"Oil, Gas & Energy","Oil, Gas & Energy",2015,15Q2,267455643.827892
Japan,Japan,"Oil, Gas & Energy","Oil, Gas & Energy",2015,15Q4,269073798.943835
Japan,Japan,"Oil, Gas & Energy","Oil, Gas & Energy",2016,16Q2,322712267.400091
Japan,Japan,"Oil, Gas & Energy","Oil, Gas & Energy",2016,16Q4,290228884.501679
Japan,Japan,"Oil, Gas & Energy","Oil, Gas & Energy",2017,17Q2,294681616.692588
Japan,Japan,"Oil, Gas & Energy","Oil, Gas & Energy",2017,17Q4,390104110.310551
Japan,Japan,"Oil, Gas & Energy","Oil, Gas & Energy",2018,18Q2,429604220.528437
Japan,Japan,"Oil, Gas & Energy","Oil, Gas & Energy",2018,18Q4,419088097.565829
Japan,Japan,"Oil, Gas & Energy","Oil, Gas & Energy",2019,19Q2,549369487.800282
Japan,Japan,"Oil, Gas & Energy","Oil, Gas & Energy",2019,19Q4,497475024.308176
Japan,Japan,"Oil, Gas & Energy","Oil, Gas & Energy",2020,20Q1,240436866.566549
Japan,Japan,"Oil, Gas & Energy","Oil, Gas & Energy",2020,20Q2,331048688.465245
Japan,Japan,"Oil, Gas & Energy","Oil, Gas & Energy",2020,20Q3,165553872.097262
Japan,Japan,"Oil, Gas & Energy","Oil, Gas & Energy",2020,20Q4,341025106.319547
Japan,Japan,"Oil, Gas & Energy","Oil, Gas & Energy",2021,21Q1,160174199.996755
Japan,Japan,"Oil, Gas & Energy","Oil, Gas & Energy",2021,21q2,321203245.651229
Japan,Japan,"Oil, Gas & Energy","Oil, Gas & Energy",2021,21q3,265864936.730112
Japan,Japan,"Oil, Gas & Energy","Oil, Gas & Energy",2021,21Q4,313191204.669458
Japan,Japan,"Oil, Gas & Energy","Oil, Gas & Energy",2022,22q1,331418207.193394
Japan,Japan,"Oil, Gas & Energy","Oil, Gas & Energy",2022,22Q2,259678502.205115
Japan,Japan,"Oil, Gas & Energy","Oil, Gas & Energy",2022,22Q3,297100505.598966
Japan,Japan,"Oil, Gas & Energy","Oil, Gas & Energy",2022,22Q4,261407418.929937
Japan,Japan,"Oil, Gas & Energy","Oil, Gas & Energy",2023,23Q1,334880564.563993
Japan,Japan,"Oil, Gas & Energy","Oil, Gas & Energy",2023,23Q2,230674902.088044
Japan,Japan,"Oil, Gas & Energy","Oil, Gas & Energy",2023,23Q3,351343459.890756
Japan,Japan,"Oil, Gas & Energy","Oil, Gas & Energy",2023,23q4,225933609.3644
Japan,Japan,"Oil, Gas & Energy","Oil, Gas & Energy",2024,24q1,338937657.334529
Japan,Japan,"Oil, Gas & Energy","Oil, Gas & Energy",2024,24q2,207735956.524432
Japan,Japan,"Oil, Gas & Energy","Oil, Gas & Energy",2024,24q3,368393891.450781
Japan,Japan,"Oil, Gas & Energy","Oil, Gas & Energy",2024,24q4,262523294.385135
Japan,Japan,"Oil, Gas & Energy","Oil, Gas & Energy",2025,25Q1,362062664.6973
Japan,Japan,"Oil, Gas & Energy","Oil, Gas & Energy",2025,25q2,272126582.435693
Japan,Japan,Property,Property,2010,10Q2,372896214.114908
Japan,Japan,Property,Property,2010,10Q4,272529829.921525
Japan,Japan,Property,Property,2011,11Q2,430873610.200085
Japan,Japan,Property,Property,2011,11Q4,292481276.197135
Japan,Japan,Property,Property,2012,12Q2,473705490.132898
Japan,Japan,Property,Property,2012,12Q4,278664222.139006
Japan,Japan,Property,Property,2013,13Q2,440893726.652795
Japan,Japan,Property,Property,2013,13Q4,351384754.425044
Japan,Japan,Property,Property,2014,14Q2,420626519.068469
Japan,Japan,Property,Property,2014,14Q4,339942070.018835
Japan,Japan,Property,Property,2015,15Q2,434963808.795091
Japan,Japan,Property,Property,2015,15Q4,423190290.199803
Japan,Japan,Property,Property,2016,16Q2,619728742.042613
Japan,Japan,Property,Property,2016,16Q4,528261390.841607
Japan,Japan,Property,Property,2017,17Q2,658389923.691775
Japan,Japan,Property,Property,2017,17Q4,627078527.143224
Japan,Japan,Property,Property,2018,18Q2,805814416.121922
Japan,Japan,Property,Property,2018,18Q4,688816637.164399
Japan,Japan,Property,Property,2019,19Q2,907166124.169172
Japan,Japan,Property,Property,2019,19Q4,799669824.913649
Japan,Japan,Property,Property,2020,20Q2,887569764.990446
Japan,Japan,Property,Property,2020,20Q4,770417003.853241
Japan,Japan,Property,Property,2021,21q2,915766893.403074
Japan,Japan,Property,Property,2021,21Q4,799553883.225323
Japan,Japan,Property,Property,2022,22Q2,866697049.744166
Japan,Japan,Property,Property,2022,22Q4,781869809.291581
Japan,Japan,Property,Property,2023,23Q2,798994620.408014
Japan,Japan,Property,Property,2023,23q4,779051430.601525
Japan,Japan,Property,Property,2024,24q2,869697804.496424
Japan,Japan,Property,Property,2024,24q4,879011011.271996
Japan,Japan,Property,Property,2025,25q2,979298743.818109
Japan,Japan,Technology,IT Hardware,2010,10Q1,785070547.179519
Japan,Japan,Technology,IT Hardware,2010,10Q2,352609996.549781
Japan,Japan,Technology,IT Hardware,2010,10Q3,863226478.662347
Japan,Japan,Technology,IT Hardware,2010,10Q4,449632160.645175
Japan,Japan,Technology,IT Hardware,2011,11Q1,1046025963.72625
Japan,Japan,Technology,IT Hardware,2011,11Q2,485476209.896342
Japan,Japan,Technology,IT Hardware,2011,11Q3,1041256919.07147
Japan,Japan,Technology,IT Hardware,2011,11Q4,495616454.361249
Japan,Japan,Technology,IT Hardware,2012,12Q1,972426161.567631
Japan,Japan,Technology,IT Hardware,2012,12Q2,484647226.842237
Japan,Japan,Technology,IT Hardware,2012,12Q3,1029076023.27882
Japan,Japan,Technology,IT Hardware,2012,12Q4,465537827.430495
Japan,Japan,Technology,IT Hardware,2013,13Q1,993017028.664652
Japan,Japan,Technology,IT Hardware,2013,13Q2,401580565.585311
Japan,Japan,Technology,IT Hardware,2013,13Q3,891874077.340006
Japan,Japan,Technology,IT Hardware,2013,13Q4,337098613.215434
Japan,Japan,Technology,IT Hardware,2014,14Q1,841817987.886624
Japan,Japan,Technology,IT Hardware,2014,14Q2,526085641.546559
Japan,Japan,Technology,IT Hardware,2014,14Q3,833361750.801205
Japan,Japan,Technology,IT Hardware,2014,14Q4,479826181.172367
Japan,Japan,Technology,IT Hardware,2015,15Q1,944788421.896739
Japan,Japan,Technology,IT Hardware,2015,15Q2,615707971.817058
Japan,Japan,Technology,IT Hardware,2015,15Q3,864693310.034821
Japan,Japan,Technology,IT Hardware,2015,15Q4,534347970.534969
Japan,Japan,Technology,IT Hardware,2016,16Q1,890006321.666741
Japan,Japan,Technology,IT Hardware,2016,16Q2,751821511.623438
Japan,Japan,Technology,IT Hardware,2016,16Q3,1025123169.83361
Japan,Japan,Technology,IT Hardware,2016,16Q4,608218364.718062
Japan,Japan,Technology,IT Hardware,2017,17Q1,897713907.316591
Japan,Japan,Technology,IT Hardware,2017,17Q2,735142072.784759
Japan,Japan,Technology,IT Hardware,2017,17Q3,915962392.342866
Japan,Japan,Technology,IT Hardware,2017,17Q4,755270778.814465
Japan,Japan,Technology,IT Hardware,2018,18Q1,1066007254.2385
Japan,Japan,Technology,IT Hardware,2018,18Q2,780737793.412783
Japan,Japan,Technology,IT Hardware,2018,18Q3,960881398.451209
Japan,Japan,Technology,IT Hardware,2018,18Q4,859395919.435461
Japan,Japan,Technology,IT Hardware,2019,19Q1,964006779.701131
Japan,Japan,Technology,IT Hardware,2019,19Q2,1558006274.86641
Japan,Japan,Technology,IT Hardware,2019,19q3,1006851423.50682
Japan,Japan,Technology,IT Hardware,2019,19Q4,1013561946.51457
Japan,Japan,Technology,IT Hardware,2020,20Q1,987195911.389466
Japan,Japan,Technology,IT Hardware,2020,20Q2,1157621516.0053
Japan,Japan,Technology,IT Hardware,2020,20Q3,501202861.564307
Japan,Japan,Technology,IT Hardware,2020,20Q4,1151512855.95686
Japan,Japan,Technology,IT Hardware,2021,21Q1,482810316.746285
Japan,Japan,Technology,IT Hardware,2021,21q2,1208175079.5274
Japan,Japan,Technology,IT Hardware,2021,21q3,545754502.532943
Japan,Japan,Technology,IT Hardware,2021,21Q4,1463648952.98648
Japan,Japan,Technology,IT Hardware,2022,22q1,604383036.547953
Japan,Japan,Technology,IT Hardware,2022,22Q2,1115981991.11641
Japan,Japan,Technology,IT Hardware,2022,22Q3,582981023.861376
Japan,Japan,Technology,IT Hardware,2022,22Q4,1279285443.21385
Japan,Japan,Technology,IT Hardware,2023,23Q1,601290920.692587
Japan,Japan,Technology,IT Hardware,2023,23Q2,1215786559.79708
Japan,Japan,Technology,IT Hardware,2023,23Q3,636945291.011808
Japan,Japan,Technology,IT Hardware,2023,23q4,1874158209.37877
Japan,Japan,Technology,IT Hardware,2024,24q1,616891411.756792
Japan,Japan,Technology,IT Hardware,2024,24q2,1153889302.68903
Japan,Japan,Technology,IT Hardware,2024,24q3,693897477.748273
Japan,Japan,Technology,IT Hardware,2024,24q4,2037523254.65262
Japan,Japan,Technology,IT Hardware,2025,25Q1,713528668.688859
Japan,Japan,Technology,IT Hardware,2025,25q2,1477369841.19976
Japan,Japan,Technology,Semiconductors,2010,10Q2,30511914.3863982
Japan,Japan,Technology,Semiconductors,2010,10Q4,103457167.446028
Japan,Japan,Technology,Semiconductors,2011,11Q2,198674941.721422
Japan,Japan,Technology,Semiconductors,2011,11Q4,148725825.046391
Japan,Japan,Technology,Semiconductors,2012,12Q2,96017443.4787966
Japan,Japan,Technology,Semiconductors,2012,12Q4,95645719.2847465
Japan,Japan,Technology,Semiconductors,2013,13Q2,72017123.8753633
Japan,Japan,Technology,Semiconductors,2013,13Q4,79747671.7326332
Japan,Japan,Technology,Semiconductors,2014,14Q2,67479896.5111383
Japan,Japan,Technology,Semiconductors,2014,14Q3,17480730.4474655
Japan,Japan,Technology,Semiconductors,2014,14Q4,74840817.4252162
Japan,Japan,Technology,Semiconductors,2015,15Q1,53167771.294866
Japan,Japan,Technology,Semiconductors,2015,15Q2,140288350.244629
Japan,Japan,Technology,Semiconductors,2015,15Q4,224371858.417571
Japan,Japan,Technology,Semiconductors,2016,16Q2,267762697.534512
Japan,Japan,Technology,Semiconductors,2016,16Q4,236817894.322917
Japan,Japan,Technology,Semiconductors,2017,17Q2,448204770.898113
Japan,Japan,Technology,Semiconductors,2017,17Q4,472634207.653515
Japan,Japan,Technology,Semiconductors,2018,18Q2,649258796.189982
Japan,Japan,Technology,Semiconductors,2018,18Q4,724800115.300616
Japan,Japan,Technology,Semiconductors,2019,19Q2,667224104.707952
Japan,Japan,Technology,Semiconductors,2019,19Q4,478131916.503736
Japan,Japan,Technology,Semiconductors,2020,20Q2,687213617.471364
Japan,Japan,Technology,Semiconductors,2020,20Q4,656728048.039689
Japan,Japan,Technology,Semiconductors,2021,21q2,928910698.129854
Japan,Japan,Technology,Semiconductors,2021,21Q4,1042956826.98025
Japan,Japan,Technology,Semiconductors,2022,22Q2,1197417327.25474
Japan,Japan,Technology,Semiconductors,2022,22Q4,1152035555.6289
Japan,Japan,Technology,Semiconductors,2023,23Q2,1532082284.20442
Japan,Japan,Technology,Semiconductors,2023,23q4,877705262.873259
Japan,Japan,Technology,Semiconductors,2024,24q1,362329153.47252
Japan,Japan,Technology,Semiconductors,2024,24q2,978309767.548879
Japan,Japan,Technology,Semiconductors,2024,24q4,1020574789.60172
Japan,Japan,Technology,Semiconductors,2025,25Q1,350255562.24358
Japan,Japan,Technology,Semiconductors,2025,25q2,1385303335.99018
Japan,Japan,Technology,Software & IT Services,2010,10Q1,99685243.4225367
Japan,Japan,Technology,Software & IT Services,2010,10Q2,405814367.120077
Japan,Japan,Technology,Software & IT Services,2010,10Q3,147875698.352131
Japan,Japan,Technology,Software & IT Services,2010,10Q4,314625677.537359
Japan,Japan,Technology,Software & IT Services,2011,11Q1,108043267.258723
Japan,Japan,Technology,Software & IT Services,2011,11Q2,327331157.606602
Japan,Japan,Technology,Software & IT Services,2011,11Q3,644954904.079627
Japan,Japan,Technology,Software & IT Services,2011,11Q4,340395014.114581
Japan,Japan,Technology,Software & IT Services,2012,12Q2,333622586.351049
Japan,Japan,Technology,Software & IT Services,2012,12Q3,121160592.435188
Japan,Japan,Technology,Software & IT Services,2012,12Q4,322933283.714413
Japan,Japan,Technology,Software & IT Services,2013,13Q2,274259720.002793
Japan,Japan,Technology,Software & IT Services,2013,13Q3,111332238.470711
Japan,Japan,Technology,Software & IT Services,2013,13Q4,163343145.06
Japan,Japan,Technology,Software & IT Services,2014,14Q2,361221732.416942
Japan,Japan,Technology,Software & IT Services,2014,14Q3,106861014.062117
Japan,Japan,Technology,Software & IT Services,2014,14Q4,223785853.807976
Japan,Japan,Technology,Software & IT Services,2015,15Q2,319314866.442886
Japan,Japan,Technology,Software & IT Services,2015,15Q3,96748579.7483984
Japan,Japan,Technology,Software & IT Services,2015,15Q4,246572122.65522
Japan,Japan,Technology,Software & IT Services,2016,16Q2,461276375.554609
Japan,Japan,Technology,Software & IT Services,2016,16Q3,652779610.752548
Japan,Japan,Technology,Software & IT Services,2016,16Q4,280804790.920985
Japan,Japan,Technology,Software & IT Services,2017,17Q2,472019783.096778
Japan,Japan,Technology,Software & IT Services,2017,17Q3,131372410.275729
Japan,Japan,Technology,Software & IT Services,2017,17Q4,334673359.28522
Japan,Japan,Technology,Software & IT Services,2018,18Q2,515232894.090049
Japan,Japan,Technology,Software & IT Services,2018,18Q3,138984773.160234
Japan,Japan,Technology,Software & IT Services,2018,18Q4,267937308.28879
Japan,Japan,Technology,Software & IT Services,2019,19Q2,535401749.290629
Japan,Japan,Technology,Software & IT Services,2019,19q3,164248447.324605
Japan,Japan,Technology,Software & IT Services,2019,19Q4,507231035.818919
Japan,Japan,Technology,Software & IT Services,2020,20Q2,590971094.917608
Japan,Japan,Technology,Software & IT Services,2020,20Q3,180917003.769514
Japan,Japan,Technology,Software & IT Services,2020,20Q4,604116998.758554
Japan,Japan,Technology,Software & IT Services,2021,21q2,628771446.321703
Japan,Japan,Technology,Software & IT Services,2021,21q3,1341430164.67681
Japan,Japan,Technology,Software & IT Services,2021,21Q4,621723375.416996
Japan,Japan,Technology,Software & IT Services,2022,22Q2,587865287.949515
Japan,Japan,Technology,Software & IT Services,2022,22Q3,152317226.464963
Japan,Japan,Technology,Software & IT Services,2022,22Q4,570329342.975895
Japan,Japan,Technology,Software & IT Services,2023,23Q2,596584120.694933
Japan,Japan,Technology,Software & IT Services,2023,23Q3,145984443.755503
Japan,Japan,Technology,Software & IT Services,2023,23q4,585183816.80763
Japan,Japan,Technology,Software & IT Services,2024,24q2,594238784.720435
Japan,Japan,Technology,Software & IT Services,2024,24q3,598570707.06377
Japan,Japan,Technology,Software & IT Services,2024,24q4,1063709047.94788
Japan,Japan,Technology,Software & IT Services,2025,25q2,723886050.912093
Japan,Japan,Utilities,Utilities,2010,10Q2,558970323.684945
Japan,Japan,Utilities,Utilities,2010,10Q4,584127351.927501
Japan,Japan,Utilities,Utilities,2011,11Q2,605180742.481872
Japan,Japan,Utilities,Utilities,2011,11Q4,621311707.534549
Japan,Japan,Utilities,Utilities,2012,12Q2,605642976.357197
Japan,Japan,Utilities,Utilities,2012,12Q4,242254357.436128
Japan,Japan,Utilities,Utilities,2013,13Q2,237115374.123121
Japan,Japan,Utilities,Utilities,2013,13Q4,214556308.034242
Japan,Japan,Utilities,Utilities,2014,14Q2,216801241.86205
Japan,Japan,Utilities,Utilities,2014,14Q4,182071808.289206
Japan,Japan,Utilities,Utilities,2015,15Q2,184656522.80827
Japan,Japan,Utilities,Utilities,2015,15Q4,182115217.561985
Japan,Japan,Utilities,Utilities,2016,16Q2,241716253.192196
Japan,Japan,Utilities,Utilities,2016,16Q4,202577645.211438
Japan,Japan,Utilities,Utilities,2017,17Q2,413875884.371752
Japan,Japan,Utilities,Utilities,2017,17Q4,166961243.260002
Japan,Japan,Utilities,Utilities,2018,18Q2,377872192.451861
Japan,Japan,Utilities,Utilities,2018,18Q4,407969991.340691
Japan,Japan,Utilities,Utilities,2019,19Q2,451449118.976728
Japan,Japan,Utilities,Utilities,2019,19Q4,431736767.512197
Japan,Japan,Utilities,Utilities,2020,20Q2,438578623.236062
Japan,Japan,Utilities,Utilities,2020,20Q4,452580813.672722
Japan,Japan,Utilities,Utilities,2021,21q2,435312616.178447
Japan,Japan,Utilities,Utilities,2021,21Q4,424029625.144143
Japan,Japan,Utilities,Utilities,2022,22Q2,380384982.633427
Japan,Japan,Utilities,Utilities,2022,22Q4,359942030.561719
Japan,Japan,Utilities,Utilities,2023,23Q2,350462094.86876
Japan,Japan,Utilities,Utilities,2023,23q4,346237731.175325
Japan,Japan,Utilities,Utilities,2024,24q2,369799560.55636
Japan,Japan,Utilities,Utilities,2024,24q4,410484702.941716
Japan,Japan,Utilities,Utilities,2025,25q2,489760882.798252
"Pacific Ex China, Hong Kong & Japan",Australia,Consumer Cyclical,General Retail,2010,10Q1,507416285.949006
"Pacific Ex China, Hong Kong & Japan",Australia,Consumer Cyclical,General Retail,2010,10Q3,681278898.161925
"Pacific Ex China, Hong Kong & Japan",Australia,Consumer Cyclical,General Retail,2011,11Q1,675684357.154072
"Pacific Ex China, Hong Kong & Japan",Australia,Consumer Cyclical,General Retail,2011,11Q3,830886871.5522
"Pacific Ex China, Hong Kong & Japan",Australia,Consumer Cyclical,General Retail,2012,12Q1,729857403.48332
"Pacific Ex China, Hong Kong & Japan",Australia,Consumer Cyclical,General Retail,2012,12Q3,994340647.8482
"Pacific Ex China, Hong Kong & Japan",Australia,Consumer Cyclical,General Retail,2013,13Q1,808103468.352257
"Pacific Ex China, Hong Kong & Japan",Australia,Consumer Cyclical,General Retail,2013,13Q3,965900756.298397
"Pacific Ex China, Hong Kong & Japan",Australia,Consumer Cyclical,General Retail,2013,13Q4,459378260.992175
"Pacific Ex China, Hong Kong & Japan",Australia,Consumer Cyclical,General Retail,2014,14Q2,897976735.700818
"Pacific Ex China, Hong Kong & Japan",Australia,Consumer Cyclical,General Retail,2014,14Q4,2099587343.66624
"Pacific Ex China, Hong Kong & Japan",Australia,Consumer Cyclical,General Retail,2015,15Q2,757805851.092309
"Pacific Ex China, Hong Kong & Japan",Australia,Consumer Cyclical,General Retail,2015,15Q3,875962277.620208
"Pacific Ex China, Hong Kong & Japan",Australia,Consumer Cyclical,General Retail,2016,16Q2,770377831.31764
"Pacific Ex China, Hong Kong & Japan",Australia,Consumer Cyclical,General Retail,2016,16Q4,813066645.536
"Pacific Ex China, Hong Kong & Japan",Australia,Consumer Cyclical,General Retail,2017,17Q1,889551192.70562
"Pacific Ex China, Hong Kong & Japan",Australia,Consumer Cyclical,General Retail,2017,17Q3,1066036595.5284
"Pacific Ex China, Hong Kong & Japan",Australia,Consumer Cyclical,General Retail,2018,18Q2,897555305.528773
"Pacific Ex China, Hong Kong & Japan",Australia,Consumer Cyclical,General Retail,2018,18Q4,982291155.25428
"Pacific Ex China, Hong Kong & Japan",Australia,Consumer Cyclical,General Retail,2019,19Q2,1619917644.45262
"Pacific Ex China, Hong Kong & Japan",Australia,Consumer Cyclical,General Retail,2019,19Q4,595065437.327166
"Pacific Ex China, Hong Kong & Japan",Australia,Consumer Cyclical,General Retail,2020,20Q1,520475190.087075
"Pacific Ex China, Hong Kong & Japan",Australia,Consumer Cyclical,General Retail,2020,20Q4,773661759.211604
"Pacific Ex China, Hong Kong & Japan",Australia,Consumer Cyclical,General Retail,2021,21Q1,759958659.947602
"Pacific Ex China, Hong Kong & Japan",Australia,Consumer Cyclical,General Retail,2021,21Q4,2355263973.49329
"Pacific Ex China, Hong Kong & Japan",Australia,Consumer Cyclical,General Retail,2022,22q1,682617179.29368
"Pacific Ex China, Hong Kong & Japan",Australia,Consumer Cyclical,General Retail,2022,22Q4,729115967.6181
"Pacific Ex China, Hong Kong & Japan",Australia,Consumer Cyclical,General Retail,2023,23Q1,668552040.471524
"Pacific Ex China, Hong Kong & Japan",Australia,Consumer Cyclical,General Retail,2023,23q4,741629347.577357
"Pacific Ex China, Hong Kong & Japan",Australia,Consumer Cyclical,General Retail,2024,24q1,673342901.924784
"Pacific Ex China, Hong Kong & Japan",Australia,Consumer Cyclical,General Retail,2024,24q4,814790686.723848
"Pacific Ex China, Hong Kong & Japan",Australia,Consumer Cyclical,General Retail,2025,25Q1,676133703.539438
"Pacific Ex China, Hong Kong & Japan",Australia,Consumer Cyclical,Household services,2010,10Q3,18075559.379535
"Pacific Ex China, Hong Kong & Japan",Australia,Consumer Cyclical,Household services,2011,11Q1,8226823.109415
"Pacific Ex China, Hong Kong & Japan",Australia,Consumer Cyclical,Household services,2011,11Q3,13035130.2593325
"Pacific Ex China, Hong Kong & Japan",Australia,Consumer Cyclical,Household services,2012,12Q2,22553960.3058039
"Pacific Ex China, Hong Kong & Japan",Australia,Consumer Cyclical,Household services,2012,12Q3,22898718.170844
"Pacific Ex China, Hong Kong & Japan",Australia,Consumer Cyclical,Household services,2012,12Q4,11499823.370185
"Pacific Ex China, Hong Kong & Japan",Australia,Consumer Cyclical,Household services,2013,13Q2,35331835.6525015
"Pacific Ex China, Hong Kong & Japan",Australia,Consumer Cyclical,Household services,2013,13Q4,36865053.532185
"Pacific Ex China, Hong Kong & Japan",Australia,Consumer Cyclical,Household services,2014,14Q2,41543835.66098
"Pacific Ex China, Hong Kong & Japan",Australia,Consumer Cyclical,Household services,2014,14Q4,41074930.806588
"Pacific Ex China, Hong Kong & Japan",Australia,Consumer Cyclical,Household services,2015,15Q3,38118070.29542
"Pacific Ex China, Hong Kong & Japan",Australia,Consumer Cyclical,Household services,2015,15Q4,41167803.581496
"Pacific Ex China, Hong Kong & Japan",Australia,Consumer Cyclical,Household services,2016,16Q3,47669290.86624
"Pacific Ex China, Hong Kong & Japan",Australia,Consumer Cyclical,Household services,2016,16Q4,69360261.933375
"Pacific Ex China, Hong Kong & Japan",Australia,Consumer Cyclical,Household services,2017,17Q3,68370199.2288
"Pacific Ex China, Hong Kong & Japan",Australia,Consumer Cyclical,Household services,2017,17Q4,97895203.6365
"Pacific Ex China, Hong Kong & Japan",Australia,Consumer Cyclical,Household services,2018,18Q3,89494197.527025
"Pacific Ex China, Hong Kong & Japan",Australia,Consumer Cyclical,Household services,2018,18Q4,123727826.496825
"Pacific Ex China, Hong Kong & Japan",Australia,Consumer Cyclical,Household services,2019,19q3,98265553.6243115
"Pacific Ex China, Hong Kong & Japan",Australia,Consumer Cyclical,Household services,2019,19Q4,148836346.8042
"Pacific Ex China, Hong Kong & Japan",Australia,Consumer Cyclical,Household services,2020,20Q4,48596402.53575
"Pacific Ex China, Hong Kong & Japan",Australia,Consumer Cyclical,Household services,2021,21q3,71740430.4634189
"Pacific Ex China, Hong Kong & Japan",Australia,Consumer Cyclical,Household services,2021,21Q4,124509085.663066
"Pacific Ex China, Hong Kong & Japan",Australia,Consumer Cyclical,Household services,2022,22Q3,117893207.518346
"Pacific Ex China, Hong Kong & Japan",Australia,Consumer Cyclical,Household services,2022,22Q4,114567049.634856
"Pacific Ex China, Hong Kong & Japan",Australia,Consumer Cyclical,Household services,2023,23Q3,131483504.87163
"Pacific Ex China, Hong Kong & Japan",Australia,Consumer Cyclical,Household services,2023,23q4,149142230.196228
"Pacific Ex China, Hong Kong & Japan",Australia,Consumer Cyclical,Household services,2024,24q3,151974366.110586
"Pacific Ex China, Hong Kong & Japan",Australia,Consumer Cyclical,Household services,2024,24q4,165146613.455242
"Pacific Ex China, Hong Kong & Japan",Australia,Consumer Defensive,Food Retail,2010,10Q2,605773764.381607
"Pacific Ex China, Hong Kong & Japan",Australia,Consumer Defensive,Food Retail,2010,10Q4,757834250.199523
"Pacific Ex China, Hong Kong & Japan",Australia,Consumer Defensive,Food Retail,2011,11Q2,756576219.664278
"Pacific Ex China, Hong Kong & Japan",Australia,Consumer Defensive,Food Retail,2011,11Q4,817977764.04366
"Pacific Ex China, Hong Kong & Japan",Australia,Consumer Defensive,Food Retail,2012,12Q2,755826707.358285
"Pacific Ex China, Hong Kong & Japan",Australia,Consumer Defensive,Food Retail,2012,12Q4,845025821.925795
"Pacific Ex China, Hong Kong & Japan",Australia,Consumer Defensive,Food Retail,2013,13Q2,792626183.745795
"Pacific Ex China, Hong Kong & Japan",Australia,Consumer Defensive,Food Retail,2013,13Q4,840290774.693126
"Pacific Ex China, Hong Kong & Japan",Australia,Consumer Defensive,Food Retail,2014,14Q2,755801951.431705
"Pacific Ex China, Hong Kong & Japan",Australia,Consumer Defensive,Food Retail,2014,14Q4,790969423.992876
"Pacific Ex China, Hong Kong & Japan",Australia,Consumer Defensive,Food Retail,2015,15Q2,662155949.425296
"Pacific Ex China, Hong Kong & Japan",Australia,Consumer Defensive,Food Retail,2015,15Q4,669107247.963054
"Pacific Ex China, Hong Kong & Japan",Australia,Consumer Defensive,Food Retail,2016,16Q2,423323739.92656
"Pacific Ex China, Hong Kong & Japan",Australia,Consumer Defensive,Food Retail,2016,16Q4,320016387.224622
"Pacific Ex China, Hong Kong & Japan",Australia,Consumer Defensive,Food Retail,2017,17Q2,328897686.742902
"Pacific Ex China, Hong Kong & Japan",Australia,Consumer Defensive,Food Retail,2017,17Q4,502330675.476
"Pacific Ex China, Hong Kong & Japan",Australia,Consumer Defensive,Food Retail,2018,18Q2,431020992.434197
"Pacific Ex China, Hong Kong & Japan",Australia,Consumer Defensive,Food Retail,2018,18Q4,560776189.56759
"Pacific Ex China, Hong Kong & Japan",Australia,Consumer Defensive,Food Retail,2019,19Q2,421122235.604705
"Pacific Ex China, Hong Kong & Japan",Australia,Consumer Defensive,Food Retail,2019,19q3,803979175.136221
"Pacific Ex China, Hong Kong & Japan",Australia,Consumer Defensive,Food Retail,2020,20Q1,245189617.42176
"Pacific Ex China, Hong Kong & Japan",Australia,Consumer Defensive,Food Retail,2020,20Q2,365993576.655223
"Pacific Ex China, Hong Kong & Japan",Australia,Consumer Defensive,Food Retail,2020,20Q3,261091737.81512
"Pacific Ex China, Hong Kong & Japan",Australia,Consumer Defensive,Food Retail,2020,20Q4,434251007.5968
"Pacific Ex China, Hong Kong & Japan",Australia,Consumer Defensive,Food Retail,2021,21Q1,335716089.275952
"Pacific Ex China, Hong Kong & Japan",Australia,Consumer Defensive,Food Retail,2021,21q2,517769464.336282
"Pacific Ex China, Hong Kong & Japan",Australia,Consumer Defensive,Food Retail,2021,21q3,270283502.862912
"Pacific Ex China, Hong Kong & Japan",Australia,Consumer Defensive,Food Retail,2021,21Q4,510113058.5012
"Pacific Ex China, Hong Kong & Japan",Australia,Consumer Defensive,Food Retail,2022,22q1,330897487.350548
"Pacific Ex China, Hong Kong & Japan",Australia,Consumer Defensive,Food Retail,2022,22Q2,350319753.207625
"Pacific Ex China, Hong Kong & Japan",Australia,Consumer Defensive,Food Retail,2022,22Q3,675242103.655567
"Pacific Ex China, Hong Kong & Japan",Australia,Consumer Defensive,Food Retail,2023,23Q1,323085039.524532
"Pacific Ex China, Hong Kong & Japan",Australia,Consumer Defensive,Food Retail,2023,23Q2,378695217.766415
"Pacific Ex China, Hong Kong & Japan",Australia,Consumer Defensive,Food Retail,2023,23Q3,706804139.753768
"Pacific Ex China, Hong Kong & Japan",Australia,Consumer Defensive,Food Retail,2024,24q1,314339989.241376
"Pacific Ex China, Hong Kong & Japan",Australia,Consumer Defensive,Food Retail,2024,24q2,374199049.58106
"Pacific Ex China, Hong Kong & Japan",Australia,Consumer Defensive,Food Retail,2024,24q3,1116189435.51866
"Pacific Ex China, Hong Kong & Japan",Australia,Consumer Defensive,Food Retail,2025,25Q1,312793094.692718
"Pacific Ex China, Hong Kong & Japan",Australia,Consumer Defensive,Food Retail,2025,25q2,305361937.479932
"Pacific Ex China, Hong Kong & Japan",Australia,Financial,Banks,2010,10Q2,1695405358.32444
"Pacific Ex China, Hong Kong & Japan",Australia,Financial,Banks,2010,10Q3,3008155531.43738
"Pacific Ex China, Hong Kong & Japan",Australia,Financial,Banks,2010,10Q4,6387735287.37334
"Pacific Ex China, Hong Kong & Japan",Australia,Financial,Banks,2011,11Q2,2119422344.03909
"Pacific Ex China, Hong Kong & Japan",Australia,Financial,Banks,2011,11Q3,4402721235.06529
"Pacific Ex China, Hong Kong & Japan",Australia,Financial,Banks,2011,11Q4,7168501806.89858
"Pacific Ex China, Hong Kong & Japan",Australia,Financial,Banks,2012,12Q2,2233403081.47409
"Pacific Ex China, Hong Kong & Japan",Australia,Financial,Banks,2012,12Q3,4627691994.94474
"Pacific Ex China, Hong Kong & Japan",Australia,Financial,Banks,2012,12Q4,8101200376.23956
"Pacific Ex China, Hong Kong & Japan",Australia,Financial,Banks,2013,13Q2,2738944870.76423
"Pacific Ex China, Hong Kong & Japan",Australia,Financial,Banks,2013,13Q3,4741918228.06109
"Pacific Ex China, Hong Kong & Japan",Australia,Financial,Banks,2013,13Q4,7746537847.03096
"Pacific Ex China, Hong Kong & Japan",Australia,Financial,Banks,2014,14Q2,2723135352.06472
"Pacific Ex China, Hong Kong & Japan",Australia,Financial,Banks,2014,14Q3,4830771581.26295
"Pacific Ex China, Hong Kong & Japan",Australia,Financial,Banks,2014,14Q4,7356234066.94918
"Pacific Ex China, Hong Kong & Japan",Australia,Financial,Banks,2015,15Q2,2432377539.21536
"Pacific Ex China, Hong Kong & Japan",Australia,Financial,Banks,2015,15Q3,4016787267.12235
"Pacific Ex China, Hong Kong & Japan",Australia,Financial,Banks,2015,15Q4,6606096424.81519
"Pacific Ex China, Hong Kong & Japan",Australia,Financial,Banks,2016,16Q1,2600786967.06411
"Pacific Ex China, Hong Kong & Japan",Australia,Financial,Banks,2016,16Q3,7240099756.15193
"Pacific Ex China, Hong Kong & Japan",Australia,Financial,Banks,2016,16Q4,4252190870.49774
"Pacific Ex China, Hong Kong & Japan",Australia,Financial,Banks,2017,17Q1,2591389938.51009
"Pacific Ex China, Hong Kong & Japan",Australia,Financial,Banks,2017,17Q3,7530198317.29955
"Pacific Ex China, Hong Kong & Japan",Australia,Financial,Banks,2017,17Q4,4486455523.53574
"Pacific Ex China, Hong Kong & Japan",Australia,Financial,Banks,2018,18Q1,2688159237.2726
"Pacific Ex China, Hong Kong & Japan",Australia,Financial,Banks,2018,18Q3,7306538444.57425
"Pacific Ex China, Hong Kong & Japan",Australia,Financial,Banks,2018,18Q4,4237803828.27539
"Pacific Ex China, Hong Kong & Japan",Australia,Financial,Banks,2019,19Q1,2505773880.53934
"Pacific Ex China, Hong Kong & Japan",Australia,Financial,Banks,2019,19Q2,2254080543.54479
"Pacific Ex China, Hong Kong & Japan",Australia,Financial,Banks,2019,19q3,4404855069.51778
"Pacific Ex China, Hong Kong & Japan",Australia,Financial,Banks,2019,19Q4,3622551807.18838
"Pacific Ex China, Hong Kong & Japan",Australia,Financial,Banks,2020,20Q1,2166950180.5187
"Pacific Ex China, Hong Kong & Japan",Australia,Financial,Banks,2020,20Q3,1908748376.09634
"Pacific Ex China, Hong Kong & Japan",Australia,Financial,Banks,2020,20Q4,1593927725.48218
"Pacific Ex China, Hong Kong & Japan",Australia,Financial,Banks,2021,21Q1,2022336956.61503
"Pacific Ex China, Hong Kong & Japan",Australia,Financial,Banks,2021,21q2,1617860099.49259
"Pacific Ex China, Hong Kong & Japan",Australia,Financial,Banks,2021,21q3,4033010459.25051
"Pacific Ex China, Hong Kong & Japan",Australia,Financial,Banks,2021,21Q4,3136384675.83202
"Pacific Ex China, Hong Kong & Japan",Australia,Financial,Banks,2022,22q1,2247253751.46589
"Pacific Ex China, Hong Kong & Japan",Australia,Financial,Banks,2022,22Q2,1482808104.34596
"Pacific Ex China, Hong Kong & Japan",Australia,Financial,Banks,2022,22Q3,3905653059.51571
"Pacific Ex China, Hong Kong & Japan",Australia,Financial,Banks,2022,22Q4,3182448523.85179
"Pacific Ex China, Hong Kong & Japan",Australia,Financial,Banks,2023,23Q1,2377548854.1482
"Pacific Ex China, Hong Kong & Japan",Australia,Financial,Banks,2023,23Q2,1643914828.836
"Pacific Ex China, Hong Kong & Japan",Australia,Financial,Banks,2023,23Q3,5942350955.19535
"Pacific Ex China, Hong Kong & Japan",Australia,Financial,Banks,2023,23q4,5397696177.12686
"Pacific Ex China, Hong Kong & Japan",Australia,Financial,Banks,2024,24q1,2348967281.74444
"Pacific Ex China, Hong Kong & Japan",Australia,Financial,Banks,2024,24q2,2075316557.63939
"Pacific Ex China, Hong Kong & Japan",Australia,Financial,Banks,2024,24q3,6311383608.62375
"Pacific Ex China, Hong Kong & Japan",Australia,Financial,Banks,2024,24q4,4844503668.45945
"Pacific Ex China, Hong Kong & Japan",Australia,Financial,Banks,2025,25Q1,2371568098.91918
"Pacific Ex China, Hong Kong & Japan",Australia,Financial,Banks,2025,25q2,1698346425.85651
"Pacific Ex China, Hong Kong & Japan",Australia,Financial,General Financial,2010,10Q3,291423460.50855
"Pacific Ex China, Hong Kong & Japan",Australia,Financial,General Financial,2010,10Q4,294948938.216264
"Pacific Ex China, Hong Kong & Japan",Australia,Financial,General Financial,2011,11Q3,372253838.38935
"Pacific Ex China, Hong Kong & Japan",Australia,Financial,General Financial,2011,11Q4,223996915.248471
"Pacific Ex China, Hong Kong & Japan",Australia,Financial,General Financial,2012,12Q3,267702745.4106
"Pacific Ex China, Hong Kong & Japan",Australia,Financial,General Financial,2012,12Q4,268037227.867612
"Pacific Ex China, Hong Kong & Japan",Australia,Financial,General Financial,2013,13Q3,388883565.937875
"Pacific Ex China, Hong Kong & Japan",Australia,Financial,General Financial,2013,13Q4,303604988.157
"Pacific Ex China, Hong Kong & Japan",Australia,Financial,General Financial,2014,14Q3,484771500.54
"Pacific Ex China, Hong Kong & Japan",Australia,Financial,General Financial,2014,14Q4,343091372.02613
"Pacific Ex China, Hong Kong & Japan",Australia,Financial,General Financial,2015,15Q3,509056642.3682
"Pacific Ex China, Hong Kong & Japan",Australia,Financial,General Financial,2015,15Q4,389582579.568
"Pacific Ex China, Hong Kong & Japan",Australia,Financial,General Financial,2016,16Q3,616015384.5678
"Pacific Ex China, Hong Kong & Japan",Australia,Financial,General Financial,2016,16Q4,486275611.6512
"Pacific Ex China, Hong Kong & Japan",Australia,Financial,General Financial,2017,17Q3,728842810.83264
"Pacific Ex China, Hong Kong & Japan",Australia,Financial,General Financial,2017,17Q4,531149780.000438
"Pacific Ex China, Hong Kong & Japan",Australia,Financial,General Financial,2018,18Q3,803424350.3136
"Pacific Ex China, Hong Kong & Japan",Australia,Financial,General Financial,2018,18Q4,524899965.485575
"Pacific Ex China, Hong Kong & Japan",Australia,Financial,General Financial,2019,19q3,861624440.00892
"Pacific Ex China, Hong Kong & Japan",Australia,Financial,General Financial,2019,19Q4,607888532.080125
"Pacific Ex China, Hong Kong & Japan",Australia,Financial,General Financial,2020,20Q3,442597556.90628
"Pacific Ex China, Hong Kong & Japan",Australia,Financial,General Financial,2020,20Q4,366974065.994681
"Pacific Ex China, Hong Kong & Japan",Australia,Financial,General Financial,2021,21q3,907864047.494469
"Pacific Ex China, Hong Kong & Japan",Australia,Financial,General Financial,2021,21Q4,728995694.393818
"Pacific Ex China, Hong Kong & Japan",Australia,Financial,General Financial,2022,22Q3,920265178.062825
"Pacific Ex China, Hong Kong & Japan",Australia,Financial,General Financial,2022,22Q4,797746026.552008
"Pacific Ex China, Hong Kong & Japan",Australia,Financial,General Financial,2023,23Q3,1165140456.04035
"Pacific Ex China, Hong Kong & Japan",Australia,Financial,General Financial,2023,23q4,666553559.048145
"Pacific Ex China, Hong Kong & Japan",Australia,Financial,General Financial,2024,24q3,982470272.878518
"Pacific Ex China, Hong Kong & Japan",Australia,Financial,General Financial,2024,24q4,628466794.900195
"Pacific Ex China, Hong Kong & Japan",Australia,Financial,Insurance,2010,10Q1,621578827.289937
"Pacific Ex China, Hong Kong & Japan",Australia,Financial,Insurance,2010,10Q2,164176598.592854
"Pacific Ex China, Hong Kong & Japan",Australia,Financial,Insurance,2010,10Q3,613988668.842235
"Pacific Ex China, Hong Kong & Japan",Australia,Financial,Insurance,2010,10Q4,91267317.7733948
"Pacific Ex China, Hong Kong & Japan",Australia,Financial,Insurance,2011,11Q2,1098309210.14485
"Pacific Ex China, Hong Kong & Japan",Australia,Financial,Insurance,2011,11Q3,663761471.764704
"Pacific Ex China, Hong Kong & Japan",Australia,Financial,Insurance,2011,11Q4,387047880.236109
"Pacific Ex China, Hong Kong & Japan",Australia,Financial,Insurance,2012,12Q1,299804387.630913
"Pacific Ex China, Hong Kong & Japan",Australia,Financial,Insurance,2012,12Q2,374300337.750323
"Pacific Ex China, Hong Kong & Japan",Australia,Financial,Insurance,2012,12Q3,492644435.2269
"Pacific Ex China, Hong Kong & Japan",Australia,Financial,Insurance,2012,12Q4,722245487.668544
"Pacific Ex China, Hong Kong & Japan",Australia,Financial,Insurance,2013,13Q1,124766919.16141
"Pacific Ex China, Hong Kong & Japan",Australia,Financial,Insurance,2013,13Q2,576249766.631132
"Pacific Ex China, Hong Kong & Japan",Australia,Financial,Insurance,2013,13Q3,230609857.00948
"Pacific Ex China, Hong Kong & Japan",Australia,Financial,Insurance,2013,13Q4,1094519458.63649
"Pacific Ex China, Hong Kong & Japan",Australia,Financial,Insurance,2014,14Q1,138883422.909978
"Pacific Ex China, Hong Kong & Japan",Australia,Financial,Insurance,2014,14Q2,697624835.082343
"Pacific Ex China, Hong Kong & Japan",Australia,Financial,Insurance,2014,14Q3,178064565.144145
"Pacific Ex China, Hong Kong & Japan",Australia,Financial,Insurance,2014,14Q4,1316873947.22052
"Pacific Ex China, Hong Kong & Japan",Australia,Financial,Insurance,2015,15Q2,831657435.77049
"Pacific Ex China, Hong Kong & Japan",Australia,Financial,Insurance,2015,15Q3,454234475.989
"Pacific Ex China, Hong Kong & Japan",Australia,Financial,Insurance,2015,15Q4,473431491.56926
"Pacific Ex China, Hong Kong & Japan",Australia,Financial,Insurance,2016,16Q1,430346557.312153
"Pacific Ex China, Hong Kong & Japan",Australia,Financial,Insurance,2016,16Q2,611899205.130776
"Pacific Ex China, Hong Kong & Japan",Australia,Financial,Insurance,2016,16Q3,590534843.29881
"Pacific Ex China, Hong Kong & Japan",Australia,Financial,Insurance,2016,16Q4,240220803.914
"Pacific Ex China, Hong Kong & Japan",Australia,Financial,Insurance,2017,17Q1,236188954.372783
"Pacific Ex China, Hong Kong & Japan",Australia,Financial,Insurance,2017,17Q2,666853528.037995
"Pacific Ex China, Hong Kong & Japan",Australia,Financial,Insurance,2017,17Q3,654050314.808649
"Pacific Ex China, Hong Kong & Japan",Australia,Financial,Insurance,2017,17Q4,367581829.64944
"Pacific Ex China, Hong Kong & Japan",Australia,Financial,Insurance,2018,18Q1,254241326.785526
"Pacific Ex China, Hong Kong & Japan",Australia,Financial,Insurance,2018,18Q2,370435521.792501
"Pacific Ex China, Hong Kong & Japan",Australia,Financial,Insurance,2018,18Q3,794567646.235704
"Pacific Ex China, Hong Kong & Japan",Australia,Financial,Insurance,2018,18Q4,637838495.155575
"Pacific Ex China, Hong Kong & Japan",Australia,Financial,Insurance,2019,19Q1,196554511.88415
"Pacific Ex China, Hong Kong & Japan",Australia,Financial,Insurance,2019,19Q2,577504670.177667
"Pacific Ex China, Hong Kong & Japan",Australia,Financial,Insurance,2019,19q3,697535583.0567
"Pacific Ex China, Hong Kong & Japan",Australia,Financial,Insurance,2019,19Q4,567748795.881125
"Pacific Ex China, Hong Kong & Japan",Australia,Financial,Insurance,2020,20Q1,338316369.712736
"Pacific Ex China, Hong Kong & Japan",Australia,Financial,Insurance,2020,20Q2,222817163.429867
"Pacific Ex China, Hong Kong & Japan",Australia,Financial,Insurance,2020,20Q3,41235019.2658601
"Pacific Ex China, Hong Kong & Japan",Australia,Financial,Insurance,2020,20Q4,91155891.82743
"Pacific Ex China, Hong Kong & Japan",Australia,Financial,Insurance,2021,21Q1,131134710.01076
"Pacific Ex China, Hong Kong & Japan",Australia,Financial,Insurance,2021,21q2,253146727.898116
"Pacific Ex China, Hong Kong & Japan",Australia,Financial,Insurance,2021,21q3,797097817.533764
"Pacific Ex China, Hong Kong & Japan",Australia,Financial,Insurance,2022,22q1,110996066.975562
"Pacific Ex China, Hong Kong & Japan",Australia,Financial,Insurance,2022,22Q2,427961303.077506
"Pacific Ex China, Hong Kong & Japan",Australia,Financial,Insurance,2022,22Q3,311936845.398402
"Pacific Ex China, Hong Kong & Japan",Australia,Financial,Insurance,2023,23Q1,378148466.151798
"Pacific Ex China, Hong Kong & Japan",Australia,Financial,Insurance,2023,23Q2,299906634.95835
"Pacific Ex China, Hong Kong & Japan",Australia,Financial,Insurance,2023,23Q3,494829255.562471
"Pacific Ex China, Hong Kong & Japan",Australia,Financial,Insurance,2024,24q1,438161338.12143
"Pacific Ex China, Hong Kong & Japan",Australia,Financial,Insurance,2024,24q2,464900539.85088
"Pacific Ex China, Hong Kong & Japan",Australia,Financial,Insurance,2024,24q3,906658587.76302
"Pacific Ex China, Hong Kong & Japan",Australia,Financial,Insurance,2025,25Q1,3092702002.23889
"Pacific Ex China, Hong Kong & Japan",Australia,Financial,Insurance,2025,25q2,593162890.477683
"Pacific Ex China, Hong Kong & Japan",Australia,Health,Healthcare,2010,10Q1,49025369.3826642
"Pacific Ex China, Hong Kong & Japan",Australia,Health,Healthcare,2010,10Q3,56543442.8805233
"Pacific Ex China, Hong Kong & Japan",Australia,Health,Healthcare,2010,10Q4,1981031.4
"Pacific Ex China, Hong Kong & Japan",Australia,Health,Healthcare,2011,11Q1,58926851.6845448
"Pacific Ex China, Hong Kong & Japan",Australia,Health,Healthcare,2011,11Q3,66703550.3016266
"Pacific Ex China, Hong Kong & Japan",Australia,Health,Healthcare,2012,12Q1,72512781.57644
"Pacific Ex China, Hong Kong & Japan",Australia,Health,Healthcare,2012,12Q3,74117798.3171875
"Pacific Ex China, Hong Kong & Japan",Australia,Health,Healthcare,2012,12Q4,1026546.882331
"Pacific Ex China, Hong Kong & Japan",Australia,Health,Healthcare,2013,13Q1,74601635.9110624
"Pacific Ex China, Hong Kong & Japan",Australia,Health,Healthcare,2013,13Q3,68548224.1216707
"Pacific Ex China, Hong Kong & Japan",Australia,Health,Healthcare,2013,13Q4,947338.791591
"Pacific Ex China, Hong Kong & Japan",Australia,Health,Healthcare,2014,14Q1,67999303.827966
"Pacific Ex China, Hong Kong & Japan",Australia,Health,Healthcare,2014,14Q3,63892089.188973
"Pacific Ex China, Hong Kong & Japan",Australia,Health,Healthcare,2014,14Q4,868331.227663
"Pacific Ex China, Hong Kong & Japan",Australia,Health,Healthcare,2015,15Q1,41021604.3626469
"Pacific Ex China, Hong Kong & Japan",Australia,Health,Healthcare,2015,15Q4,41014458.455045
"Pacific Ex China, Hong Kong & Japan",Australia,Health,Healthcare,2016,16Q1,1146494.1019395
"Pacific Ex China, Hong Kong & Japan",Australia,Health,Healthcare,2016,16Q2,48074776.9348
"Pacific Ex China, Hong Kong & Japan",Australia,Health,Healthcare,2016,16Q3,53989546.0260604
"Pacific Ex China, Hong Kong & Japan",Australia,Health,Healthcare,2017,17Q1,1172948.1025995
"Pacific Ex China, Hong Kong & Japan",Australia,Health,Healthcare,2017,17Q2,56379184.6826007
"Pacific Ex China, Hong Kong & Japan",Australia,Health,Healthcare,2017,17Q3,2010863.5035375
"Pacific Ex China, Hong Kong & Japan",Australia,Health,Healthcare,2017,17Q4,62633981.66305
"Pacific Ex China, Hong Kong & Japan",Australia,Health,Healthcare,2018,18Q1,1995186.04600625
"Pacific Ex China, Hong Kong & Japan",Australia,Health,Healthcare,2018,18Q2,62511894.9532
"Pacific Ex China, Hong Kong & Japan",Australia,Health,Healthcare,2018,18Q3,2618208.0809535
"Pacific Ex China, Hong Kong & Japan",Australia,Health,Healthcare,2018,18Q4,65543568.08384
"Pacific Ex China, Hong Kong & Japan",Australia,Health,Healthcare,2019,19Q1,2571787.8808895
"Pacific Ex China, Hong Kong & Japan",Australia,Health,Healthcare,2019,19Q2,65964287.4850956
"Pacific Ex China, Hong Kong & Japan",Australia,Health,Healthcare,2019,19Q4,71614055.180079
"Pacific Ex China, Hong Kong & Japan",Australia,Health,Healthcare,2020,20Q1,3645103.557744
"Pacific Ex China, Hong Kong & Japan",Australia,Health,Healthcare,2020,20Q2,58861809.3408
"Pacific Ex China, Hong Kong & Japan",Australia,Health,Healthcare,2020,20Q4,4478492.39265
"Pacific Ex China, Hong Kong & Japan",Australia,Health,Healthcare,2021,21Q1,5650195.224919
"Pacific Ex China, Hong Kong & Japan",Australia,Health,Healthcare,2021,21q2,58590626.9648443
"Pacific Ex China, Hong Kong & Japan",Australia,Health,Healthcare,2021,21Q4,74317670.3225984
"Pacific Ex China, Hong Kong & Japan",Australia,Health,Healthcare,2022,22q1,7829495.406565
"Pacific Ex China, Hong Kong & Japan",Australia,Health,Healthcare,2022,22Q2,75418707.0227264
"Pacific Ex China, Hong Kong & Japan",Australia,Health,Healthcare,2022,22Q3,8057366.047962
"Pacific Ex China, Hong Kong & Japan",Australia,Health,Healthcare,2022,22Q4,59970903.1239375
"Pacific Ex China, Hong Kong & Japan",Australia,Health,Healthcare,2023,23Q1,9020701.3657605
"Pacific Ex China, Hong Kong & Japan",Australia,Health,Healthcare,2023,23Q2,68482357.25009
"Pacific Ex China, Hong Kong & Japan",Australia,Health,Healthcare,2023,23Q3,11385155.3622445
"Pacific Ex China, Hong Kong & Japan",Australia,Health,Healthcare,2023,23q4,73692810.3200625
"Pacific Ex China, Hong Kong & Japan",Australia,Health,Healthcare,2024,24q1,12255304.15152
"Pacific Ex China, Hong Kong & Japan",Australia,Health,Healthcare,2024,24q2,84585622.401
"Pacific Ex China, Hong Kong & Japan",Australia,Health,Healthcare,2024,24q3,15834193.246575
"Pacific Ex China, Hong Kong & Japan",Australia,Health,Healthcare,2024,24q4,92454582.8139881
"Pacific Ex China, Hong Kong & Japan",Australia,Health,Healthcare,2025,25Q1,16365831.3138375
"Pacific Ex China, Hong Kong & Japan",Australia,Health,Healthcare,2025,25q2,88980861.373575
"Pacific Ex China, Hong Kong & Japan",Australia,Health,Pharmaceuticals,2010,10Q2,189997077.827025
"Pacific Ex China, Hong Kong & Japan",Australia,Health,Pharmaceuticals,2010,10Q4,243414387.542073
"Pacific Ex China, Hong Kong & Japan",Australia,Health,Pharmaceuticals,2011,11Q2,200869624.834288
"Pacific Ex China, Hong Kong & Japan",Australia,Health,Pharmaceuticals,2011,11Q4,245233887.862351
"Pacific Ex China, Hong Kong & Japan",Australia,Health,Pharmaceuticals,2012,12Q2,193889493.7659
"Pacific Ex China, Hong Kong & Japan",Australia,Health,Pharmaceuticals,2012,12Q4,243052383.908259
"Pacific Ex China, Hong Kong & Japan",Australia,Health,Pharmaceuticals,2013,13Q2,251599521.954622
"Pacific Ex China, Hong Kong & Japan",Australia,Health,Pharmaceuticals,2013,13Q4,253286262.32
"Pacific Ex China, Hong Kong & Japan",Australia,Health,Pharmaceuticals,2014,14Q2,256487127.81
"Pacific Ex China, Hong Kong & Japan",Australia,Health,Pharmaceuticals,2014,14Q4,284773284.6
"Pacific Ex China, Hong Kong & Japan",Australia,Health,Pharmaceuticals,2015,15Q2,268604930.28805
"Pacific Ex China, Hong Kong & Japan",Australia,Health,Pharmaceuticals,2015,15Q4,294182374.491208
"Pacific Ex China, Hong Kong & Japan",Australia,Health,Pharmaceuticals,2016,16Q2,290579608.72403
"Pacific Ex China, Hong Kong & Japan",Australia,Health,Pharmaceuticals,2016,16Q4,306942540.728724
"Pacific Ex China, Hong Kong & Japan",Australia,Health,Pharmaceuticals,2017,17Q2,289220537.857109
"Pacific Ex China, Hong Kong & Japan",Australia,Health,Pharmaceuticals,2017,17Q4,326693706.64744
"Pacific Ex China, Hong Kong & Japan",Australia,Health,Pharmaceuticals,2018,18Q2,353361384.901302
"Pacific Ex China, Hong Kong & Japan",Australia,Health,Pharmaceuticals,2018,18Q4,411768888.19001
"Pacific Ex China, Hong Kong & Japan",Australia,Health,Pharmaceuticals,2019,19Q2,391310322.59173
"Pacific Ex China, Hong Kong & Japan",Australia,Health,Pharmaceuticals,2019,19Q4,448014911.465333
"Pacific Ex China, Hong Kong & Japan",Australia,Health,Pharmaceuticals,2020,20Q2,421417887.778208
"Pacific Ex China, Hong Kong & Japan",Australia,Health,Pharmaceuticals,2020,20Q4,483159213.082828
"Pacific Ex China, Hong Kong & Japan",Australia,Health,Pharmaceuticals,2021,21q2,466705605.890965
"Pacific Ex China, Hong Kong & Japan",Australia,Health,Pharmaceuticals,2021,21q3,522617962.284218
"Pacific Ex China, Hong Kong & Japan",Australia,Health,Pharmaceuticals,2022,22Q2,500974516.64
"Pacific Ex China, Hong Kong & Japan",Australia,Health,Pharmaceuticals,2022,22Q4,568908852.28
"Pacific Ex China, Hong Kong & Japan",Australia,Health,Pharmaceuticals,2023,23Q2,516005793.35
"Pacific Ex China, Hong Kong & Japan",Australia,Health,Pharmaceuticals,2023,23q4,623153639.73
"Pacific Ex China, Hong Kong & Japan",Australia,Health,Pharmaceuticals,2024,24q2,575070747.51
"Pacific Ex China, Hong Kong & Japan",Australia,Health,Pharmaceuticals,2024,24q4,701923513.9
"Pacific Ex China, Hong Kong & Japan",Australia,Health,Pharmaceuticals,2025,25q2,629468730.8
"Pacific Ex China, Hong Kong & Japan",Australia,Industrial,Machinery,2010,10Q4,53877122.260929
"Pacific Ex China, Hong Kong & Japan",Australia,Industrial,Machinery,2011,11Q2,57994663.669371
"Pacific Ex China, Hong Kong & Japan",Australia,Industrial,Machinery,2011,11Q4,56913252.8981169
"Pacific Ex China, Hong Kong & Japan",Australia,Industrial,Machinery,2012,12Q2,57378436.358931
"Pacific Ex China, Hong Kong & Japan",Australia,Industrial,Machinery,2012,12Q4,62923810.41789
"Pacific Ex China, Hong Kong & Japan",Australia,Industrial,Machinery,2013,13Q2,64722903.81843
"Pacific Ex China, Hong Kong & Japan",Australia,Industrial,Machinery,2013,13Q4,58322414.78206
"Pacific Ex China, Hong Kong & Japan",Australia,Industrial,Machinery,2014,14Q2,57949543.3073323
"Pacific Ex China, Hong Kong & Japan",Australia,Industrial,Machinery,2014,14Q4,52980160.80658
"Pacific Ex China, Hong Kong & Japan",Australia,Industrial,Machinery,2015,15Q2,45517429.57284
"Pacific Ex China, Hong Kong & Japan",Australia,Industrial,Machinery,2015,15Q4,43461719.7014544
"Pacific Ex China, Hong Kong & Japan",Australia,Industrial,Machinery,2016,16Q2,42967118.72154
"Pacific Ex China, Hong Kong & Japan",Australia,Industrial,Machinery,2016,16Q4,42655800.502973
"Pacific Ex China, Hong Kong & Japan",Australia,Industrial,Machinery,2017,17Q2,42661429.2577452
"Pacific Ex China, Hong Kong & Japan",Australia,Industrial,Machinery,2017,17Q4,45879549.587382
"Pacific Ex China, Hong Kong & Japan",Australia,Industrial,Machinery,2018,18Q2,51006182.2985728
"Pacific Ex China, Hong Kong & Japan",Australia,Industrial,Machinery,2018,18Q4,46978589.547708
"Pacific Ex China, Hong Kong & Japan",Australia,Industrial,Machinery,2019,19Q2,50965241.814564
"Pacific Ex China, Hong Kong & Japan",Australia,Industrial,Machinery,2019,19Q4,48428203.978308
"Pacific Ex China, Hong Kong & Japan",Australia,Industrial,Machinery,2020,20Q2,45531277.347864
"Pacific Ex China, Hong Kong & Japan",Australia,Industrial,Machinery,2020,20Q4,51079263.8490268
"Pacific Ex China, Hong Kong & Japan",Australia,Industrial,Machinery,2021,21q2,60486597.2273882
"Pacific Ex China, Hong Kong & Japan",Australia,Industrial,Machinery,2021,21Q4,62754356.358764
"Pacific Ex China, Hong Kong & Japan",Australia,Industrial,Machinery,2022,22Q2,59332986.510686
"Pacific Ex China, Hong Kong & Japan",Australia,Industrial,Machinery,2022,22Q4,53534621.00503
"Pacific Ex China, Hong Kong & Japan",Australia,Industrial,Machinery,2023,23Q2,56333543.83557
"Pacific Ex China, Hong Kong & Japan",Australia,Industrial,Machinery,2023,23q4,52635748.3107945
"Pacific Ex China, Hong Kong & Japan",Australia,Industrial,Machinery,2024,24q2,54105171.20147
"Pacific Ex China, Hong Kong & Japan",Australia,Industrial,Machinery,2024,24q3,82929952.6128925
"Pacific Ex China, Hong Kong & Japan",Australia,Industrial,Machinery,2025,25q2,76245001.614945
"Pacific Ex China, Hong Kong & Japan",Australia,Industrial,Support Services,2010,10Q1,71153335.3072903
"Pacific Ex China, Hong Kong & Japan",Australia,Industrial,Support Services,2010,10Q2,163596300.737784
"Pacific Ex China, Hong Kong & Japan",Australia,Industrial,Support Services,2010,10Q3,73113723.55295
"Pacific Ex China, Hong Kong & Japan",Australia,Industrial,Support Services,2010,10Q4,177066380.168112
"Pacific Ex China, Hong Kong & Japan",Australia,Industrial,Support Services,2011,11Q1,77015044.0229078
"Pacific Ex China, Hong Kong & Japan",Australia,Industrial,Support Services,2011,11Q2,198631158.813588
"Pacific Ex China, Hong Kong & Japan",Australia,Industrial,Support Services,2011,11Q3,80278453.595907
"Pacific Ex China, Hong Kong & Japan",Australia,Industrial,Support Services,2011,11Q4,194815481.93796
"Pacific Ex China, Hong Kong & Japan",Australia,Industrial,Support Services,2012,12Q1,81344217.261069
"Pacific Ex China, Hong Kong & Japan",Australia,Industrial,Support Services,2012,12Q2,200796331.492757
"Pacific Ex China, Hong Kong & Japan",Australia,Industrial,Support Services,2012,12Q3,81145845.192006
"Pacific Ex China, Hong Kong & Japan",Australia,Industrial,Support Services,2012,12Q4,207685915.050285
"Pacific Ex China, Hong Kong & Japan",Australia,Industrial,Support Services,2013,13Q1,80612963.359425
"Pacific Ex China, Hong Kong & Japan",Australia,Industrial,Support Services,2013,13Q2,221949686.149472
"Pacific Ex China, Hong Kong & Japan",Australia,Industrial,Support Services,2013,13Q3,72853704.099736
"Pacific Ex China, Hong Kong & Japan",Australia,Industrial,Support Services,2013,13Q4,198842093.122932
"Pacific Ex China, Hong Kong & Japan",Australia,Industrial,Support Services,2014,14Q1,71113344.665545
"Pacific Ex China, Hong Kong & Japan",Australia,Industrial,Support Services,2014,14Q2,198577946.275751
"Pacific Ex China, Hong Kong & Japan",Australia,Industrial,Support Services,2014,14Q3,75316857.7781337
"Pacific Ex China, Hong Kong & Japan",Australia,Industrial,Support Services,2014,14Q4,186390774.176465
"Pacific Ex China, Hong Kong & Japan",Australia,Industrial,Support Services,2015,15Q1,63853503.9768975
"Pacific Ex China, Hong Kong & Japan",Australia,Industrial,Support Services,2015,15Q2,168803464.470048
"Pacific Ex China, Hong Kong & Japan",Australia,Industrial,Support Services,2015,15Q3,63091227.657128
"Pacific Ex China, Hong Kong & Japan",Australia,Industrial,Support Services,2015,15Q4,157995282.587688
"Pacific Ex China, Hong Kong & Japan",Australia,Industrial,Support Services,2016,16Q1,65256541.24704
"Pacific Ex China, Hong Kong & Japan",Australia,Industrial,Support Services,2016,16Q2,176434207.877149
"Pacific Ex China, Hong Kong & Japan",Australia,Industrial,Support Services,2016,16Q3,69586909.708725
"Pacific Ex China, Hong Kong & Japan",Australia,Industrial,Support Services,2016,16Q4,173664721.216463
"Pacific Ex China, Hong Kong & Japan",Australia,Industrial,Support Services,2017,17Q1,71263311.07041
"Pacific Ex China, Hong Kong & Japan",Australia,Industrial,Support Services,2017,17Q2,175432721.861468
"Pacific Ex China, Hong Kong & Japan",Australia,Industrial,Support Services,2017,17Q3,82756101.2938333
"Pacific Ex China, Hong Kong & Japan",Australia,Industrial,Support Services,2017,17Q4,180335897.705884
"Pacific Ex China, Hong Kong & Japan",Australia,Industrial,Support Services,2018,18Q1,79780034.898382
"Pacific Ex China, Hong Kong & Japan",Australia,Industrial,Support Services,2018,18Q2,179018328.57932
"Pacific Ex China, Hong Kong & Japan",Australia,Industrial,Support Services,2018,18Q3,81872579.9724101
"Pacific Ex China, Hong Kong & Japan",Australia,Industrial,Support Services,2018,18Q4,164201154.976693
"Pacific Ex China, Hong Kong & Japan",Australia,Industrial,Support Services,2019,19Q1,80812194.00345
"Pacific Ex China, Hong Kong & Japan",Australia,Industrial,Support Services,2019,19Q2,164991040.759659
"Pacific Ex China, Hong Kong & Japan",Australia,Industrial,Support Services,2019,19q3,85686308.830486
"Pacific Ex China, Hong Kong & Japan",Australia,Industrial,Support Services,2019,19Q4,467190409.798616
"Pacific Ex China, Hong Kong & Japan",Australia,Industrial,Support Services,2020,20Q1,72949512.467096
"Pacific Ex China, Hong Kong & Japan",Australia,Industrial,Support Services,2020,20Q2,130371061.864107
"Pacific Ex China, Hong Kong & Japan",Australia,Industrial,Support Services,2020,20Q3,90745262.3961855
"Pacific Ex China, Hong Kong & Japan",Australia,Industrial,Support Services,2020,20Q4,135120216.980884
"Pacific Ex China, Hong Kong & Japan",Australia,Industrial,Support Services,2021,21Q1,96965377.7156855
"Pacific Ex China, Hong Kong & Japan",Australia,Industrial,Support Services,2021,21q2,146361882.850034
"Pacific Ex China, Hong Kong & Japan",Australia,Industrial,Support Services,2021,21q3,102372874.18218
"Pacific Ex China, Hong Kong & Japan",Australia,Industrial,Support Services,2021,21Q4,152421408.174466
"Pacific Ex China, Hong Kong & Japan",Australia,Industrial,Support Services,2022,22q1,107055700.776864
"Pacific Ex China, Hong Kong & Japan",Australia,Industrial,Support Services,2022,22Q2,154228320.805
"Pacific Ex China, Hong Kong & Japan",Australia,Industrial,Support Services,2022,22Q3,124718406.23088
"Pacific Ex China, Hong Kong & Japan",Australia,Industrial,Support Services,2022,22Q4,166425390.72
"Pacific Ex China, Hong Kong & Japan",Australia,Industrial,Support Services,2023,23Q1,120471179.40806
"Pacific Ex China, Hong Kong & Japan",Australia,Industrial,Support Services,2023,23Q2,170128835.45
"Pacific Ex China, Hong Kong & Japan",Australia,Industrial,Support Services,2023,23Q3,155279185.2192
"Pacific Ex China, Hong Kong & Japan",Australia,Industrial,Support Services,2023,23q4,194510103.9
"Pacific Ex China, Hong Kong & Japan",Australia,Industrial,Support Services,2024,24q1,155722607.08378
"Pacific Ex China, Hong Kong & Japan",Australia,Industrial,Support Services,2024,24q2,208739641.8
"Pacific Ex China, Hong Kong & Japan",Australia,Industrial,Support Services,2024,24q3,166662512.032964
"Pacific Ex China, Hong Kong & Japan",Australia,Industrial,Support Services,2024,24q4,264607249.65
"Pacific Ex China, Hong Kong & Japan",Australia,Industrial,Support Services,2025,25Q1,166817958.836208
"Pacific Ex China, Hong Kong & Japan",Australia,Industrial,Support Services,2025,25q2,262386874.69
"Pacific Ex China, Hong Kong & Japan",Australia,Industrial,Transport,2010,10Q1,138628759.99734
"Pacific Ex China, Hong Kong & Japan",Australia,Industrial,Transport,2010,10Q3,151884413.648904
"Pacific Ex China, Hong Kong & Japan",Australia,Industrial,Transport,2011,11Q1,187264730.00974
"Pacific Ex China, Hong Kong & Japan",Australia,Industrial,Transport,2011,11Q3,207562822.449297
"Pacific Ex China, Hong Kong & Japan",Australia,Industrial,Transport,2012,12Q1,224760583.276573
"Pacific Ex China, Hong Kong & Japan",Australia,Industrial,Transport,2012,12Q3,229565263.64826
"Pacific Ex China, Hong Kong & Japan",Australia,Industrial,Transport,2013,13Q1,234760948.104901
"Pacific Ex China, Hong Kong & Japan",Australia,Industrial,Transport,2013,13Q3,210081255.623492
"Pacific Ex China, Hong Kong & Japan",Australia,Industrial,Transport,2014,14Q1,227827439.436296
"Pacific Ex China, Hong Kong & Japan",Australia,Industrial,Transport,2014,14Q3,317983784.305851
"Pacific Ex China, Hong Kong & Japan",Australia,Industrial,Transport,2015,15Q1,288995512.368654
"Pacific Ex China, Hong Kong & Japan",Australia,Industrial,Transport,2015,15Q3,289383841.221333
"Pacific Ex China, Hong Kong & Japan",Australia,Industrial,Transport,2016,16Q1,323254837.852509
"Pacific Ex China, Hong Kong & Japan",Australia,Industrial,Transport,2016,16Q3,360258758.626185
"Pacific Ex China, Hong Kong & Japan",Australia,Industrial,Transport,2017,17Q1,391773178.010275
"Pacific Ex China, Hong Kong & Japan",Australia,Industrial,Transport,2017,17Q3,428203878.741791
"Pacific Ex China, Hong Kong & Japan",Australia,Industrial,Transport,2018,18Q1,483160804.878402
"Pacific Ex China, Hong Kong & Japan",Australia,Industrial,Transport,2018,18Q3,456011389.282988
"Pacific Ex China, Hong Kong & Japan",Australia,Industrial,Transport,2019,19Q1,551596744.668672
"Pacific Ex China, Hong Kong & Japan",Australia,Industrial,Transport,2019,19q3,545881250.805525
"Pacific Ex China, Hong Kong & Japan",Australia,Industrial,Transport,2020,20Q1,569141752.832003
"Pacific Ex China, Hong Kong & Japan",Australia,Industrial,Transport,2020,20Q3,313880398.24608
"Pacific Ex China, Hong Kong & Japan",Australia,Industrial,Transport,2021,21Q1,319108712.43615
"Pacific Ex China, Hong Kong & Japan",Australia,Industrial,Transport,2021,21q3,423888821.67416
"Pacific Ex China, Hong Kong & Japan",Australia,Industrial,Transport,2022,22q1,332764454.955615
"Pacific Ex China, Hong Kong & Japan",Australia,Industrial,Transport,2022,22Q3,554518887.477906
"Pacific Ex China, Hong Kong & Japan",Australia,Industrial,Transport,2023,23Q1,567284017.467053
"Pacific Ex China, Hong Kong & Japan",Australia,Industrial,Transport,2023,23Q3,620892751.082816
"Pacific Ex China, Hong Kong & Japan",Australia,Industrial,Transport,2024,24q1,598569944.363724
"Pacific Ex China, Hong Kong & Japan",Australia,Industrial,Transport,2024,24q3,653958023.352864
"Pacific Ex China, Hong Kong & Japan",Australia,Industrial,Transport,2025,25Q1,629100129.892256
"Pacific Ex China, Hong Kong & Japan",Australia,Media & Telecommunications,Media,2010,10Q4,20325273.407277
"Pacific Ex China, Hong Kong & Japan",Australia,Media & Telecommunications,Media,2011,11Q2,13681781.5836
"Pacific Ex China, Hong Kong & Japan",Australia,Media & Telecommunications,Media,2011,11Q4,21529836.8882931
"Pacific Ex China, Hong Kong & Japan",Australia,Media & Telecommunications,Media,2012,12Q2,17090803.765685
"Pacific Ex China, Hong Kong & Japan",Australia,Media & Telecommunications,Media,2012,12Q3,28126126.3237367
"Pacific Ex China, Hong Kong & Japan",Australia,Media & Telecommunications,Media,2013,13Q1,21893092.5164192
"Pacific Ex China, Hong Kong & Japan",Australia,Media & Telecommunications,Media,2013,13Q3,31550181.6389408
"Pacific Ex China, Hong Kong & Japan",Australia,Media & Telecommunications,Media,2014,14Q1,26463458.749585
"Pacific Ex China, Hong Kong & Japan",Australia,Media & Telecommunications,Media,2014,14Q3,40644193.9136768
"Pacific Ex China, Hong Kong & Japan",Australia,Media & Telecommunications,Media,2015,15Q1,29938421.7959525
"Pacific Ex China, Hong Kong & Japan",Australia,Media & Telecommunications,Media,2015,15Q3,38135949.5176155
"Pacific Ex China, Hong Kong & Japan",Australia,Media & Telecommunications,Media,2016,16Q1,35807167.781946
"Pacific Ex China, Hong Kong & Japan",Australia,Media & Telecommunications,Media,2016,16Q3,44962623.5807613
"Pacific Ex China, Hong Kong & Japan",Australia,Media & Telecommunications,Media,2017,17Q1,40004388.38028
"Pacific Ex China, Hong Kong & Japan",Australia,Media & Telecommunications,Media,2017,17Q3,53595172.0245465
"Pacific Ex China, Hong Kong & Japan",Australia,Media & Telecommunications,Media,2018,18Q1,47874934.3616755
"Pacific Ex China, Hong Kong & Japan",Australia,Media & Telecommunications,Media,2018,18Q3,58687196.430537
"Pacific Ex China, Hong Kong & Japan",Australia,Media & Telecommunications,Media,2019,19Q1,51445456.4221675
"Pacific Ex China, Hong Kong & Japan",Australia,Media & Telecommunications,Media,2019,19q3,56430726.0646185
"Pacific Ex China, Hong Kong & Japan",Australia,Media & Telecommunications,Media,2020,20Q1,42937016.153515
"Pacific Ex China, Hong Kong & Japan",Australia,Media & Telecommunications,Media,2020,20Q3,52785655.657785
"Pacific Ex China, Hong Kong & Japan",Australia,Media & Telecommunications,Media,2021,21Q1,59876645.7407445
"Pacific Ex China, Hong Kong & Japan",Australia,Media & Telecommunications,Media,2021,21q3,69217266.924036
"Pacific Ex China, Hong Kong & Japan",Australia,Media & Telecommunications,Media,2022,22q1,73706548.8534831
"Pacific Ex China, Hong Kong & Japan",Australia,Media & Telecommunications,Media,2022,22Q3,78999023.9673608
"Pacific Ex China, Hong Kong & Japan",Australia,Media & Telecommunications,Media,2023,23Q1,65908330.1200582
"Pacific Ex China, Hong Kong & Japan",Australia,Media & Telecommunications,Media,2023,23Q3,70394497.3861145
"Pacific Ex China, Hong Kong & Japan",Australia,Media & Telecommunications,Media,2024,24q1,75034123.754112
"Pacific Ex China, Hong Kong & Japan",Australia,Media & Telecommunications,Media,2024,24q3,90497788.8082595
"Pacific Ex China, Hong Kong & Japan",Australia,Media & Telecommunications,Media,2025,25Q1,92000478.8308775
"Pacific Ex China, Hong Kong & Japan",Australia,Media & Telecommunications,Telecoms,2023,23Q1,657779106.172099
"Pacific Ex China, Hong Kong & Japan",Australia,Media & Telecommunications,Telecoms,2023,23Q3,629690293.276956
"Pacific Ex China, Hong Kong & Japan",Australia,Media & Telecommunications,Telecoms,2024,24q1,678429756.458748
"Pacific Ex China, Hong Kong & Japan",Australia,Media & Telecommunications,Telecoms,2024,24q3,716230065.544088
"Pacific Ex China, Hong Kong & Japan",Australia,Media & Telecommunications,Telecoms,2025,25Q1,691367826.48727
"Pacific Ex China, Hong Kong & Japan",Australia,Mining & Chemicals,Mining & Chemicals,2010,10Q1,2359353258.35268
"Pacific Ex China, Hong Kong & Japan",Australia,Mining & Chemicals,Mining & Chemicals,2010,10Q2,273074058
"Pacific Ex China, Hong Kong & Japan",Australia,Mining & Chemicals,Mining & Chemicals,2010,10Q3,2780206026.89106
"Pacific Ex China, Hong Kong & Japan",Australia,Mining & Chemicals,Mining & Chemicals,2011,11Q1,2971964281.48362
"Pacific Ex China, Hong Kong & Japan",Australia,Mining & Chemicals,Mining & Chemicals,2011,11Q3,3154094478.39601
"Pacific Ex China, Hong Kong & Japan",Australia,Mining & Chemicals,Mining & Chemicals,2012,12Q1,2880970077.63951
"Pacific Ex China, Hong Kong & Japan",Australia,Mining & Chemicals,Mining & Chemicals,2012,12Q2,512391957.94673
"Pacific Ex China, Hong Kong & Japan",Australia,Mining & Chemicals,Mining & Chemicals,2012,12Q3,3534804307.63002
"Pacific Ex China, Hong Kong & Japan",Australia,Mining & Chemicals,Mining & Chemicals,2012,12Q4,128244911.569574
"Pacific Ex China, Hong Kong & Japan",Australia,Mining & Chemicals,Mining & Chemicals,2013,13Q1,3086290563.4833
"Pacific Ex China, Hong Kong & Japan",Australia,Mining & Chemicals,Mining & Chemicals,2013,13Q2,426304937.551213
"Pacific Ex China, Hong Kong & Japan",Australia,Mining & Chemicals,Mining & Chemicals,2013,13Q3,3732363196.16742
"Pacific Ex China, Hong Kong & Japan",Australia,Mining & Chemicals,Mining & Chemicals,2013,13Q4,294207266.295615
"Pacific Ex China, Hong Kong & Japan",Australia,Mining & Chemicals,Mining & Chemicals,2014,14Q1,3200725423.69315
"Pacific Ex China, Hong Kong & Japan",Australia,Mining & Chemicals,Mining & Chemicals,2014,14Q2,913608051.381266
"Pacific Ex China, Hong Kong & Japan",Australia,Mining & Chemicals,Mining & Chemicals,2014,14Q3,3828547246.87091
"Pacific Ex China, Hong Kong & Japan",Australia,Mining & Chemicals,Mining & Chemicals,2014,14Q4,282389075.271779
"Pacific Ex China, Hong Kong & Japan",Australia,Mining & Chemicals,Mining & Chemicals,2015,15Q1,3333025212.16032
"Pacific Ex China, Hong Kong & Japan",Australia,Mining & Chemicals,Mining & Chemicals,2015,15Q2,593629415.593698
"Pacific Ex China, Hong Kong & Japan",Australia,Mining & Chemicals,Mining & Chemicals,2015,15Q3,4524076438.32411
"Pacific Ex China, Hong Kong & Japan",Australia,Mining & Chemicals,Mining & Chemicals,2015,15Q4,56753616.0813204
"Pacific Ex China, Hong Kong & Japan",Australia,Mining & Chemicals,Mining & Chemicals,2016,16Q1,1049863887.47177
"Pacific Ex China, Hong Kong & Japan",Australia,Mining & Chemicals,Mining & Chemicals,2016,16Q2,568153090.993379
"Pacific Ex China, Hong Kong & Japan",Australia,Mining & Chemicals,Mining & Chemicals,2016,16Q3,1194961982.15538
"Pacific Ex China, Hong Kong & Japan",Australia,Mining & Chemicals,Mining & Chemicals,2016,16Q4,349943805.893463
"Pacific Ex China, Hong Kong & Japan",Australia,Mining & Chemicals,Mining & Chemicals,2017,17Q1,2556678074.22335
"Pacific Ex China, Hong Kong & Japan",Australia,Mining & Chemicals,Mining & Chemicals,2017,17Q2,1123896597.24377
"Pacific Ex China, Hong Kong & Japan",Australia,Mining & Chemicals,Mining & Chemicals,2017,17Q3,3257298306.16707
"Pacific Ex China, Hong Kong & Japan",Australia,Mining & Chemicals,Mining & Chemicals,2017,17Q4,935157262.800661
"Pacific Ex China, Hong Kong & Japan",Australia,Mining & Chemicals,Mining & Chemicals,2018,18Q1,3451015570.83387
"Pacific Ex China, Hong Kong & Japan",Australia,Mining & Chemicals,Mining & Chemicals,2018,18Q2,1386604843.76378
"Pacific Ex China, Hong Kong & Japan",Australia,Mining & Chemicals,Mining & Chemicals,2018,18Q3,4894320089.72401
"Pacific Ex China, Hong Kong & Japan",Australia,Mining & Chemicals,Mining & Chemicals,2018,18Q4,315069398.542556
"Pacific Ex China, Hong Kong & Japan",Australia,Mining & Chemicals,Mining & Chemicals,2019,19Q1,10067420152.6262
"Pacific Ex China, Hong Kong & Japan",Australia,Mining & Chemicals,Mining & Chemicals,2019,19Q2,3207468320.5606
"Pacific Ex China, Hong Kong & Japan",Australia,Mining & Chemicals,Mining & Chemicals,2019,19q3,5997662112.56753
"Pacific Ex China, Hong Kong & Japan",Australia,Mining & Chemicals,Mining & Chemicals,2019,19Q4,216627473.586709
"Pacific Ex China, Hong Kong & Japan",Australia,Mining & Chemicals,Mining & Chemicals,2020,20Q1,3696017616.28107
"Pacific Ex China, Hong Kong & Japan",Australia,Mining & Chemicals,Mining & Chemicals,2020,20Q2,2340393001.46809
"Pacific Ex China, Hong Kong & Japan",Australia,Mining & Chemicals,Mining & Chemicals,2020,20Q3,6187277916.35158
"Pacific Ex China, Hong Kong & Japan",Australia,Mining & Chemicals,Mining & Chemicals,2020,20Q4,47483363.2869299
"Pacific Ex China, Hong Kong & Japan",Australia,Mining & Chemicals,Mining & Chemicals,2021,21Q1,9547587903.71273
"Pacific Ex China, Hong Kong & Japan",Australia,Mining & Chemicals,Mining & Chemicals,2021,21q2,1863097149.07288
"Pacific Ex China, Hong Kong & Japan",Australia,Mining & Chemicals,Mining & Chemicals,2021,21q3,12621075038.3602
"Pacific Ex China, Hong Kong & Japan",Australia,Mining & Chemicals,Mining & Chemicals,2021,21Q4,432730283.148334
"Pacific Ex China, Hong Kong & Japan",Australia,Mining & Chemicals,Mining & Chemicals,2022,22q1,9956247221.7407
"Pacific Ex China, Hong Kong & Japan",Australia,Mining & Chemicals,Mining & Chemicals,2022,22Q2,2224516074.98212
"Pacific Ex China, Hong Kong & Japan",Australia,Mining & Chemicals,Mining & Chemicals,2022,22Q3,12148619238.6588
"Pacific Ex China, Hong Kong & Japan",Australia,Mining & Chemicals,Mining & Chemicals,2022,22Q4,786833369.28
"Pacific Ex China, Hong Kong & Japan",Australia,Mining & Chemicals,Mining & Chemicals,2023,23Q1,6187150417.90999
"Pacific Ex China, Hong Kong & Japan",Australia,Mining & Chemicals,Mining & Chemicals,2023,23Q2,1044043233.948
"Pacific Ex China, Hong Kong & Japan",Australia,Mining & Chemicals,Mining & Chemicals,2023,23Q3,6650776923.08902
"Pacific Ex China, Hong Kong & Japan",Australia,Mining & Chemicals,Mining & Chemicals,2023,23q4,258640172.356715
"Pacific Ex China, Hong Kong & Japan",Australia,Mining & Chemicals,Mining & Chemicals,2024,24q1,5931369474.55522
"Pacific Ex China, Hong Kong & Japan",Australia,Mining & Chemicals,Mining & Chemicals,2024,24q2,956234797.649675
"Pacific Ex China, Hong Kong & Japan",Australia,Mining & Chemicals,Mining & Chemicals,2024,24q3,2754077614.69871
"Pacific Ex China, Hong Kong & Japan",Australia,Mining & Chemicals,Mining & Chemicals,2024,24q4,3895093894.728
"Pacific Ex China, Hong Kong & Japan",Australia,Mining & Chemicals,Mining & Chemicals,2025,25Q1,3688436334.06094
"Pacific Ex China, Hong Kong & Japan",Australia,Mining & Chemicals,Mining & Chemicals,2025,25q2,988803610.816
"Pacific Ex China, Hong Kong & Japan",Australia,"Oil, Gas & Energy","Oil, Gas & Energy",2010,10Q1,544989804.485123
"Pacific Ex China, Hong Kong & Japan",Australia,"Oil, Gas & Energy","Oil, Gas & Energy",2010,10Q3,390068454.5
"Pacific Ex China, Hong Kong & Japan",Australia,"Oil, Gas & Energy","Oil, Gas & Energy",2010,10Q4,178686646.050583
"Pacific Ex China, Hong Kong & Japan",Australia,"Oil, Gas & Energy","Oil, Gas & Energy",2011,11Q1,135612044.968627
"Pacific Ex China, Hong Kong & Japan",Australia,"Oil, Gas & Energy","Oil, Gas & Energy",2011,11Q2,430870897.05
"Pacific Ex China, Hong Kong & Japan",Australia,"Oil, Gas & Energy","Oil, Gas & Energy",2011,11Q3,564288599.596245
"Pacific Ex China, Hong Kong & Japan",Australia,"Oil, Gas & Energy","Oil, Gas & Energy",2012,12Q1,146455676.247105
"Pacific Ex China, Hong Kong & Japan",Australia,"Oil, Gas & Energy","Oil, Gas & Energy",2012,12Q2,443119382.2
"Pacific Ex China, Hong Kong & Japan",Australia,"Oil, Gas & Energy","Oil, Gas & Energy",2012,12Q3,148658688.564765
"Pacific Ex China, Hong Kong & Japan",Australia,"Oil, Gas & Energy","Oil, Gas & Energy",2012,12Q4,535307976.510785
"Pacific Ex China, Hong Kong & Japan",Australia,"Oil, Gas & Energy","Oil, Gas & Energy",2013,13Q1,149957304.17541
"Pacific Ex China, Hong Kong & Japan",Australia,"Oil, Gas & Energy","Oil, Gas & Energy",2013,13Q2,1021186797.2833
"Pacific Ex China, Hong Kong & Japan",Australia,"Oil, Gas & Energy","Oil, Gas & Energy",2013,13Q3,819281712.0214
"Pacific Ex China, Hong Kong & Japan",Australia,"Oil, Gas & Energy","Oil, Gas & Energy",2014,14Q1,982881825.87869
"Pacific Ex China, Hong Kong & Japan",Australia,"Oil, Gas & Energy","Oil, Gas & Energy",2014,14Q3,1085468998.93588
"Pacific Ex China, Hong Kong & Japan",Australia,"Oil, Gas & Energy","Oil, Gas & Energy",2015,15Q1,1302211707.66308
"Pacific Ex China, Hong Kong & Japan",Australia,"Oil, Gas & Energy","Oil, Gas & Energy",2015,15Q3,638190407.023828
"Pacific Ex China, Hong Kong & Japan",Australia,"Oil, Gas & Energy","Oil, Gas & Energy",2016,16Q1,441415989.384864
"Pacific Ex China, Hong Kong & Japan",Australia,"Oil, Gas & Energy","Oil, Gas & Energy",2016,16Q3,290050983.899794
"Pacific Ex China, Hong Kong & Japan",Australia,"Oil, Gas & Energy","Oil, Gas & Energy",2017,17Q1,418341663.620923
"Pacific Ex China, Hong Kong & Japan",Australia,"Oil, Gas & Energy","Oil, Gas & Energy",2017,17Q3,414233321.619167
"Pacific Ex China, Hong Kong & Japan",Australia,"Oil, Gas & Energy","Oil, Gas & Energy",2018,18Q1,405809052.98434
"Pacific Ex China, Hong Kong & Japan",Australia,"Oil, Gas & Energy","Oil, Gas & Energy",2018,18Q3,567446609.500401
"Pacific Ex China, Hong Kong & Japan",Australia,"Oil, Gas & Energy","Oil, Gas & Energy",2019,19Q1,970111761.206666
"Pacific Ex China, Hong Kong & Japan",Australia,"Oil, Gas & Energy","Oil, Gas & Energy",2019,19q3,462606665.112989
"Pacific Ex China, Hong Kong & Japan",Australia,"Oil, Gas & Energy","Oil, Gas & Energy",2020,20Q1,553137859.826747
"Pacific Ex China, Hong Kong & Japan",Australia,"Oil, Gas & Energy","Oil, Gas & Energy",2020,20Q3,295382589.698105
"Pacific Ex China, Hong Kong & Japan",Australia,"Oil, Gas & Energy","Oil, Gas & Energy",2021,21Q1,211800102.930076
"Pacific Ex China, Hong Kong & Japan",Australia,"Oil, Gas & Energy","Oil, Gas & Energy",2021,21q3,402301893.525031
"Pacific Ex China, Hong Kong & Japan",Australia,"Oil, Gas & Energy","Oil, Gas & Energy",2022,22q1,1306001756.275
"Pacific Ex China, Hong Kong & Japan",Australia,"Oil, Gas & Energy","Oil, Gas & Energy",2022,22Q3,255014168.384
"Pacific Ex China, Hong Kong & Japan",Australia,"Oil, Gas & Energy","Oil, Gas & Energy",2022,22Q4,2069637250.39
"Pacific Ex China, Hong Kong & Japan",Australia,"Oil, Gas & Energy","Oil, Gas & Energy",2023,23Q1,3234507800.667
"Pacific Ex China, Hong Kong & Japan",Australia,"Oil, Gas & Energy","Oil, Gas & Energy",2023,23Q3,282556247.607
"Pacific Ex China, Hong Kong & Japan",Australia,"Oil, Gas & Energy","Oil, Gas & Energy",2023,23q4,1518999816.8
"Pacific Ex China, Hong Kong & Japan",Australia,"Oil, Gas & Energy","Oil, Gas & Energy",2024,24q1,568360268.175
"Pacific Ex China, Hong Kong & Japan",Australia,"Oil, Gas & Energy","Oil, Gas & Energy",2024,24q2,1139249862.6
"Pacific Ex China, Hong Kong & Japan",Australia,"Oil, Gas & Energy","Oil, Gas & Energy",2024,24q3,422210484.93
"Pacific Ex China, Hong Kong & Japan",Australia,"Oil, Gas & Energy","Oil, Gas & Energy",2024,24q4,1310137341.99
"Pacific Ex China, Hong Kong & Japan",Australia,"Oil, Gas & Energy","Oil, Gas & Energy",2025,25Q1,334520614.983
"Pacific Ex China, Hong Kong & Japan",Australia,"Oil, Gas & Energy","Oil, Gas & Energy",2025,25q2,1006337378.63
"Pacific Ex China, Hong Kong & Japan",Australia,Property,Property,2013,13Q1,168983334.79209
"Pacific Ex China, Hong Kong & Japan",Australia,Property,Property,2013,13Q3,150387932.852752
"Pacific Ex China, Hong Kong & Japan",Australia,Property,Property,2014,14Q1,159416016.617534
"Pacific Ex China, Hong Kong & Japan",Australia,Property,Property,2014,14Q3,166673926.166764
"Pacific Ex China, Hong Kong & Japan",Australia,Property,Property,2015,15Q1,576817053.808229
"Pacific Ex China, Hong Kong & Japan",Australia,Property,Property,2015,15Q3,532814710.41303
"Pacific Ex China, Hong Kong & Japan",Australia,Property,Property,2016,16Q1,549736922.267818
"Pacific Ex China, Hong Kong & Japan",Australia,Property,Property,2016,16Q3,590907040.630867
"Pacific Ex China, Hong Kong & Japan",Australia,Property,Property,2017,17Q1,610493288.397181
"Pacific Ex China, Hong Kong & Japan",Australia,Property,Property,2017,17Q3,646364470.589329
"Pacific Ex China, Hong Kong & Japan",Australia,Property,Property,2018,18Q1,645101703.180648
"Pacific Ex China, Hong Kong & Japan",Australia,Property,Property,2018,18Q3,613147477.972915
"Pacific Ex China, Hong Kong & Japan",Australia,Property,Property,2019,19Q1,614337199.686345
"Pacific Ex China, Hong Kong & Japan",Australia,Property,Property,2019,19q3,591791496.191865
"Pacific Ex China, Hong Kong & Japan",Australia,Property,Property,2020,20Q1,562828918.318941
"Pacific Ex China, Hong Kong & Japan",Australia,Property,Property,2020,20Q3,201514002.00051
"Pacific Ex China, Hong Kong & Japan",Australia,Property,Property,2021,21Q1,501801138.153703
"Pacific Ex China, Hong Kong & Japan",Australia,Property,Property,2021,21q3,466334260.89308
"Pacific Ex China, Hong Kong & Japan",Australia,Property,Property,2022,22q1,472015535.396724
"Pacific Ex China, Hong Kong & Japan",Australia,Property,Property,2022,22Q3,462136429.04364
"Pacific Ex China, Hong Kong & Japan",Australia,Property,Property,2023,23Q1,478368546.574859
"Pacific Ex China, Hong Kong & Japan",Australia,Property,Property,2023,23Q3,457778860.420971
"Pacific Ex China, Hong Kong & Japan",Australia,Property,Property,2024,24q1,469099941.534841
"Pacific Ex China, Hong Kong & Japan",Australia,Property,Property,2024,24q3,496312435.267733
"Pacific Ex China, Hong Kong & Japan",Australia,Property,Property,2025,25Q1,459791251.445636
"Pacific Ex China, Hong Kong & Japan",Australia,Technology,Software & IT Services,2017,17Q2,2197452.209304
"Pacific Ex China, Hong Kong & Japan",Australia,Technology,Software & IT Services,2017,17Q4,2741511.5986806
"Pacific Ex China, Hong Kong & Japan",Australia,Technology,Software & IT Services,2018,18Q2,2348707.21951348
"Pacific Ex China, Hong Kong & Japan",Australia,Technology,Software & IT Services,2018,18Q4,3506423.22328815
"Pacific Ex China, Hong Kong & Japan",Australia,Technology,Software & IT Services,2019,19Q2,3208172.40802929
"Pacific Ex China, Hong Kong & Japan",Australia,Technology,Software & IT Services,2019,19Q4,4194583.41355268
"Pacific Ex China, Hong Kong & Japan",Australia,Technology,Software & IT Services,2020,20Q2,3253290.4368864
"Pacific Ex China, Hong Kong & Japan",Australia,Technology,Software & IT Services,2020,20Q4,3710175.41256
"Pacific Ex China, Hong Kong & Japan",Australia,Technology,Software & IT Services,2021,21q2,6691802.54889465
"Pacific Ex China, Hong Kong & Japan",Australia,Technology,Software & IT Services,2021,21Q4,9152996.62763255
"Pacific Ex China, Hong Kong & Japan",Australia,Technology,Software & IT Services,2022,22Q2,11551094.691705
"Pacific Ex China, Hong Kong & Japan",Australia,Technology,Software & IT Services,2022,22Q4,13380435.3239384
"Pacific Ex China, Hong Kong & Japan",Australia,Technology,Software & IT Services,2023,23Q2,14473711.267785
"Pacific Ex China, Hong Kong & Japan",Australia,Technology,Software & IT Services,2023,23q4,17700230.3844618
"Pacific Ex China, Hong Kong & Japan",Australia,Technology,Software & IT Services,2024,24q2,16872390.5016001
"Pacific Ex China, Hong Kong & Japan",Australia,Technology,Software & IT Services,2024,24q4,20925061.8746862
"Pacific Ex China, Hong Kong & Japan",Australia,Technology,Software & IT Services,2025,25q2,22409463.2
"Pacific Ex China, Hong Kong & Japan",Australia,Utilities,Utilities,2010,10Q2,202184904.861975
"Pacific Ex China, Hong Kong & Japan",Australia,Utilities,Utilities,2010,10Q3,212547575.7216
"Pacific Ex China, Hong Kong & Japan",Australia,Utilities,Utilities,2011,11Q2,229325336.6348
"Pacific Ex China, Hong Kong & Japan",Australia,Utilities,Utilities,2011,11Q3,261426611.9492
"Pacific Ex China, Hong Kong & Japan",Australia,Utilities,Utilities,2012,12Q1,281305882.227012
"Pacific Ex China, Hong Kong & Japan",Australia,Utilities,Utilities,2012,12Q3,283778590.980312
"Pacific Ex China, Hong Kong & Japan",Australia,Utilities,Utilities,2013,13Q2,284625963.614688
"Pacific Ex China, Hong Kong & Japan",Australia,Utilities,Utilities,2013,13Q3,255701990.908375
"Pacific Ex China, Hong Kong & Japan",Australia,Utilities,Utilities,2014,14Q2,255884328.251002
"Pacific Ex China, Hong Kong & Japan",Australia,Utilities,Utilities,2014,14Q3,242126322.013876
"Pacific Ex China, Hong Kong & Japan",Australia,Utilities,Utilities,2015,15Q1,211292266.161075
"Pacific Ex China, Hong Kong & Japan",Australia,Utilities,Utilities,2015,15Q3,194076734.453439
"Pacific Ex China, Hong Kong & Japan",Australia,Utilities,Utilities,2016,16Q1,134603938.937425
"Pacific Ex China, Hong Kong & Japan",Australia,Utilities,Utilities,2019,19Q1,124981953.524892
"Pacific Ex China, Hong Kong & Japan",Australia,Utilities,Utilities,2019,19q3,178943447.841277
"Pacific Ex China, Hong Kong & Japan",Australia,Utilities,Utilities,2020,20Q1,161864103.480255
"Pacific Ex China, Hong Kong & Japan",Australia,Utilities,Utilities,2020,20Q4,126146742.960375
"Pacific Ex China, Hong Kong & Japan",Australia,Utilities,Utilities,2021,21Q1,167898452.912269
"Pacific Ex China, Hong Kong & Japan",Australia,Utilities,Utilities,2021,21Q4,95864916.1456438
"Pacific Ex China, Hong Kong & Japan",Australia,Utilities,Utilities,2022,22q1,165124545.475444
"Pacific Ex China, Hong Kong & Japan",Australia,Utilities,Utilities,2022,22Q3,182760701.486459
"Pacific Ex China, Hong Kong & Japan",Australia,Utilities,Utilities,2023,23Q1,188872148.849332
"Pacific Ex China, Hong Kong & Japan",Australia,Utilities,Utilities,2023,23Q3,222372269.37268
"Pacific Ex China, Hong Kong & Japan",Australia,Utilities,Utilities,2024,24q1,750128286.175158
"Pacific Ex China, Hong Kong & Japan",Australia,Utilities,Utilities,2024,24q3,328336325.181301
"Pacific Ex China, Hong Kong & Japan",Australia,Utilities,Utilities,2025,25Q1,325521786.173805
"Pacific Ex China, Hong Kong & Japan",Korea,Consumer Cyclical,Auto,2010,10Q2,423870723.096999
"Pacific Ex China, Hong Kong & Japan",Korea,Consumer Cyclical,Auto,2011,11Q2,621651351.466884
"Pacific Ex China, Hong Kong & Japan",Korea,Consumer Cyclical,Auto,2012,12Q2,699045922.812234
"Pacific Ex China, Hong Kong & Japan",Korea,Consumer Cyclical,Auto,2013,13Q2,771126289.722656
"Pacific Ex China, Hong Kong & Japan",Korea,Consumer Cyclical,Auto,2014,14Q2,870818701.424004
"Pacific Ex China, Hong Kong & Japan",Korea,Consumer Cyclical,Auto,2015,15Q2,1246196602.31413
"Pacific Ex China, Hong Kong & Japan",Korea,Consumer Cyclical,Auto,2015,15Q3,186841251.929964
"Pacific Ex China, Hong Kong & Japan",Korea,Consumer Cyclical,Auto,2016,16Q2,1255663815.85069
"Pacific Ex China, Hong Kong & Japan",Korea,Consumer Cyclical,Auto,2016,16Q3,199643350.824959
"Pacific Ex China, Hong Kong & Japan",Korea,Consumer Cyclical,Auto,2017,17Q2,1281144856.4522
"Pacific Ex China, Hong Kong & Japan",Korea,Consumer Cyclical,Auto,2017,17Q3,193275847.282448
"Pacific Ex China, Hong Kong & Japan",Korea,Consumer Cyclical,Auto,2018,18Q2,1241006872.13471
"Pacific Ex China, Hong Kong & Japan",Korea,Consumer Cyclical,Auto,2018,18Q3,195289227.166863
"Pacific Ex China, Hong Kong & Japan",Korea,Consumer Cyclical,Auto,2019,19Q2,1228185101.25111
"Pacific Ex China, Hong Kong & Japan",Korea,Consumer Cyclical,Auto,2019,19q3,255319489.629083
"Pacific Ex China, Hong Kong & Japan",Korea,Consumer Cyclical,Auto,2020,20Q2,903602700.396812
"Pacific Ex China, Hong Kong & Japan",Korea,Consumer Cyclical,Auto,2021,21q2,1276391058.98311
"Pacific Ex China, Hong Kong & Japan",Korea,Consumer Cyclical,Auto,2021,21q3,267807863.132592
"Pacific Ex China, Hong Kong & Japan",Korea,Consumer Cyclical,Auto,2022,22Q2,1886875375.05472
"Pacific Ex China, Hong Kong & Japan",Korea,Consumer Cyclical,Auto,2022,22Q3,235952533.080684
"Pacific Ex China, Hong Kong & Japan",Korea,Consumer Cyclical,Auto,2023,23Q2,2047154686.00103
"Pacific Ex China, Hong Kong & Japan",Korea,Consumer Cyclical,Auto,2023,23Q3,309274368.527908
"Pacific Ex China, Hong Kong & Japan",Korea,Consumer Cyclical,Auto,2023,23q4,238748862.967159
"Pacific Ex China, Hong Kong & Japan",Korea,Consumer Cyclical,Auto,2024,24q2,3458227802.85784
"Pacific Ex China, Hong Kong & Japan",Korea,Consumer Cyclical,Auto,2024,24q3,373460414.890492
"Pacific Ex China, Hong Kong & Japan",Korea,Consumer Cyclical,Auto,2024,24q4,298462447.465873
"Pacific Ex China, Hong Kong & Japan",Korea,Consumer Cyclical,Auto,2025,25q2,3407714268.3324
"Pacific Ex China, Hong Kong & Japan",Korea,Consumer Cyclical,Clothing & Durables,2010,10Q2,228017536.152487
"Pacific Ex China, Hong Kong & Japan",Korea,Consumer Cyclical,Clothing & Durables,2011,11Q2,26548191.1226426
"Pacific Ex China, Hong Kong & Japan",Korea,Consumer Cyclical,Clothing & Durables,2012,12Q2,25490847.4248217
"Pacific Ex China, Hong Kong & Japan",Korea,Consumer Cyclical,Clothing & Durables,2013,13Q2,28982808.7867684
"Pacific Ex China, Hong Kong & Japan",Korea,Consumer Cyclical,Clothing & Durables,2014,14Q2,31621237.3600604
"Pacific Ex China, Hong Kong & Japan",Korea,Consumer Cyclical,Clothing & Durables,2015,15Q2,60400577.9102482
"Pacific Ex China, Hong Kong & Japan",Korea,Consumer Cyclical,Clothing & Durables,2016,16Q2,57112180.4771104
"Pacific Ex China, Hong Kong & Japan",Korea,Consumer Cyclical,Clothing & Durables,2017,17Q2,57941247.1410759
"Pacific Ex China, Hong Kong & Japan",Korea,Consumer Cyclical,Clothing & Durables,2019,19Q2,108313864.217615
"Pacific Ex China, Hong Kong & Japan",Korea,Consumer Cyclical,Clothing & Durables,2020,20Q2,99345068.8568729
"Pacific Ex China, Hong Kong & Japan",Korea,Consumer Cyclical,Clothing & Durables,2021,21q2,175682029.119506
"Pacific Ex China, Hong Kong & Japan",Korea,Consumer Cyclical,Clothing & Durables,2022,22Q2,112250360.7525
"Pacific Ex China, Hong Kong & Japan",Korea,Consumer Cyclical,Clothing & Durables,2023,23Q2,85721163.3256286
"Pacific Ex China, Hong Kong & Japan",Korea,Consumer Cyclical,Clothing & Durables,2024,24q2,95213270.0295022
"Pacific Ex China, Hong Kong & Japan",Korea,Consumer Cyclical,Clothing & Durables,2024,24q3,59703692.5313112
"Pacific Ex China, Hong Kong & Japan",Korea,Consumer Cyclical,Clothing & Durables,2025,25q2,57022131.6309788
"Pacific Ex China, Hong Kong & Japan",Korea,Financial,Banks,2010,10Q2,323784261.036881
"Pacific Ex China, Hong Kong & Japan",Korea,Financial,Banks,2010,10Q3,53004858.0002128
"Pacific Ex China, Hong Kong & Japan",Korea,Financial,Banks,2011,11Q2,447295595.559636
"Pacific Ex China, Hong Kong & Japan",Korea,Financial,Banks,2011,11Q3,69333836.1224556
"Pacific Ex China, Hong Kong & Japan",Korea,Financial,Banks,2012,12Q2,625136668.550934
"Pacific Ex China, Hong Kong & Japan",Korea,Financial,Banks,2012,12Q3,42232801.2520174
"Pacific Ex China, Hong Kong & Japan",Korea,Financial,Banks,2013,13Q2,550759893.42511
"Pacific Ex China, Hong Kong & Japan",Korea,Financial,Banks,2013,13Q3,38706730.6756431
"Pacific Ex China, Hong Kong & Japan",Korea,Financial,Banks,2014,14Q2,552247466.088539
"Pacific Ex China, Hong Kong & Japan",Korea,Financial,Banks,2014,14Q3,42305889.9648728
"Pacific Ex China, Hong Kong & Japan",Korea,Financial,Banks,2015,15Q2,806027470.289747
"Pacific Ex China, Hong Kong & Japan",Korea,Financial,Banks,2015,15Q3,38082562.5445955
"Pacific Ex China, Hong Kong & Japan",Korea,Financial,Banks,2016,16Q2,954201191.182729
"Pacific Ex China, Hong Kong & Japan",Korea,Financial,Banks,2016,16Q3,66416057.0400775
"Pacific Ex China, Hong Kong & Japan",Korea,Financial,Banks,2017,17Q2,1274705849.99079
"Pacific Ex China, Hong Kong & Japan",Korea,Financial,Banks,2017,17Q3,78937658.4896282
"Pacific Ex China, Hong Kong & Japan",Korea,Financial,Banks,2018,18Q1,347128044.861751
"Pacific Ex China, Hong Kong & Japan",Korea,Financial,Banks,2018,18Q2,752224666.910238
"Pacific Ex China, Hong Kong & Japan",Korea,Financial,Banks,2018,18Q3,107358710.641763
"Pacific Ex China, Hong Kong & Japan",Korea,Financial,Banks,2019,19Q1,396760715.540427
"Pacific Ex China, Hong Kong & Japan",Korea,Financial,Banks,2019,19Q2,1367312843.59994
"Pacific Ex China, Hong Kong & Japan",Korea,Financial,Banks,2019,19q3,123439569.797277
"Pacific Ex China, Hong Kong & Japan",Korea,Financial,Banks,2020,20Q2,1145154733.45523
"Pacific Ex China, Hong Kong & Japan",Korea,Financial,Banks,2020,20Q3,126850345.142172
"Pacific Ex China, Hong Kong & Japan",Korea,Financial,Banks,2021,21q2,1014252004.28737
"Pacific Ex China, Hong Kong & Japan",Korea,Financial,Banks,2021,21q3,589592754.70867
"Pacific Ex China, Hong Kong & Japan",Korea,Financial,Banks,2021,21Q4,113332391.771645
"Pacific Ex China, Hong Kong & Japan",Korea,Financial,Banks,2022,22Q2,2235909619.96068
"Pacific Ex China, Hong Kong & Japan",Korea,Financial,Banks,2022,22Q3,492570374.749071
"Pacific Ex China, Hong Kong & Japan",Korea,Financial,Banks,2022,22Q4,292260546.124007
"Pacific Ex China, Hong Kong & Japan",Korea,Financial,Banks,2023,23Q2,1845046466.38744
"Pacific Ex China, Hong Kong & Japan",Korea,Financial,Banks,2023,23Q3,499144849.438079
"Pacific Ex China, Hong Kong & Japan",Korea,Financial,Banks,2023,23q4,494893143.538676
"Pacific Ex China, Hong Kong & Japan",Korea,Financial,Banks,2024,24q2,1558316457.14349
"Pacific Ex China, Hong Kong & Japan",Korea,Financial,Banks,2024,24q3,561297330.828962
"Pacific Ex China, Hong Kong & Japan",Korea,Financial,Banks,2024,24q4,545252832.862364
"Pacific Ex China, Hong Kong & Japan",Korea,Financial,Banks,2025,25q2,1424701267.41976
"Pacific Ex China, Hong Kong & Japan",Korea,Financial,General Financial,2013,13Q3,7537656.77016849
"Pacific Ex China, Hong Kong & Japan",Korea,Financial,General Financial,2014,14Q2,9784811.69263088
"Pacific Ex China, Hong Kong & Japan",Korea,Financial,General Financial,2015,15Q2,11016640.0823156
"Pacific Ex China, Hong Kong & Japan",Korea,Financial,General Financial,2016,16Q2,19188444.4181578
"Pacific Ex China, Hong Kong & Japan",Korea,Financial,General Financial,2017,17Q1,38331166.8034138
"Pacific Ex China, Hong Kong & Japan",Korea,Financial,General Financial,2019,19Q1,58061339.8634745
"Pacific Ex China, Hong Kong & Japan",Korea,Financial,General Financial,2020,20Q1,63709366.1849872
"Pacific Ex China, Hong Kong & Japan",Korea,Financial,General Financial,2021,21q2,107562786.152885
"Pacific Ex China, Hong Kong & Japan",Korea,Financial,General Financial,2022,22Q2,23074137.4360583
"Pacific Ex China, Hong Kong & Japan",Korea,Financial,General Financial,2023,23Q1,10289236.2232684
"Pacific Ex China, Hong Kong & Japan",Korea,Financial,General Financial,2024,24q2,354788717.022695
"Pacific Ex China, Hong Kong & Japan",Korea,Financial,General Financial,2025,25q2,173516303.383888
"Pacific Ex China, Hong Kong & Japan",Korea,Financial,Insurance,2010,10Q2,116946025.407733
"Pacific Ex China, Hong Kong & Japan",Korea,Financial,Insurance,2011,11Q2,535786228.539193
"Pacific Ex China, Hong Kong & Japan",Korea,Financial,Insurance,2012,12Q2,500399340.507815
"Pacific Ex China, Hong Kong & Japan",Korea,Financial,Insurance,2013,13Q2,414145790.823584
"Pacific Ex China, Hong Kong & Japan",Korea,Financial,Insurance,2014,14Q1,279984366.233969
"Pacific Ex China, Hong Kong & Japan",Korea,Financial,Insurance,2015,15Q1,519000813.336578
"Pacific Ex China, Hong Kong & Japan",Korea,Financial,Insurance,2016,16Q1,522662398.085306
"Pacific Ex China, Hong Kong & Japan",Korea,Financial,Insurance,2017,17Q2,467353136.339304
"Pacific Ex China, Hong Kong & Japan",Korea,Financial,Insurance,2018,18Q2,816854445.849575
"Pacific Ex China, Hong Kong & Japan",Korea,Financial,Insurance,2019,19Q2,945303898.725879
"Pacific Ex China, Hong Kong & Japan",Korea,Financial,Insurance,2020,20Q2,765752153.642589
"Pacific Ex China, Hong Kong & Japan",Korea,Financial,Insurance,2021,21q2,821336132.934275
"Pacific Ex China, Hong Kong & Japan",Korea,Financial,Insurance,2022,22Q2,954109551.179107
"Pacific Ex China, Hong Kong & Japan",Korea,Financial,Insurance,2023,23Q2,965220211.858562
"Pacific Ex China, Hong Kong & Japan",Korea,Financial,Insurance,2024,24q2,1083660001.75767
"Pacific Ex China, Hong Kong & Japan",Korea,Financial,Insurance,2025,25q2,1268629430.7004
"Pacific Ex China, Hong Kong & Japan",Korea,Health,Pharmaceuticals,2022,22Q2,83482118.161744
"Pacific Ex China, Hong Kong & Japan",Korea,Health,Pharmaceuticals,2023,23Q2,39559432.8452369
"Pacific Ex China, Hong Kong & Japan",Korea,Health,Pharmaceuticals,2024,24q2,53111835.857553
"Pacific Ex China, Hong Kong & Japan",Korea,Health,Pharmaceuticals,2025,25q2,114139730.030357
"Pacific Ex China, Hong Kong & Japan",Korea,Industrial,Machinery,2010,10Q2,404657056.221233
"Pacific Ex China, Hong Kong & Japan",Korea,Industrial,Machinery,2011,11Q2,692132227.383519
"Pacific Ex China, Hong Kong & Japan",Korea,Industrial,Machinery,2012,12Q2,445004374.784237
"Pacific Ex China, Hong Kong & Japan",Korea,Industrial,Machinery,2013,13Q2,308077117.809053
"Pacific Ex China, Hong Kong & Japan",Korea,Industrial,Machinery,2014,14Q2,303984195.415721
"Pacific Ex China, Hong Kong & Japan",Korea,Industrial,Machinery,2015,15Q2,100337972.111417
"Pacific Ex China, Hong Kong & Japan",Korea,Industrial,Machinery,2016,16Q2,92820327.8051541
"Pacific Ex China, Hong Kong & Japan",Korea,Industrial,Machinery,2017,17Q2,143646400.229356
"Pacific Ex China, Hong Kong & Japan",Korea,Industrial,Machinery,2018,18Q2,355474436.268934
"Pacific Ex China, Hong Kong & Japan",Korea,Industrial,Machinery,2019,19Q2,333667593.049636
"Pacific Ex China, Hong Kong & Japan",Korea,Industrial,Machinery,2020,20Q2,311477906.004154
"Pacific Ex China, Hong Kong & Japan",Korea,Industrial,Machinery,2021,21q2,412172494.432895
"Pacific Ex China, Hong Kong & Japan",Korea,Industrial,Machinery,2022,22Q2,669818886.180427
"Pacific Ex China, Hong Kong & Japan",Korea,Industrial,Machinery,2023,23Q2,369294442.312799
"Pacific Ex China, Hong Kong & Japan",Korea,Industrial,Machinery,2024,24q2,411467548.886558
"Pacific Ex China, Hong Kong & Japan",Korea,Industrial,Machinery,2025,25q2,808218085.635847
"Pacific Ex China, Hong Kong & Japan",Korea,Industrial,Transport,2010,10Q2,59934795.0531877
"Pacific Ex China, Hong Kong & Japan",Korea,Industrial,Transport,2011,11Q2,61479891.6809531
"Pacific Ex China, Hong Kong & Japan",Korea,Industrial,Transport,2022,22Q2,230606481.421296
"Pacific Ex China, Hong Kong & Japan",Korea,Industrial,Transport,2023,23Q2,438469339.933178
"Pacific Ex China, Hong Kong & Japan",Korea,Industrial,Transport,2024,24q2,350681717.966409
"Pacific Ex China, Hong Kong & Japan",Korea,Industrial,Transport,2025,25q2,367866186.287342
"Pacific Ex China, Hong Kong & Japan",Korea,Media & Telecommunications,Media,2012,12Q2,22656288.8396738
"Pacific Ex China, Hong Kong & Japan",Korea,Media & Telecommunications,Media,2013,13Q2,26559162.5854211
"Pacific Ex China, Hong Kong & Japan",Korea,Media & Telecommunications,Media,2014,14Q2,23292041.1115341
"Pacific Ex China, Hong Kong & Japan",Korea,Media & Telecommunications,Media,2015,15Q2,23598657.3574293
"Pacific Ex China, Hong Kong & Japan",Korea,Media & Telecommunications,Media,2016,16Q2,31424316.7043522
"Pacific Ex China, Hong Kong & Japan",Korea,Media & Telecommunications,Media,2017,17Q2,32862438.4877993
"Pacific Ex China, Hong Kong & Japan",Korea,Media & Telecommunications,Media,2018,18Q2,44566653.3249449
"Pacific Ex China, Hong Kong & Japan",Korea,Media & Telecommunications,Media,2019,19Q2,54696546.120918
"Pacific Ex China, Hong Kong & Japan",Korea,Media & Telecommunications,Media,2020,20Q2,50878355.5778659
"Pacific Ex China, Hong Kong & Japan",Korea,Media & Telecommunications,Media,2021,21q2,71038381.879608
"Pacific Ex China, Hong Kong & Japan",Korea,Media & Telecommunications,Media,2022,22Q2,87692570.0042796
"Pacific Ex China, Hong Kong & Japan",Korea,Media & Telecommunications,Media,2022,22Q4,113798467.162814
"Pacific Ex China, Hong Kong & Japan",Korea,Media & Telecommunications,Media,2023,23Q2,71038710.9130997
"Pacific Ex China, Hong Kong & Japan",Korea,Media & Telecommunications,Media,2024,24q2,112255593.707133
"Pacific Ex China, Hong Kong & Japan",Korea,Media & Telecommunications,Media,2025,25q2,146539510.933504
"Pacific Ex China, Hong Kong & Japan",Korea,Mining & Chemicals,Mining & Chemicals,2010,10Q1,537601554.450966
"Pacific Ex China, Hong Kong & Japan",Korea,Mining & Chemicals,Mining & Chemicals,2010,10Q2,208934687.946478
"Pacific Ex China, Hong Kong & Japan",Korea,Mining & Chemicals,Mining & Chemicals,2010,10Q3,186847606.006006
"Pacific Ex China, Hong Kong & Japan",Korea,Mining & Chemicals,Mining & Chemicals,2011,11Q1,627902006.903046
"Pacific Ex China, Hong Kong & Japan",Korea,Mining & Chemicals,Mining & Chemicals,2011,11Q2,243263659.51272
"Pacific Ex China, Hong Kong & Japan",Korea,Mining & Chemicals,Mining & Chemicals,2011,11Q3,200420279.225366
"Pacific Ex China, Hong Kong & Japan",Korea,Mining & Chemicals,Mining & Chemicals,2012,12Q1,575934162.842391
"Pacific Ex China, Hong Kong & Japan",Korea,Mining & Chemicals,Mining & Chemicals,2012,12Q2,316461874.33556
"Pacific Ex China, Hong Kong & Japan",Korea,Mining & Chemicals,Mining & Chemicals,2012,12Q3,154234505.044919
"Pacific Ex China, Hong Kong & Japan",Korea,Mining & Chemicals,Mining & Chemicals,2013,13Q2,782451242.171927
"Pacific Ex China, Hong Kong & Japan",Korea,Mining & Chemicals,Mining & Chemicals,2013,13Q3,156329343.129464
"Pacific Ex China, Hong Kong & Japan",Korea,Mining & Chemicals,Mining & Chemicals,2014,14Q2,839697437.514371
"Pacific Ex China, Hong Kong & Japan",Korea,Mining & Chemicals,Mining & Chemicals,2014,14Q3,171906805.69051
"Pacific Ex China, Hong Kong & Japan",Korea,Mining & Chemicals,Mining & Chemicals,2015,15Q2,831381647.382082
"Pacific Ex China, Hong Kong & Japan",Korea,Mining & Chemicals,Mining & Chemicals,2015,15Q3,146182399.773228
"Pacific Ex China, Hong Kong & Japan",Korea,Mining & Chemicals,Mining & Chemicals,2016,16Q2,855713915.259949
"Pacific Ex China, Hong Kong & Japan",Korea,Mining & Chemicals,Mining & Chemicals,2016,16Q3,116559940.212564
"Pacific Ex China, Hong Kong & Japan",Korea,Mining & Chemicals,Mining & Chemicals,2016,16Q4,55413011.9499896
"Pacific Ex China, Hong Kong & Japan",Korea,Mining & Chemicals,Mining & Chemicals,2017,17Q2,992563788.319837
"Pacific Ex China, Hong Kong & Japan",Korea,Mining & Chemicals,Mining & Chemicals,2017,17Q3,114835367.178897
"Pacific Ex China, Hong Kong & Japan",Korea,Mining & Chemicals,Mining & Chemicals,2017,17Q4,120490370.687123
"Pacific Ex China, Hong Kong & Japan",Korea,Mining & Chemicals,Mining & Chemicals,2018,18Q2,803291951.347145
"Pacific Ex China, Hong Kong & Japan",Korea,Mining & Chemicals,Mining & Chemicals,2018,18Q3,115739856.483212
"Pacific Ex China, Hong Kong & Japan",Korea,Mining & Chemicals,Mining & Chemicals,2018,18Q4,154251564.021055
"Pacific Ex China, Hong Kong & Japan",Korea,Mining & Chemicals,Mining & Chemicals,2019,19Q2,701468741.862463
"Pacific Ex China, Hong Kong & Japan",Korea,Mining & Chemicals,Mining & Chemicals,2019,19q3,144009302.785587
"Pacific Ex China, Hong Kong & Japan",Korea,Mining & Chemicals,Mining & Chemicals,2019,19Q4,148006341.386481
"Pacific Ex China, Hong Kong & Japan",Korea,Mining & Chemicals,Mining & Chemicals,2020,20Q1,217012378.17
"Pacific Ex China, Hong Kong & Japan",Korea,Mining & Chemicals,Mining & Chemicals,2020,20Q2,504852529.364637
"Pacific Ex China, Hong Kong & Japan",Korea,Mining & Chemicals,Mining & Chemicals,2020,20Q3,36786141.4461252
"Pacific Ex China, Hong Kong & Japan",Korea,Mining & Chemicals,Mining & Chemicals,2020,20Q4,118428188.431628
"Pacific Ex China, Hong Kong & Japan",Korea,Mining & Chemicals,Mining & Chemicals,2021,21q2,1436532899.18454
"Pacific Ex China, Hong Kong & Japan",Korea,Mining & Chemicals,Mining & Chemicals,2021,21q3,261795084.159931
"Pacific Ex China, Hong Kong & Japan",Korea,Mining & Chemicals,Mining & Chemicals,2021,21Q4,319339070.879785
"Pacific Ex China, Hong Kong & Japan",Korea,Mining & Chemicals,Mining & Chemicals,2022,22Q2,1580765411.82757
"Pacific Ex China, Hong Kong & Japan",Korea,Mining & Chemicals,Mining & Chemicals,2022,22Q3,257387627.990278
"Pacific Ex China, Hong Kong & Japan",Korea,Mining & Chemicals,Mining & Chemicals,2022,22Q4,127351924.98042
"Pacific Ex China, Hong Kong & Japan",Korea,Mining & Chemicals,Mining & Chemicals,2023,23Q1,305786973.117335
"Pacific Ex China, Hong Kong & Japan",Korea,Mining & Chemicals,Mining & Chemicals,2023,23Q2,817218490.892352
"Pacific Ex China, Hong Kong & Japan",Korea,Mining & Chemicals,Mining & Chemicals,2023,23Q3,309973766.700288
"Pacific Ex China, Hong Kong & Japan",Korea,Mining & Chemicals,Mining & Chemicals,2023,23q4,162956636.92418
"Pacific Ex China, Hong Kong & Japan",Korea,Mining & Chemicals,Mining & Chemicals,2024,24q2,563024725.09264
"Pacific Ex China, Hong Kong & Japan",Korea,Mining & Chemicals,Mining & Chemicals,2024,24q3,313227506.270873
"Pacific Ex China, Hong Kong & Japan",Korea,Mining & Chemicals,Mining & Chemicals,2024,24q4,147802176.821643
"Pacific Ex China, Hong Kong & Japan",Korea,Mining & Chemicals,Mining & Chemicals,2025,25q2,451129327.773346
"Pacific Ex China, Hong Kong & Japan",Korea,"Oil, Gas & Energy","Oil, Gas & Energy",2010,10Q2,172871304.965989
"Pacific Ex China, Hong Kong & Japan",Korea,"Oil, Gas & Energy","Oil, Gas & Energy",2011,11Q2,178144666.012313
"Pacific Ex China, Hong Kong & Japan",Korea,"Oil, Gas & Energy","Oil, Gas & Energy",2012,12Q2,227477552.072409
"Pacific Ex China, Hong Kong & Japan",Korea,"Oil, Gas & Energy","Oil, Gas & Energy",2013,13Q2,265354184.067503
"Pacific Ex China, Hong Kong & Japan",Korea,"Oil, Gas & Energy","Oil, Gas & Energy",2014,14Q2,285153759.834923
"Pacific Ex China, Hong Kong & Japan",Korea,"Oil, Gas & Energy","Oil, Gas & Energy",2016,16Q2,387341028.960165
"Pacific Ex China, Hong Kong & Japan",Korea,"Oil, Gas & Energy","Oil, Gas & Energy",2017,17Q2,518445528.818264
"Pacific Ex China, Hong Kong & Japan",Korea,"Oil, Gas & Energy","Oil, Gas & Energy",2017,17Q3,131127768.632348
"Pacific Ex China, Hong Kong & Japan",Korea,"Oil, Gas & Energy","Oil, Gas & Energy",2018,18Q2,557493733.536566
"Pacific Ex China, Hong Kong & Japan",Korea,"Oil, Gas & Energy","Oil, Gas & Energy",2018,18Q3,133439984.717468
"Pacific Ex China, Hong Kong & Japan",Korea,"Oil, Gas & Energy","Oil, Gas & Energy",2019,19Q2,520474575.401292
"Pacific Ex China, Hong Kong & Japan",Korea,"Oil, Gas & Energy","Oil, Gas & Energy",2019,19q3,122521658.317593
"Pacific Ex China, Hong Kong & Japan",Korea,"Oil, Gas & Energy","Oil, Gas & Energy",2020,20Q2,105275315.120999
"Pacific Ex China, Hong Kong & Japan",Korea,"Oil, Gas & Energy","Oil, Gas & Energy",2022,22Q2,813.144056113506
"Pacific Ex China, Hong Kong & Japan",Korea,"Oil, Gas & Energy","Oil, Gas & Energy",2025,25q2,210208461.316181
"Pacific Ex China, Hong Kong & Japan",Korea,Technology,IT Hardware,2010,10Q2,987834777.355048
"Pacific Ex China, Hong Kong & Japan",Korea,Technology,IT Hardware,2010,10Q3,617840411.116468
"Pacific Ex China, Hong Kong & Japan",Korea,Technology,IT Hardware,2011,11Q2,676616168.179517
"Pacific Ex China, Hong Kong & Japan",Korea,Technology,IT Hardware,2011,11Q3,68080668.701783
"Pacific Ex China, Hong Kong & Japan",Korea,Technology,IT Hardware,2012,12Q2,646844121.929646
"Pacific Ex China, Hong Kong & Japan",Korea,Technology,IT Hardware,2012,12Q3,64869574.8245405
"Pacific Ex China, Hong Kong & Japan",Korea,Technology,IT Hardware,2013,13Q2,985807404.517831
"Pacific Ex China, Hong Kong & Japan",Korea,Technology,IT Hardware,2013,13Q3,66193022.5426512
"Pacific Ex China, Hong Kong & Japan",Korea,Technology,IT Hardware,2014,14Q2,1956712611.70703
"Pacific Ex China, Hong Kong & Japan",Korea,Technology,IT Hardware,2014,14Q3,72636396.360777
"Pacific Ex China, Hong Kong & Japan",Korea,Technology,IT Hardware,2015,15Q2,2614543095.93063
"Pacific Ex China, Hong Kong & Japan",Korea,Technology,IT Hardware,2015,15Q3,125510686.501557
"Pacific Ex China, Hong Kong & Japan",Korea,Technology,IT Hardware,2016,16Q2,2569211828.07842
"Pacific Ex China, Hong Kong & Japan",Korea,Technology,IT Hardware,2016,16Q3,128987127.420312
"Pacific Ex China, Hong Kong & Japan",Korea,Technology,IT Hardware,2017,17Q2,5108483608.44095
"Pacific Ex China, Hong Kong & Japan",Korea,Technology,IT Hardware,2017,17Q3,1605172652.44248
"Pacific Ex China, Hong Kong & Japan",Korea,Technology,IT Hardware,2017,17Q4,825386776.80799
"Pacific Ex China, Hong Kong & Japan",Korea,Technology,IT Hardware,2018,18Q2,4705185978.38181
"Pacific Ex China, Hong Kong & Japan",Korea,Technology,IT Hardware,2018,18Q3,1881501999.37031
"Pacific Ex China, Hong Kong & Japan",Korea,Technology,IT Hardware,2018,18Q4,1877240101.16444
"Pacific Ex China, Hong Kong & Japan",Korea,Technology,IT Hardware,2019,19Q2,3628304811.36766
"Pacific Ex China, Hong Kong & Japan",Korea,Technology,IT Hardware,2019,19q3,1749423033.0161
"Pacific Ex China, Hong Kong & Japan",Korea,Technology,IT Hardware,2019,19Q4,1806087513.02345
"Pacific Ex China, Hong Kong & Japan",Korea,Technology,IT Hardware,2020,20Q2,3459079387.93012
"Pacific Ex China, Hong Kong & Japan",Korea,Technology,IT Hardware,2020,20Q3,1789115365.11785
"Pacific Ex China, Hong Kong & Japan",Korea,Technology,IT Hardware,2020,20Q4,1914310500.47198
"Pacific Ex China, Hong Kong & Japan",Korea,Technology,IT Hardware,2021,21q2,12232598920.6311
"Pacific Ex China, Hong Kong & Japan",Korea,Technology,IT Hardware,2021,21q3,1844165243.28985
"Pacific Ex China, Hong Kong & Japan",Korea,Technology,IT Hardware,2021,21Q4,1822487608.90412
"Pacific Ex China, Hong Kong & Japan",Korea,Technology,IT Hardware,2022,22Q2,3449691730.79138
"Pacific Ex China, Hong Kong & Japan",Korea,Technology,IT Hardware,2022,22Q3,1647434483.02489
"Pacific Ex China, Hong Kong & Japan",Korea,Technology,IT Hardware,2022,22Q4,1635618892.16032
"Pacific Ex China, Hong Kong & Japan",Korea,Technology,IT Hardware,2023,23Q2,3270265794.95205
"Pacific Ex China, Hong Kong & Japan",Korea,Technology,IT Hardware,2023,23Q3,1611946375.77618
"Pacific Ex China, Hong Kong & Japan",Korea,Technology,IT Hardware,2023,23q4,1668673211.47562
"Pacific Ex China, Hong Kong & Japan",Korea,Technology,IT Hardware,2024,24q2,3148482069.92702
"Pacific Ex China, Hong Kong & Japan",Korea,Technology,IT Hardware,2024,24q3,1616237723.27757
"Pacific Ex China, Hong Kong & Japan",Korea,Technology,IT Hardware,2024,24q4,1549255195.04349
"Pacific Ex China, Hong Kong & Japan",Korea,Technology,IT Hardware,2025,25q2,3079244005.72508
"Pacific Ex China, Hong Kong & Japan",Korea,Technology,Semiconductors,2011,11Q2,82621640.2690162
"Pacific Ex China, Hong Kong & Japan",Korea,Technology,Semiconductors,2015,15Q2,199881672.498763
"Pacific Ex China, Hong Kong & Japan",Korea,Technology,Semiconductors,2016,16Q2,315466648.029944
"Pacific Ex China, Hong Kong & Japan",Korea,Technology,Semiconductors,2017,17Q2,382672432.419718
"Pacific Ex China, Hong Kong & Japan",Korea,Technology,Semiconductors,2018,18Q2,682257025.990968
"Pacific Ex China, Hong Kong & Japan",Korea,Technology,Semiconductors,2019,19Q2,960425255.452679
"Pacific Ex China, Hong Kong & Japan",Korea,Technology,Semiconductors,2020,20Q2,597703096.667736
"Pacific Ex China, Hong Kong & Japan",Korea,Technology,Semiconductors,2021,21q2,762101499.424588
"Pacific Ex China, Hong Kong & Japan",Korea,Technology,Semiconductors,2022,22Q2,1086695002.44818
"Pacific Ex China, Hong Kong & Japan",Korea,Technology,Semiconductors,2022,22Q3,166953867.088974
"Pacific Ex China, Hong Kong & Japan",Korea,Technology,Semiconductors,2022,22Q4,165756454.623041
"Pacific Ex China, Hong Kong & Japan",Korea,Technology,Semiconductors,2023,23Q2,328503076.652292
"Pacific Ex China, Hong Kong & Japan",Korea,Technology,Semiconductors,2023,23Q3,164112336.265932
"Pacific Ex China, Hong Kong & Japan",Korea,Technology,Semiconductors,2023,23q4,164334609.220011
"Pacific Ex China, Hong Kong & Japan",Korea,Technology,Semiconductors,2024,24q2,319025254.630489
"Pacific Ex China, Hong Kong & Japan",Korea,Technology,Semiconductors,2024,24q3,160494338.504447
"Pacific Ex China, Hong Kong & Japan",Korea,Technology,Semiconductors,2024,24q4,156537201.569229
"Pacific Ex China, Hong Kong & Japan",Korea,Technology,Semiconductors,2025,25q2,861832264.77481
"Pacific Ex China, Hong Kong & Japan",Korea,Utilities,Utilities,2014,14Q2,55474573.0752711
"Pacific Ex China, Hong Kong & Japan",Korea,Utilities,Utilities,2015,15Q2,297370792.337163
"Pacific Ex China, Hong Kong & Japan",Korea,Utilities,Utilities,2016,16Q2,1752995846.56893
"Pacific Ex China, Hong Kong & Japan",Korea,Utilities,Utilities,2017,17Q2,1115234818.79887
"Pacific Ex China, Hong Kong & Japan",Korea,Utilities,Utilities,2018,18Q2,475194780.037612
"Pacific Ex China, Hong Kong & Japan",Korea,Utilities,Utilities,2021,21q2,697893074.10503
"Pacific Ex China, Hong Kong & Japan",Korea,Utilities,Utilities,2025,25q2,96250554.1652614
"Pacific Ex China, Hong Kong & Japan",New Zealand,Health,Healthcare,2010,10Q3,40724748.1122849
"Pacific Ex China, Hong Kong & Japan",New Zealand,Health,Healthcare,2010,10Q4,33015504.5429596
"Pacific Ex China, Hong Kong & Japan",New Zealand,Health,Healthcare,2011,11Q3,47613910.396705
"Pacific Ex China, Hong Kong & Japan",New Zealand,Health,Healthcare,2011,11Q4,33923102.317793
"Pacific Ex China, Hong Kong & Japan",New Zealand,Health,Healthcare,2012,12Q3,46365809.8945477
"Pacific Ex China, Hong Kong & Japan",New Zealand,Health,Healthcare,2012,12Q4,38361970.1130836
"Pacific Ex China, Hong Kong & Japan",New Zealand,Health,Healthcare,2013,13Q3,45755681.9187778
"Pacific Ex China, Hong Kong & Japan",New Zealand,Health,Healthcare,2013,13Q4,37755257.0813923
"Pacific Ex China, Hong Kong & Japan",New Zealand,Health,Healthcare,2014,14Q3,52846672.2629074
"Pacific Ex China, Hong Kong & Japan",New Zealand,Health,Healthcare,2014,14Q4,39217638.7026057
"Pacific Ex China, Hong Kong & Japan",New Zealand,Health,Healthcare,2015,15Q3,46851528.9407222
"Pacific Ex China, Hong Kong & Japan",New Zealand,Health,Healthcare,2015,15Q4,40044428.1501729
"Pacific Ex China, Hong Kong & Japan",New Zealand,Health,Healthcare,2016,16Q3,64435985.8012993
"Pacific Ex China, Hong Kong & Japan",New Zealand,Health,Healthcare,2016,16Q4,50564576.8094401
"Pacific Ex China, Hong Kong & Japan",New Zealand,Health,Healthcare,2017,17Q3,72800338.2412744
"Pacific Ex China, Hong Kong & Japan",New Zealand,Health,Healthcare,2017,17Q4,54475909.6517482
"Pacific Ex China, Hong Kong & Japan",New Zealand,Health,Healthcare,2018,18Q3,76387236.8669436
"Pacific Ex China, Hong Kong & Japan",New Zealand,Health,Healthcare,2018,18Q4,58899394.2544623
"Pacific Ex China, Hong Kong & Japan",New Zealand,Health,Healthcare,2019,19q3,80243372.0772869
"Pacific Ex China, Hong Kong & Japan",New Zealand,Health,Healthcare,2019,19Q4,71198180.1871403
"Pacific Ex China, Hong Kong & Japan",New Zealand,Health,Healthcare,2020,20Q3,91272014.9185359
"Pacific Ex China, Hong Kong & Japan",New Zealand,Health,Healthcare,2020,20Q4,102186788.660571
"Pacific Ex China, Hong Kong & Japan",New Zealand,Health,Healthcare,2021,21q3,139016888.815262
"Pacific Ex China, Hong Kong & Japan",New Zealand,Health,Healthcare,2021,21Q4,103368658.113209
"Pacific Ex China, Hong Kong & Japan",New Zealand,Health,Healthcare,2022,22Q3,124832751.502235
"Pacific Ex China, Hong Kong & Japan",New Zealand,Health,Healthcare,2022,22Q4,99658660.4251116
"Pacific Ex China, Hong Kong & Japan",New Zealand,Health,Healthcare,2023,23Q3,129404946.672404
"Pacific Ex China, Hong Kong & Japan",New Zealand,Health,Healthcare,2023,23q4,101783754.10519
"Pacific Ex China, Hong Kong & Japan",New Zealand,Health,Healthcare,2024,24q3,130644279.937702
"Pacific Ex China, Hong Kong & Japan",New Zealand,Health,Healthcare,2024,24q4,97097931.2946908
"Pacific Ex China, Hong Kong & Japan",Singapore,Consumer Defensive,"Food, drink & Tobacco",2010,10Q2,226150158.645662
"Pacific Ex China, Hong Kong & Japan",Singapore,Consumer Defensive,"Food, drink & Tobacco",2010,10Q3,153518850.477309
"Pacific Ex China, Hong Kong & Japan",Singapore,Consumer Defensive,"Food, drink & Tobacco",2011,11Q2,118717685.12148
"Pacific Ex China, Hong Kong & Japan",Singapore,Consumer Defensive,"Food, drink & Tobacco",2011,11Q3,153895933.726959
"Pacific Ex China, Hong Kong & Japan",Singapore,Consumer Defensive,"Food, drink & Tobacco",2012,12Q2,155853382.542283
"Pacific Ex China, Hong Kong & Japan",Singapore,Consumer Defensive,"Food, drink & Tobacco",2012,12Q3,103590575.335409
"Pacific Ex China, Hong Kong & Japan",Singapore,Consumer Defensive,"Food, drink & Tobacco",2013,13Q2,154403543.748122
"Pacific Ex China, Hong Kong & Japan",Singapore,Consumer Defensive,"Food, drink & Tobacco",2013,13Q3,125108190.682332
"Pacific Ex China, Hong Kong & Japan",Singapore,Consumer Defensive,"Food, drink & Tobacco",2014,14Q2,281143322.641517
"Pacific Ex China, Hong Kong & Japan",Singapore,Consumer Defensive,"Food, drink & Tobacco",2014,14Q3,102639791.883905
"Pacific Ex China, Hong Kong & Japan",Singapore,Consumer Defensive,"Food, drink & Tobacco",2015,15Q2,266561644.98201
"Pacific Ex China, Hong Kong & Japan",Singapore,Consumer Defensive,"Food, drink & Tobacco",2015,15Q3,113611194.792016
"Pacific Ex China, Hong Kong & Japan",Singapore,Consumer Defensive,"Food, drink & Tobacco",2016,16Q2,252313219.661016
"Pacific Ex China, Hong Kong & Japan",Singapore,Consumer Defensive,"Food, drink & Tobacco",2016,16Q3,115733931.823169
"Pacific Ex China, Hong Kong & Japan",Singapore,Consumer Defensive,"Food, drink & Tobacco",2017,17Q2,181287923.618282
"Pacific Ex China, Hong Kong & Japan",Singapore,Consumer Defensive,"Food, drink & Tobacco",2017,17Q3,139844220.302151
"Pacific Ex China, Hong Kong & Japan",Singapore,Consumer Defensive,"Food, drink & Tobacco",2018,18Q2,330013904.391575
"Pacific Ex China, Hong Kong & Japan",Singapore,Consumer Defensive,"Food, drink & Tobacco",2018,18Q3,161620492.307462
"Pacific Ex China, Hong Kong & Japan",Singapore,Consumer Defensive,"Food, drink & Tobacco",2019,19Q2,323262352.905656
"Pacific Ex China, Hong Kong & Japan",Singapore,Consumer Defensive,"Food, drink & Tobacco",2019,19q3,136880529.402012
"Pacific Ex China, Hong Kong & Japan",Singapore,Consumer Defensive,"Food, drink & Tobacco",2020,20Q2,433829978.037011
"Pacific Ex China, Hong Kong & Japan",Singapore,Consumer Defensive,"Food, drink & Tobacco",2020,20Q3,185971540.602029
"Pacific Ex China, Hong Kong & Japan",Singapore,Consumer Defensive,"Food, drink & Tobacco",2021,21q2,733400198.87772
"Pacific Ex China, Hong Kong & Japan",Singapore,Consumer Defensive,"Food, drink & Tobacco",2021,21q3,234195067.085966
"Pacific Ex China, Hong Kong & Japan",Singapore,Consumer Defensive,"Food, drink & Tobacco",2022,22Q2,478060809.070602
"Pacific Ex China, Hong Kong & Japan",Singapore,Consumer Defensive,"Food, drink & Tobacco",2022,22Q3,270153354.972523
"Pacific Ex China, Hong Kong & Japan",Singapore,Consumer Defensive,"Food, drink & Tobacco",2023,23Q2,513293818.937061
"Pacific Ex China, Hong Kong & Japan",Singapore,Consumer Defensive,"Food, drink & Tobacco",2023,23Q3,277526738.74728
"Pacific Ex China, Hong Kong & Japan",Singapore,Consumer Defensive,"Food, drink & Tobacco",2024,24q2,507970997.41623
"Pacific Ex China, Hong Kong & Japan",Singapore,Consumer Defensive,"Food, drink & Tobacco",2024,24q3,287330464.000028
"Pacific Ex China, Hong Kong & Japan",Singapore,Consumer Defensive,"Food, drink & Tobacco",2025,25q2,480727935.316434
"Pacific Ex China, Hong Kong & Japan",Singapore,Financial,Banks,2010,10Q2,764064083.841421
"Pacific Ex China, Hong Kong & Japan",Singapore,Financial,Banks,2010,10Q3,462401886.384092
"Pacific Ex China, Hong Kong & Japan",Singapore,Financial,Banks,2010,10Q4,867147479.405456
"Pacific Ex China, Hong Kong & Japan",Singapore,Financial,Banks,2011,11Q2,1037632329.01587
"Pacific Ex China, Hong Kong & Japan",Singapore,Financial,Banks,2011,11Q3,1283241321.74583
"Pacific Ex China, Hong Kong & Japan",Singapore,Financial,Banks,2011,11Q4,393102837.118759
"Pacific Ex China, Hong Kong & Japan",Singapore,Financial,Banks,2012,12Q2,1433758009.22278
"Pacific Ex China, Hong Kong & Japan",Singapore,Financial,Banks,2012,12Q3,694814803.545068
"Pacific Ex China, Hong Kong & Japan",Singapore,Financial,Banks,2012,12Q4,553955109.53634
"Pacific Ex China, Hong Kong & Japan",Singapore,Financial,Banks,2013,13Q2,1630446122.14422
"Pacific Ex China, Hong Kong & Japan",Singapore,Financial,Banks,2013,13Q3,1247711472.16788
"Pacific Ex China, Hong Kong & Japan",Singapore,Financial,Banks,2014,14Q2,1747095669.75069
"Pacific Ex China, Hong Kong & Japan",Singapore,Financial,Banks,2014,14Q3,797513105.375162
"Pacific Ex China, Hong Kong & Japan",Singapore,Financial,Banks,2014,14Q4,493129511.941015
"Pacific Ex China, Hong Kong & Japan",Singapore,Financial,Banks,2015,15Q2,1751006042.87883
"Pacific Ex China, Hong Kong & Japan",Singapore,Financial,Banks,2015,15Q3,1450488029.71401
"Pacific Ex China, Hong Kong & Japan",Singapore,Financial,Banks,2016,16Q1,224662920.220168
"Pacific Ex China, Hong Kong & Japan",Singapore,Financial,Banks,2016,16Q2,1517143907.40156
"Pacific Ex China, Hong Kong & Japan",Singapore,Financial,Banks,2016,16Q3,1529505914.93119
"Pacific Ex China, Hong Kong & Japan",Singapore,Financial,Banks,2017,17Q2,1508158252.14293
"Pacific Ex China, Hong Kong & Japan",Singapore,Financial,Banks,2017,17Q3,1048009523.68889
"Pacific Ex China, Hong Kong & Japan",Singapore,Financial,Banks,2017,17Q4,553011426.999947
"Pacific Ex China, Hong Kong & Japan",Singapore,Financial,Banks,2018,18Q2,3507951859.84465
"Pacific Ex China, Hong Kong & Japan",Singapore,Financial,Banks,2018,18Q3,1740818438.00554
"Pacific Ex China, Hong Kong & Japan",Singapore,Financial,Banks,2018,18Q4,605264362.498636
"Pacific Ex China, Hong Kong & Japan",Singapore,Financial,Banks,2019,19Q2,3250130914.4871
"Pacific Ex China, Hong Kong & Japan",Singapore,Financial,Banks,2019,19q3,1218836436.02014
"Pacific Ex China, Hong Kong & Japan",Singapore,Financial,Banks,2019,19Q4,1330868747.74833
"Pacific Ex China, Hong Kong & Japan",Singapore,Financial,Banks,2020,20Q2,2964772495.54137
"Pacific Ex China, Hong Kong & Japan",Singapore,Financial,Banks,2020,20Q4,1674703483.82258
"Pacific Ex China, Hong Kong & Japan",Singapore,Financial,Banks,2021,21q2,1704478971.07769
"Pacific Ex China, Hong Kong & Japan",Singapore,Financial,Banks,2021,21q3,2206043297.86252
"Pacific Ex China, Hong Kong & Japan",Singapore,Financial,Banks,2021,21Q4,617945988.53591
"Pacific Ex China, Hong Kong & Japan",Singapore,Financial,Banks,2022,22Q2,2979759849.95549
"Pacific Ex China, Hong Kong & Japan",Singapore,Financial,Banks,2022,22Q3,2290306588.96035
"Pacific Ex China, Hong Kong & Japan",Singapore,Financial,Banks,2022,22Q4,673913726.865875
"Pacific Ex China, Hong Kong & Japan",Singapore,Financial,Banks,2023,23Q2,4854212397.58461
"Pacific Ex China, Hong Kong & Japan",Singapore,Financial,Banks,2023,23Q3,3287300157.8179
"Pacific Ex China, Hong Kong & Japan",Singapore,Financial,Banks,2023,23q4,925098016.842761
"Pacific Ex China, Hong Kong & Japan",Singapore,Financial,Banks,2024,24q2,4514711813.70894
"Pacific Ex China, Hong Kong & Japan",Singapore,Financial,Banks,2024,24q3,3826171304.97367
"Pacific Ex China, Hong Kong & Japan",Singapore,Financial,Banks,2024,24q4,1140520357.26898
"Pacific Ex China, Hong Kong & Japan",Singapore,Financial,Banks,2025,25q2,6433228163.74987
"Pacific Ex China, Hong Kong & Japan",Singapore,Financial,General Financial,2010,10Q1,28531874.9103955
"Pacific Ex China, Hong Kong & Japan",Singapore,Financial,General Financial,2010,10Q2,28870898.6908349
"Pacific Ex China, Hong Kong & Japan",Singapore,Financial,General Financial,2010,10Q4,162861625.857641
"Pacific Ex China, Hong Kong & Japan",Singapore,Financial,General Financial,2011,11Q1,33626834.8833226
"Pacific Ex China, Hong Kong & Japan",Singapore,Financial,General Financial,2011,11Q2,34321550.3160288
"Pacific Ex China, Hong Kong & Japan",Singapore,Financial,General Financial,2011,11Q4,160083458.027131
"Pacific Ex China, Hong Kong & Japan",Singapore,Financial,General Financial,2012,12Q1,33852474.8460451
"Pacific Ex China, Hong Kong & Japan",Singapore,Financial,General Financial,2012,12Q2,33831099.0094208
"Pacific Ex China, Hong Kong & Japan",Singapore,Financial,General Financial,2012,12Q4,166088993.991073
"Pacific Ex China, Hong Kong & Japan",Singapore,Financial,General Financial,2013,13Q1,34542012.2257537
"Pacific Ex China, Hong Kong & Japan",Singapore,Financial,General Financial,2013,13Q2,34607701.5166081
"Pacific Ex China, Hong Kong & Japan",Singapore,Financial,General Financial,2013,13Q4,171720292.414881
"Pacific Ex China, Hong Kong & Japan",Singapore,Financial,General Financial,2014,14Q1,33760138.5501828
"Pacific Ex China, Hong Kong & Japan",Singapore,Financial,General Financial,2014,14Q2,34265615.3994817
"Pacific Ex China, Hong Kong & Japan",Singapore,Financial,General Financial,2014,14Q4,167816525.472891
"Pacific Ex China, Hong Kong & Japan",Singapore,Financial,General Financial,2015,15Q1,31848807.7459405
"Pacific Ex China, Hong Kong & Japan",Singapore,Financial,General Financial,2015,15Q2,32215212.3316157
"Pacific Ex China, Hong Kong & Japan",Singapore,Financial,General Financial,2015,15Q4,161130929.628901
"Pacific Ex China, Hong Kong & Japan",Singapore,Financial,General Financial,2016,16Q1,38400499.1321971
"Pacific Ex China, Hong Kong & Japan",Singapore,Financial,General Financial,2016,16Q2,39362566.6082011
"Pacific Ex China, Hong Kong & Japan",Singapore,Financial,General Financial,2016,16Q4,139995485.66322
"Pacific Ex China, Hong Kong & Japan",Singapore,Financial,General Financial,2017,17Q1,37934727.4478182
"Pacific Ex China, Hong Kong & Japan",Singapore,Financial,General Financial,2017,17Q2,38094698.15036
"Pacific Ex China, Hong Kong & Japan",Singapore,Financial,General Financial,2017,17Q4,141232311.866222
"Pacific Ex China, Hong Kong & Japan",Singapore,Financial,General Financial,2018,18Q1,40622224.0279767
"Pacific Ex China, Hong Kong & Japan",Singapore,Financial,General Financial,2018,18Q2,39899688.3821568
"Pacific Ex China, Hong Kong & Japan",Singapore,Financial,General Financial,2018,18Q4,174522490.527744
"Pacific Ex China, Hong Kong & Japan",Singapore,Financial,General Financial,2019,19Q1,59168237.1803651
"Pacific Ex China, Hong Kong & Japan",Singapore,Financial,General Financial,2019,19Q2,58595412.0072247
"Pacific Ex China, Hong Kong & Japan",Singapore,Financial,General Financial,2019,19Q4,117808687.863247
"Pacific Ex China, Hong Kong & Japan",Singapore,Financial,General Financial,2020,20Q1,57787673.7629763
"Pacific Ex China, Hong Kong & Japan",Singapore,Financial,General Financial,2020,20Q2,56579186.9985119
"Pacific Ex China, Hong Kong & Japan",Singapore,Financial,General Financial,2020,20Q4,126815781.544596
"Pacific Ex China, Hong Kong & Japan",Singapore,Financial,General Financial,2021,21Q1,64254316.7298302
"Pacific Ex China, Hong Kong & Japan",Singapore,Financial,General Financial,2021,21q2,64211976.8348507
"Pacific Ex China, Hong Kong & Japan",Singapore,Financial,General Financial,2021,21Q4,126906715.776128
"Pacific Ex China, Hong Kong & Japan",Singapore,Financial,General Financial,2022,22q1,63545030.5971998
"Pacific Ex China, Hong Kong & Japan",Singapore,Financial,General Financial,2022,22Q2,61654033.3505954
"Pacific Ex China, Hong Kong & Japan",Singapore,Financial,General Financial,2022,22Q4,121714667.0857
"Pacific Ex China, Hong Kong & Japan",Singapore,Financial,General Financial,2023,23Q1,63376875.7405781
"Pacific Ex China, Hong Kong & Japan",Singapore,Financial,General Financial,2023,23Q2,63862921.980049
"Pacific Ex China, Hong Kong & Japan",Singapore,Financial,General Financial,2023,23q4,133393710.895884
"Pacific Ex China, Hong Kong & Japan",Singapore,Financial,General Financial,2024,24q1,67739958.5318399
"Pacific Ex China, Hong Kong & Japan",Singapore,Financial,General Financial,2024,24q2,67241690.5254475
"Pacific Ex China, Hong Kong & Japan",Singapore,Financial,General Financial,2024,24q4,144449696.121554
"Pacific Ex China, Hong Kong & Japan",Singapore,Financial,General Financial,2025,25Q1,72115416.2068925
"Pacific Ex China, Hong Kong & Japan",Singapore,Financial,General Financial,2025,25q2,74452501.5255825
"Pacific Ex China, Hong Kong & Japan",Singapore,Industrial,Machinery,2010,10Q2,489314023.946093
"Pacific Ex China, Hong Kong & Japan",Singapore,Industrial,Machinery,2010,10Q3,257322802.701291
"Pacific Ex China, Hong Kong & Japan",Singapore,Industrial,Machinery,2011,11Q2,624441201.910603
"Pacific Ex China, Hong Kong & Japan",Singapore,Industrial,Machinery,2011,11Q3,324763770.207166
"Pacific Ex China, Hong Kong & Japan",Singapore,Industrial,Machinery,2012,12Q2,674387391.735004
"Pacific Ex China, Hong Kong & Japan",Singapore,Industrial,Machinery,2012,12Q3,334561868.504964
"Pacific Ex China, Hong Kong & Japan",Singapore,Industrial,Machinery,2013,13Q2,736179390.847324
"Pacific Ex China, Hong Kong & Japan",Singapore,Industrial,Machinery,2013,13Q3,215966766.332289
"Pacific Ex China, Hong Kong & Japan",Singapore,Industrial,Machinery,2014,14Q2,734604233.283054
"Pacific Ex China, Hong Kong & Japan",Singapore,Industrial,Machinery,2014,14Q3,274114258.426505
"Pacific Ex China, Hong Kong & Japan",Singapore,Industrial,Machinery,2015,15Q2,753464628.643878
"Pacific Ex China, Hong Kong & Japan",Singapore,Industrial,Machinery,2015,15Q3,265729796.194534
"Pacific Ex China, Hong Kong & Japan",Singapore,Industrial,Machinery,2016,16Q2,520397085.595543
"Pacific Ex China, Hong Kong & Japan",Singapore,Industrial,Machinery,2016,16Q3,222257281.216127
"Pacific Ex China, Hong Kong & Japan",Singapore,Industrial,Machinery,2017,17Q2,375459697.013135
"Pacific Ex China, Hong Kong & Japan",Singapore,Industrial,Machinery,2017,17Q3,221731977.466287
"Pacific Ex China, Hong Kong & Japan",Singapore,Industrial,Machinery,2018,18Q2,421840229.596368
"Pacific Ex China, Hong Kong & Japan",Singapore,Industrial,Machinery,2018,18Q3,313436624.252762
"Pacific Ex China, Hong Kong & Japan",Singapore,Industrial,Machinery,2019,19Q2,428450288.887144
"Pacific Ex China, Hong Kong & Japan",Singapore,Industrial,Machinery,2019,19q3,217250023.833467
"Pacific Ex China, Hong Kong & Japan",Singapore,Industrial,Machinery,2020,20Q2,377679361.239799
"Pacific Ex China, Hong Kong & Japan",Singapore,Industrial,Machinery,2020,20Q3,154348301.644261
"Pacific Ex China, Hong Kong & Japan",Singapore,Industrial,Machinery,2021,21q2,331387489.455205
"Pacific Ex China, Hong Kong & Japan",Singapore,Industrial,Machinery,2021,21q3,275942717.074286
"Pacific Ex China, Hong Kong & Japan",Singapore,Industrial,Machinery,2022,22Q2,586031458.600129
"Pacific Ex China, Hong Kong & Japan",Singapore,Industrial,Machinery,2022,22Q3,279953321.822863
"Pacific Ex China, Hong Kong & Japan",Singapore,Industrial,Machinery,2022,22Q4,92238747.4095119
"Pacific Ex China, Hong Kong & Japan",Singapore,Industrial,Machinery,2023,23Q2,424972264.970825
"Pacific Ex China, Hong Kong & Japan",Singapore,Industrial,Machinery,2023,23Q3,287262721.039673
"Pacific Ex China, Hong Kong & Japan",Singapore,Industrial,Machinery,2023,23q4,93198437.0259329
"Pacific Ex China, Hong Kong & Japan",Singapore,Industrial,Machinery,2024,24q2,431396392.211873
"Pacific Ex China, Hong Kong & Japan",Singapore,Industrial,Machinery,2024,24q3,303644163.494135
"Pacific Ex China, Hong Kong & Japan",Singapore,Industrial,Machinery,2024,24q4,92879730.1903151
"Pacific Ex China, Hong Kong & Japan",Singapore,Industrial,Machinery,2025,25q2,481169292.196924
"Pacific Ex China, Hong Kong & Japan",Singapore,Industrial,Transport,2010,10Q3,105637340.985602
"Pacific Ex China, Hong Kong & Japan",Singapore,Industrial,Transport,2010,10Q4,181793707.710259
"Pacific Ex China, Hong Kong & Japan",Singapore,Industrial,Transport,2011,11Q3,1182628740.12604
"Pacific Ex China, Hong Kong & Japan",Singapore,Industrial,Transport,2011,11Q4,91953390.586968
"Pacific Ex China, Hong Kong & Japan",Singapore,Industrial,Transport,2012,12Q3,93675624.424754
"Pacific Ex China, Hong Kong & Japan",Singapore,Industrial,Transport,2012,12Q4,57540754.6588263
"Pacific Ex China, Hong Kong & Japan",Singapore,Industrial,Transport,2013,13Q3,157113089.532507
"Pacific Ex China, Hong Kong & Japan",Singapore,Industrial,Transport,2013,13Q4,93664112.6818667
"Pacific Ex China, Hong Kong & Japan",Singapore,Industrial,Transport,2014,14Q3,338592227.581154
"Pacific Ex China, Hong Kong & Japan",Singapore,Industrial,Transport,2014,14Q4,44970000.9458922
"Pacific Ex China, Hong Kong & Japan",Singapore,Industrial,Transport,2015,15Q3,141662009.21249
"Pacific Ex China, Hong Kong & Japan",Singapore,Industrial,Transport,2015,15Q4,82334889.1935141
"Pacific Ex China, Hong Kong & Japan",Singapore,Industrial,Transport,2016,16Q3,308826108.406311
"Pacific Ex China, Hong Kong & Japan",Singapore,Industrial,Transport,2016,16Q4,74295820.5282626
"Pacific Ex China, Hong Kong & Japan",Singapore,Industrial,Transport,2017,17Q3,95146427.0954685
"Pacific Ex China, Hong Kong & Japan",Singapore,Industrial,Transport,2017,17Q4,87738007.5825352
"Pacific Ex China, Hong Kong & Japan",Singapore,Industrial,Transport,2018,18Q3,257002864.845091
"Pacific Ex China, Hong Kong & Japan",Singapore,Industrial,Transport,2018,18Q4,69387567.4763456
"Pacific Ex China, Hong Kong & Japan",Singapore,Industrial,Transport,2019,19q3,187842699.417523
"Pacific Ex China, Hong Kong & Japan",Singapore,Industrial,Transport,2019,19Q4,69440264.6565463
"Pacific Ex China, Hong Kong & Japan",Singapore,Industrial,Transport,2022,22Q4,219436264.729806
"Pacific Ex China, Hong Kong & Japan",Singapore,Industrial,Transport,2023,23Q3,613794845.306608
"Pacific Ex China, Hong Kong & Japan",Singapore,Industrial,Transport,2023,23q4,224666084.189544
"Pacific Ex China, Hong Kong & Japan",Singapore,Industrial,Transport,2024,24q3,865950309.163785
"Pacific Ex China, Hong Kong & Japan",Singapore,Industrial,Transport,2024,24q4,221548810.182267
"Pacific Ex China, Hong Kong & Japan",Singapore,Media & Telecommunications,Telecoms,2010,10Q1,711071167.459224
"Pacific Ex China, Hong Kong & Japan",Singapore,Media & Telecommunications,Telecoms,2010,10Q3,940591266.982585
"Pacific Ex China, Hong Kong & Japan",Singapore,Media & Telecommunications,Telecoms,2011,11Q1,842592051.818974
"Pacific Ex China, Hong Kong & Japan",Singapore,Media & Telecommunications,Telecoms,2011,11Q3,2512590533.70038
"Pacific Ex China, Hong Kong & Japan",Singapore,Media & Telecommunications,Telecoms,2012,12Q1,839736851.900412
"Pacific Ex China, Hong Kong & Japan",Singapore,Media & Telecommunications,Telecoms,2012,12Q3,1148259063.28383
"Pacific Ex China, Hong Kong & Japan",Singapore,Media & Telecommunications,Telecoms,2013,13Q1,886297295.389382
"Pacific Ex China, Hong Kong & Japan",Singapore,Media & Telecommunications,Telecoms,2013,13Q3,1247434804.54232
"Pacific Ex China, Hong Kong & Japan",Singapore,Media & Telecommunications,Telecoms,2014,14Q1,851760375.761592
"Pacific Ex China, Hong Kong & Japan",Singapore,Media & Telecommunications,Telecoms,2014,14Q3,1276353964.81333
"Pacific Ex China, Hong Kong & Japan",Singapore,Media & Telecommunications,Telecoms,2015,15Q1,812959832.439017
"Pacific Ex China, Hong Kong & Japan",Singapore,Media & Telecommunications,Telecoms,2015,15Q3,1214294788.58311
"Pacific Ex China, Hong Kong & Japan",Singapore,Media & Telecommunications,Telecoms,2016,16Q1,756357773.345193
"Pacific Ex China, Hong Kong & Japan",Singapore,Media & Telecommunications,Telecoms,2016,16Q3,1269034287.76834
"Pacific Ex China, Hong Kong & Japan",Singapore,Media & Telecommunications,Telecoms,2017,17Q1,771769097.554138
"Pacific Ex China, Hong Kong & Japan",Singapore,Media & Telecommunications,Telecoms,2017,17Q3,1280296026.83804
"Pacific Ex China, Hong Kong & Japan",Singapore,Media & Telecommunications,Telecoms,2018,18Q1,1199863161.95074
"Pacific Ex China, Hong Kong & Japan",Singapore,Media & Telecommunications,Telecoms,2018,18Q3,1269817834.86736
"Pacific Ex China, Hong Kong & Japan",Singapore,Media & Telecommunications,Telecoms,2019,19Q1,821410580.064374
"Pacific Ex China, Hong Kong & Japan",Singapore,Media & Telecommunications,Telecoms,2019,19q3,1258379005.06438
"Pacific Ex China, Hong Kong & Japan",Singapore,Media & Telecommunications,Telecoms,2020,20Q1,823481732.619499
"Pacific Ex China, Hong Kong & Japan",Singapore,Media & Telecommunications,Telecoms,2020,20Q3,651850686.817022
"Pacific Ex China, Hong Kong & Japan",Singapore,Media & Telecommunications,Telecoms,2021,21Q1,626037997.039613
"Pacific Ex China, Hong Kong & Japan",Singapore,Media & Telecommunications,Telecoms,2021,21q3,291317223.535082
"Pacific Ex China, Hong Kong & Japan",Singapore,Media & Telecommunications,Telecoms,2022,22q1,547608230.633197
"Pacific Ex China, Hong Kong & Japan",Singapore,Media & Telecommunications,Telecoms,2022,22Q3,572920448.924659
"Pacific Ex China, Hong Kong & Japan",Singapore,Media & Telecommunications,Telecoms,2022,22Q4,866872413.914116
"Pacific Ex China, Hong Kong & Japan",Singapore,Media & Telecommunications,Telecoms,2023,23Q3,947731303.110936
"Pacific Ex China, Hong Kong & Japan",Singapore,Media & Telecommunications,Telecoms,2023,23q4,640852263.031871
"Pacific Ex China, Hong Kong & Japan",Singapore,Media & Telecommunications,Telecoms,2024,24q3,999036169.636276
"Pacific Ex China, Hong Kong & Japan",Singapore,Media & Telecommunications,Telecoms,2024,24q4,1098780033.39961
"Pacific Ex China, Hong Kong & Japan",Singapore,Property,Property,2010,10Q1,54280736.1669021
"Pacific Ex China, Hong Kong & Japan",Singapore,Property,Property,2010,10Q2,50454496.4064792
"Pacific Ex China, Hong Kong & Japan",Singapore,Property,Property,2010,10Q3,53757676.4883928
"Pacific Ex China, Hong Kong & Japan",Singapore,Property,Property,2010,10Q4,56812210.738111
"Pacific Ex China, Hong Kong & Japan",Singapore,Property,Property,2011,11Q1,59132476.6448035
"Pacific Ex China, Hong Kong & Japan",Singapore,Property,Property,2011,11Q2,59071055.1810121
"Pacific Ex China, Hong Kong & Japan",Singapore,Property,Property,2011,11Q3,62372844.4399258
"Pacific Ex China, Hong Kong & Japan",Singapore,Property,Property,2011,11Q4,59546135.448242
"Pacific Ex China, Hong Kong & Japan",Singapore,Property,Property,2012,12Q1,59302772.7850324
"Pacific Ex China, Hong Kong & Japan",Singapore,Property,Property,2012,12Q2,59441171.0598931
"Pacific Ex China, Hong Kong & Japan",Singapore,Property,Property,2012,12Q3,63208222.6730554
"Pacific Ex China, Hong Kong & Japan",Singapore,Property,Property,2012,12Q4,66038869.637496
"Pacific Ex China, Hong Kong & Japan",Singapore,Property,Property,2013,13Q1,64295449.3363824
"Pacific Ex China, Hong Kong & Japan",Singapore,Property,Property,2013,13Q2,67465848.0493617
"Pacific Ex China, Hong Kong & Japan",Singapore,Property,Property,2013,13Q3,68604308.0183183
"Pacific Ex China, Hong Kong & Japan",Singapore,Property,Property,2013,13Q4,70625528.4363542
"Pacific Ex China, Hong Kong & Japan",Singapore,Property,Property,2014,14Q1,74278882.8718635
"Pacific Ex China, Hong Kong & Japan",Singapore,Property,Property,2014,14Q2,70928971.9045935
"Pacific Ex China, Hong Kong & Japan",Singapore,Property,Property,2014,14Q3,74596282.9004653
"Pacific Ex China, Hong Kong & Japan",Singapore,Property,Property,2014,14Q4,72229165.30369
"Pacific Ex China, Hong Kong & Japan",Singapore,Property,Property,2015,15Q1,72802260.6628921
"Pacific Ex China, Hong Kong & Japan",Singapore,Property,Property,2015,15Q2,68801282.2694198
"Pacific Ex China, Hong Kong & Japan",Singapore,Property,Property,2015,15Q3,66752071.4559827
"Pacific Ex China, Hong Kong & Japan",Singapore,Property,Property,2015,15Q4,74585278.2188881
"Pacific Ex China, Hong Kong & Japan",Singapore,Property,Property,2016,16Q1,72507665.9646511
"Pacific Ex China, Hong Kong & Japan",Singapore,Property,Property,2016,16Q2,70285242.0380388
"Pacific Ex China, Hong Kong & Japan",Singapore,Property,Property,2016,16Q3,71285871.862222
"Pacific Ex China, Hong Kong & Japan",Singapore,Property,Property,2016,16Q4,68958706.7589204
"Pacific Ex China, Hong Kong & Japan",Singapore,Property,Property,2017,17Q1,72961567.8781404
"Pacific Ex China, Hong Kong & Japan",Singapore,Property,Property,2017,17Q2,69855503.6031347
"Pacific Ex China, Hong Kong & Japan",Singapore,Property,Property,2017,17Q3,72151217.6990248
"Pacific Ex China, Hong Kong & Japan",Singapore,Property,Property,2017,17Q4,73168852.9135791
"Pacific Ex China, Hong Kong & Japan",Singapore,Property,Property,2018,18Q1,77745978.2652029
"Pacific Ex China, Hong Kong & Japan",Singapore,Property,Property,2018,18Q2,73566470.1134772
"Pacific Ex China, Hong Kong & Japan",Singapore,Property,Property,2018,18Q3,73039406.672105
"Pacific Ex China, Hong Kong & Japan",Singapore,Property,Property,2018,18Q4,112520605.261747
"Pacific Ex China, Hong Kong & Japan",Singapore,Property,Property,2019,19Q1,40973387.0737564
"Pacific Ex China, Hong Kong & Japan",Singapore,Property,Property,2019,19Q2,76990134.4424858
"Pacific Ex China, Hong Kong & Japan",Singapore,Property,Property,2019,19q3,77596301.9890381
"Pacific Ex China, Hong Kong & Japan",Singapore,Property,Property,2019,19Q4,82538694.0117916
"Pacific Ex China, Hong Kong & Japan",Singapore,Property,Property,2020,20Q1,82196606.8338063
"Pacific Ex China, Hong Kong & Japan",Singapore,Property,Property,2020,20Q2,22514671.1330634
"Pacific Ex China, Hong Kong & Japan",Singapore,Property,Property,2020,20Q3,57293792.8648501
"Pacific Ex China, Hong Kong & Japan",Singapore,Property,Property,2020,20Q4,109429328.058591
"Pacific Ex China, Hong Kong & Japan",Singapore,Property,Property,2021,21Q1,83660456.681656
"Pacific Ex China, Hong Kong & Japan",Singapore,Property,Property,2021,21q3,249837337.481104
"Pacific Ex China, Hong Kong & Japan",Singapore,Property,Property,2022,22q1,249741324.84212
"Pacific Ex China, Hong Kong & Japan",Singapore,Property,Property,2022,22Q2,559313006.87776
"Pacific Ex China, Hong Kong & Japan",Singapore,Property,Property,2022,22Q3,247311411.337809
"Pacific Ex China, Hong Kong & Japan",Singapore,Property,Property,2023,23Q1,264890916.750377
"Pacific Ex China, Hong Kong & Japan",Singapore,Property,Property,2023,23Q2,463216991.469814
"Pacific Ex China, Hong Kong & Japan",Singapore,Property,Property,2023,23Q3,258664494.521189
"Pacific Ex China, Hong Kong & Japan",Singapore,Property,Property,2024,24q1,268854423.402655
"Pacific Ex China, Hong Kong & Japan",Singapore,Property,Property,2024,24q2,449064638.661289
"Pacific Ex China, Hong Kong & Japan",Singapore,Property,Property,2024,24q3,284791546.430539
"Pacific Ex China, Hong Kong & Japan",Singapore,Property,Property,2024,24q4,110696661.506938
"Pacific Ex China, Hong Kong & Japan",Singapore,Property,Property,2025,25Q1,179621125.525087
"Pacific Ex China, Hong Kong & Japan",Singapore,Property,Property,2025,25q2,458870241.718233
"Pacific Ex China, Hong Kong & Japan",Taiwan,Consumer Cyclical,General Retail,2010,10Q3,68485323.637952
"Pacific Ex China, Hong Kong & Japan",Taiwan,Consumer Cyclical,General Retail,2011,11Q3,113315156.3331
"Pacific Ex China, Hong Kong & Japan",Taiwan,Consumer Cyclical,General Retail,2012,12Q3,145764352.016936
"Pacific Ex China, Hong Kong & Japan",Taiwan,Consumer Cyclical,General Retail,2013,13Q3,163927466.93574
"Pacific Ex China, Hong Kong & Japan",Taiwan,Consumer Cyclical,General Retail,2014,14Q3,229544396.976686
"Pacific Ex China, Hong Kong & Japan",Taiwan,Consumer Cyclical,General Retail,2015,15Q3,181377349.364873
"Pacific Ex China, Hong Kong & Japan",Taiwan,Consumer Cyclical,General Retail,2016,16Q3,210058739.32152
"Pacific Ex China, Hong Kong & Japan",Taiwan,Consumer Cyclical,General Retail,2017,17Q3,216326366.187552
"Pacific Ex China, Hong Kong & Japan",Taiwan,Consumer Cyclical,General Retail,2018,18Q3,214054934.44008
"Pacific Ex China, Hong Kong & Japan",Taiwan,Consumer Cyclical,General Retail,2019,19q3,209087060.663928
"Pacific Ex China, Hong Kong & Japan",Taiwan,Consumer Cyclical,General Retail,2020,20Q3,260950628.03068
"Pacific Ex China, Hong Kong & Japan",Taiwan,Consumer Cyclical,General Retail,2021,21q3,331816053.37466
"Pacific Ex China, Hong Kong & Japan",Taiwan,Consumer Cyclical,General Retail,2022,22Q3,364855131.11736
"Pacific Ex China, Hong Kong & Japan",Taiwan,Consumer Cyclical,General Retail,2023,23Q3,34800994.326576
"Pacific Ex China, Hong Kong & Japan",Taiwan,Consumer Cyclical,General Retail,2024,24q3,341760005.26584
"Pacific Ex China, Hong Kong & Japan",Taiwan,Consumer Defensive,"Food, drink & Tobacco",2010,10Q3,107193577.013952
"Pacific Ex China, Hong Kong & Japan",Taiwan,Consumer Defensive,"Food, drink & Tobacco",2011,11Q3,219731875.643514
"Pacific Ex China, Hong Kong & Japan",Taiwan,Consumer Defensive,"Food, drink & Tobacco",2012,12Q3,162692593.117425
"Pacific Ex China, Hong Kong & Japan",Taiwan,Consumer Defensive,"Food, drink & Tobacco",2013,13Q3,242919123.75649
"Pacific Ex China, Hong Kong & Japan",Taiwan,Consumer Defensive,"Food, drink & Tobacco",2014,14Q3,273242120.76738
"Pacific Ex China, Hong Kong & Japan",Taiwan,Consumer Defensive,"Food, drink & Tobacco",2015,15Q3,244192688.087166
"Pacific Ex China, Hong Kong & Japan",Taiwan,Consumer Defensive,"Food, drink & Tobacco",2016,16Q3,361411098.39225
"Pacific Ex China, Hong Kong & Japan",Taiwan,Consumer Defensive,"Food, drink & Tobacco",2017,17Q3,398119261.964445
"Pacific Ex China, Hong Kong & Japan",Taiwan,Consumer Defensive,"Food, drink & Tobacco",2018,18Q3,1015585272.40525
"Pacific Ex China, Hong Kong & Japan",Taiwan,Consumer Defensive,"Food, drink & Tobacco",2019,19q3,454488512.823113
"Pacific Ex China, Hong Kong & Japan",Taiwan,Consumer Defensive,"Food, drink & Tobacco",2020,20Q3,485293869.656437
"Pacific Ex China, Hong Kong & Japan",Taiwan,Consumer Defensive,"Food, drink & Tobacco",2021,21Q4,547634748.956058
"Pacific Ex China, Hong Kong & Japan",Taiwan,Consumer Defensive,"Food, drink & Tobacco",2022,22Q3,496245817.200578
"Pacific Ex China, Hong Kong & Japan",Taiwan,Consumer Defensive,"Food, drink & Tobacco",2023,23Q3,558651179.131526
"Pacific Ex China, Hong Kong & Japan",Taiwan,Consumer Defensive,"Food, drink & Tobacco",2024,24q3,533773136.98827
"Pacific Ex China, Hong Kong & Japan",Taiwan,Financial,Banks,2010,10Q3,701434592.968085
"Pacific Ex China, Hong Kong & Japan",Taiwan,Financial,Banks,2011,11Q3,777084779.704066
"Pacific Ex China, Hong Kong & Japan",Taiwan,Financial,Banks,2012,12Q3,899973135.782694
"Pacific Ex China, Hong Kong & Japan",Taiwan,Financial,Banks,2013,13Q3,1086694219.49287
"Pacific Ex China, Hong Kong & Japan",Taiwan,Financial,Banks,2013,13Q4,117105308.905848
"Pacific Ex China, Hong Kong & Japan",Taiwan,Financial,Banks,2014,14Q3,1085194058.94659
"Pacific Ex China, Hong Kong & Japan",Taiwan,Financial,Banks,2014,14Q4,148673195.5331
"Pacific Ex China, Hong Kong & Japan",Taiwan,Financial,Banks,2015,15Q3,1655060869.07969
"Pacific Ex China, Hong Kong & Japan",Taiwan,Financial,Banks,2016,16Q3,1906035971.70264
"Pacific Ex China, Hong Kong & Japan",Taiwan,Financial,Banks,2017,17Q3,2495621758.43949
"Pacific Ex China, Hong Kong & Japan",Taiwan,Financial,Banks,2018,18Q3,2421246785.10759
"Pacific Ex China, Hong Kong & Japan",Taiwan,Financial,Banks,2019,19q3,2546719980.44852
"Pacific Ex China, Hong Kong & Japan",Taiwan,Financial,Banks,2020,20Q3,2884942650.85518
"Pacific Ex China, Hong Kong & Japan",Taiwan,Financial,Banks,2021,21q3,2641343379.90448
"Pacific Ex China, Hong Kong & Japan",Taiwan,Financial,Banks,2021,21Q4,124699469.462739
"Pacific Ex China, Hong Kong & Japan",Taiwan,Financial,Banks,2022,22Q3,2985574280.52943
"Pacific Ex China, Hong Kong & Japan",Taiwan,Financial,Banks,2023,23Q3,2076849217.90893
"Pacific Ex China, Hong Kong & Japan",Taiwan,Financial,Banks,2024,24q3,3585240448.40759
"Pacific Ex China, Hong Kong & Japan",Taiwan,Financial,General Financial,2010,10Q3,228067722.814561
"Pacific Ex China, Hong Kong & Japan",Taiwan,Financial,General Financial,2012,12Q3,66766952.7298212
"Pacific Ex China, Hong Kong & Japan",Taiwan,Financial,General Financial,2013,13Q3,181754511.81525
"Pacific Ex China, Hong Kong & Japan",Taiwan,Financial,General Financial,2014,14Q3,214528501.512546
"Pacific Ex China, Hong Kong & Japan",Taiwan,Financial,General Financial,2015,15Q3,203985498.393501
"Pacific Ex China, Hong Kong & Japan",Taiwan,Financial,General Financial,2016,16Q3,138821908.331555
"Pacific Ex China, Hong Kong & Japan",Taiwan,Financial,General Financial,2017,17Q3,177851747.407194
"Pacific Ex China, Hong Kong & Japan",Taiwan,Financial,General Financial,2018,18Q3,214999939.28284
"Pacific Ex China, Hong Kong & Japan",Taiwan,Financial,General Financial,2019,19q3,338377219.604717
"Pacific Ex China, Hong Kong & Japan",Taiwan,Financial,General Financial,2020,20Q3,258028123.574395
"Pacific Ex China, Hong Kong & Japan",Taiwan,Financial,General Financial,2021,21q3,519100562.712672
"Pacific Ex China, Hong Kong & Japan",Taiwan,Financial,General Financial,2022,22Q3,608280986.66319
"Pacific Ex China, Hong Kong & Japan",Taiwan,Financial,General Financial,2023,23Q3,319983603.378264
"Pacific Ex China, Hong Kong & Japan",Taiwan,Financial,General Financial,2024,24q3,425049555.049812
"Pacific Ex China, Hong Kong & Japan",Taiwan,Financial,Insurance,2010,10Q3,862325397.371504
"Pacific Ex China, Hong Kong & Japan",Taiwan,Financial,Insurance,2011,11Q3,748530524.043479
"Pacific Ex China, Hong Kong & Japan",Taiwan,Financial,Insurance,2012,12Q3,491069457.64373
"Pacific Ex China, Hong Kong & Japan",Taiwan,Financial,Insurance,2013,13Q3,671102628.826384
"Pacific Ex China, Hong Kong & Japan",Taiwan,Financial,Insurance,2014,14Q3,1311883040.67913
"Pacific Ex China, Hong Kong & Japan",Taiwan,Financial,Insurance,2015,15Q3,2066039422.51102
"Pacific Ex China, Hong Kong & Japan",Taiwan,Financial,Insurance,2016,16Q2,230880899.414282
"Pacific Ex China, Hong Kong & Japan",Taiwan,Financial,Insurance,2016,16Q3,1420664892.2445
"Pacific Ex China, Hong Kong & Japan",Taiwan,Financial,Insurance,2017,17Q3,1756082954.5298
"Pacific Ex China, Hong Kong & Japan",Taiwan,Financial,Insurance,2018,18Q3,2083021920.02491
"Pacific Ex China, Hong Kong & Japan",Taiwan,Financial,Insurance,2019,19q3,1403322686.79197
"Pacific Ex China, Hong Kong & Japan",Taiwan,Financial,Insurance,2020,20Q3,1904604228.4712
"Pacific Ex China, Hong Kong & Japan",Taiwan,Financial,Insurance,2021,21q3,2573851387.83381
"Pacific Ex China, Hong Kong & Japan",Taiwan,Financial,Insurance,2022,22Q3,3477393814.96502
"Pacific Ex China, Hong Kong & Japan",Taiwan,Financial,Insurance,2023,23Q3,1003724300.51673
"Pacific Ex China, Hong Kong & Japan",Taiwan,Financial,Insurance,2024,24q3,2168062159.79452
"Pacific Ex China, Hong Kong & Japan",Taiwan,Industrial,Transport,2011,11Q3,114168214.799178
"Pacific Ex China, Hong Kong & Japan",Taiwan,Industrial,Transport,2015,15Q3,10874335.6626592
"Pacific Ex China, Hong Kong & Japan",Taiwan,Industrial,Transport,2018,18Q3,27560096.27528
"Pacific Ex China, Hong Kong & Japan",Taiwan,Industrial,Transport,2021,21q3,476033305.452222
"Pacific Ex China, Hong Kong & Japan",Taiwan,Industrial,Transport,2022,22Q3,3580647997.30219
"Pacific Ex China, Hong Kong & Japan",Taiwan,Industrial,Transport,2023,23Q3,4739946718.878
"Pacific Ex China, Hong Kong & Japan",Taiwan,Industrial,Transport,2024,24q3,653094936.679787
"Pacific Ex China, Hong Kong & Japan",Taiwan,Media & Telecommunications,Telecoms,2010,10Q1,274179149.394736
"Pacific Ex China, Hong Kong & Japan",Taiwan,Media & Telecommunications,Telecoms,2010,10Q3,2117432185.89595
"Pacific Ex China, Hong Kong & Japan",Taiwan,Media & Telecommunications,Telecoms,2011,11Q1,534627654.77153
"Pacific Ex China, Hong Kong & Japan",Taiwan,Media & Telecommunications,Telecoms,2011,11Q3,2310646286.84199
"Pacific Ex China, Hong Kong & Japan",Taiwan,Media & Telecommunications,Telecoms,2011,11Q4,90393610.041852
"Pacific Ex China, Hong Kong & Japan",Taiwan,Media & Telecommunications,Telecoms,2012,12Q3,2324660668.23755
"Pacific Ex China, Hong Kong & Japan",Taiwan,Media & Telecommunications,Telecoms,2013,13Q3,2394456076.51706
"Pacific Ex China, Hong Kong & Japan",Taiwan,Media & Telecommunications,Telecoms,2014,14Q3,2219285823.39397
"Pacific Ex China, Hong Kong & Japan",Taiwan,Media & Telecommunications,Telecoms,2015,15Q3,2163826096.93516
"Pacific Ex China, Hong Kong & Japan",Taiwan,Media & Telecommunications,Telecoms,2016,16Q3,2328985951.9764
"Pacific Ex China, Hong Kong & Japan",Taiwan,Media & Telecommunications,Telecoms,2017,17Q3,2306836778.87133
"Pacific Ex China, Hong Kong & Japan",Taiwan,Media & Telecommunications,Telecoms,2018,18Q3,2232615391.8032
"Pacific Ex China, Hong Kong & Japan",Taiwan,Media & Telecommunications,Telecoms,2019,19q3,2113210813.75742
"Pacific Ex China, Hong Kong & Japan",Taiwan,Media & Telecommunications,Telecoms,2020,20Q3,2044353020.19256
"Pacific Ex China, Hong Kong & Japan",Taiwan,Media & Telecommunications,Telecoms,2021,21q3,2128216602.91553
"Pacific Ex China, Hong Kong & Japan",Taiwan,Media & Telecommunications,Telecoms,2022,22Q3,2059522333.46505
"Pacific Ex China, Hong Kong & Japan",Taiwan,Media & Telecommunications,Telecoms,2023,23Q3,1977838183.17129
"Pacific Ex China, Hong Kong & Japan",Taiwan,Media & Telecommunications,Telecoms,2024,24q3,1978368166.89226
"Pacific Ex China, Hong Kong & Japan",Taiwan,Mining & Chemicals,Mining & Chemicals,2010,10Q3,426554451.138073
"Pacific Ex China, Hong Kong & Japan",Taiwan,Mining & Chemicals,Mining & Chemicals,2011,11Q3,973865984.198012
"Pacific Ex China, Hong Kong & Japan",Taiwan,Mining & Chemicals,Mining & Chemicals,2012,12Q3,514430633.281518
"Pacific Ex China, Hong Kong & Japan",Taiwan,Mining & Chemicals,Mining & Chemicals,2013,13Q3,205969678.443648
"Pacific Ex China, Hong Kong & Japan",Taiwan,Mining & Chemicals,Mining & Chemicals,2014,14Q3,365217172.829394
"Pacific Ex China, Hong Kong & Japan",Taiwan,Mining & Chemicals,Mining & Chemicals,2015,15Q3,484246436.666207
"Pacific Ex China, Hong Kong & Japan",Taiwan,Mining & Chemicals,Mining & Chemicals,2016,16Q3,248450418.361827
"Pacific Ex China, Hong Kong & Japan",Taiwan,Mining & Chemicals,Mining & Chemicals,2017,17Q3,442355944.214126
"Pacific Ex China, Hong Kong & Japan",Taiwan,Mining & Chemicals,Mining & Chemicals,2018,18Q3,449786532.803339
"Pacific Ex China, Hong Kong & Japan",Taiwan,Mining & Chemicals,Mining & Chemicals,2019,19q3,501381684.560346
"Pacific Ex China, Hong Kong & Japan",Taiwan,Mining & Chemicals,Mining & Chemicals,2020,20Q3,268060114.761965
"Pacific Ex China, Hong Kong & Japan",Taiwan,Mining & Chemicals,Mining & Chemicals,2021,21q3,170293790.288727
"Pacific Ex China, Hong Kong & Japan",Taiwan,Mining & Chemicals,Mining & Chemicals,2022,22Q3,1613778515.91131
"Pacific Ex China, Hong Kong & Japan",Taiwan,Mining & Chemicals,Mining & Chemicals,2023,23Q3,493805411.92829
"Pacific Ex China, Hong Kong & Japan",Taiwan,Mining & Chemicals,Mining & Chemicals,2024,24q3,172164603.108926
"Pacific Ex China, Hong Kong & Japan",Taiwan,Technology,IT Hardware,2010,10Q2,41609840.873076
"Pacific Ex China, Hong Kong & Japan",Taiwan,Technology,IT Hardware,2010,10Q3,881287965.592096
"Pacific Ex China, Hong Kong & Japan",Taiwan,Technology,IT Hardware,2010,10Q4,621771932.52288
"Pacific Ex China, Hong Kong & Japan",Taiwan,Technology,IT Hardware,2011,11Q3,1892393465.34027
"Pacific Ex China, Hong Kong & Japan",Taiwan,Technology,IT Hardware,2012,12Q3,2062856923.67704
"Pacific Ex China, Hong Kong & Japan",Taiwan,Technology,IT Hardware,2013,13Q3,1620470036.50238
"Pacific Ex China, Hong Kong & Japan",Taiwan,Technology,IT Hardware,2013,13Q4,669626956.635237
"Pacific Ex China, Hong Kong & Japan",Taiwan,Technology,IT Hardware,2014,14Q3,2567211426.10227
"Pacific Ex China, Hong Kong & Japan",Taiwan,Technology,IT Hardware,2015,15Q3,1735210519.80033
"Pacific Ex China, Hong Kong & Japan",Taiwan,Technology,IT Hardware,2015,15Q4,1864019501.25094
"Pacific Ex China, Hong Kong & Japan",Taiwan,Technology,IT Hardware,2016,16Q3,1664450230.07047
"Pacific Ex China, Hong Kong & Japan",Taiwan,Technology,IT Hardware,2016,16Q4,2201802620.12088
"Pacific Ex China, Hong Kong & Japan",Taiwan,Technology,IT Hardware,2017,17Q3,4353581763.96554
"Pacific Ex China, Hong Kong & Japan",Taiwan,Technology,IT Hardware,2017,17Q4,56045058.7291244
"Pacific Ex China, Hong Kong & Japan",Taiwan,Technology,IT Hardware,2018,18Q3,2882406349.13292
"Pacific Ex China, Hong Kong & Japan",Taiwan,Technology,IT Hardware,2018,18Q4,955171019.192274
"Pacific Ex China, Hong Kong & Japan",Taiwan,Technology,IT Hardware,2019,19q3,3660553496.50569
"Pacific Ex China, Hong Kong & Japan",Taiwan,Technology,IT Hardware,2020,20Q3,4164341678.22769
"Pacific Ex China, Hong Kong & Japan",Taiwan,Technology,IT Hardware,2021,21q3,4986581886.07152
"Pacific Ex China, Hong Kong & Japan",Taiwan,Technology,IT Hardware,2022,22q1,150206720.781989
"Pacific Ex China, Hong Kong & Japan",Taiwan,Technology,IT Hardware,2022,22Q2,180429257.36004
"Pacific Ex China, Hong Kong & Japan",Taiwan,Technology,IT Hardware,2022,22Q3,5515139703.56898
"Pacific Ex China, Hong Kong & Japan",Taiwan,Technology,IT Hardware,2023,23Q2,956909790.682076
"Pacific Ex China, Hong Kong & Japan",Taiwan,Technology,IT Hardware,2023,23Q3,4462650020.59378
"Pacific Ex China, Hong Kong & Japan",Taiwan,Technology,IT Hardware,2024,24q2,168450166.205232
"Pacific Ex China, Hong Kong & Japan",Taiwan,Technology,IT Hardware,2024,24q3,5230449868.38251
"Pacific Ex China, Hong Kong & Japan",Taiwan,Technology,IT Hardware,2025,25q2,235961454.27407
"Pacific Ex China, Hong Kong & Japan",Taiwan,Technology,Semiconductors,2010,10Q3,3603631471.03101
"Pacific Ex China, Hong Kong & Japan",Taiwan,Technology,Semiconductors,2011,11Q3,4079142691.01366
"Pacific Ex China, Hong Kong & Japan",Taiwan,Technology,Semiconductors,2012,12Q3,3227930703.44722
"Pacific Ex China, Hong Kong & Japan",Taiwan,Technology,Semiconductors,2013,13Q3,3292694898.20503
"Pacific Ex China, Hong Kong & Japan",Taiwan,Technology,Semiconductors,2014,14Q3,3711213408.34318
"Pacific Ex China, Hong Kong & Japan",Taiwan,Technology,Semiconductors,2015,15Q3,5233644831.56322
"Pacific Ex China, Hong Kong & Japan",Taiwan,Technology,Semiconductors,2016,16Q3,5810040667.764
"Pacific Ex China, Hong Kong & Japan",Taiwan,Technology,Semiconductors,2017,17Q3,6808042339.25318
"Pacific Ex China, Hong Kong & Japan",Taiwan,Technology,Semiconductors,2018,18Q3,8071836898.9222
"Pacific Ex China, Hong Kong & Japan",Taiwan,Technology,Semiconductors,2019,19q3,7869500668.20897
"Pacific Ex China, Hong Kong & Japan",Taiwan,Technology,Semiconductors,2019,19Q4,1690624746.10965
"Pacific Ex China, Hong Kong & Japan",Taiwan,Technology,Semiconductors,2020,20Q1,2166063649.33351
"Pacific Ex China, Hong Kong & Japan",Taiwan,Technology,Semiconductors,2020,20Q2,2154723904.7665
"Pacific Ex China, Hong Kong & Japan",Taiwan,Technology,Semiconductors,2020,20Q3,3629620388.59368
"Pacific Ex China, Hong Kong & Japan",Taiwan,Technology,Semiconductors,2020,20Q4,2255482428.95558
"Pacific Ex China, Hong Kong & Japan",Taiwan,Technology,Semiconductors,2021,21Q1,2318068839.27457
"Pacific Ex China, Hong Kong & Japan",Taiwan,Technology,Semiconductors,2021,21q2,2284534585.5985
"Pacific Ex China, Hong Kong & Japan",Taiwan,Technology,Semiconductors,2021,21q3,6147782098.9726
"Pacific Ex China, Hong Kong & Japan",Taiwan,Technology,Semiconductors,2021,21Q4,2537128982.02614
"Pacific Ex China, Hong Kong & Japan",Taiwan,Technology,Semiconductors,2022,22q1,2579810569.77267
"Pacific Ex China, Hong Kong & Japan",Taiwan,Technology,Semiconductors,2022,22Q2,2459513446.7266
"Pacific Ex China, Hong Kong & Japan",Taiwan,Technology,Semiconductors,2022,22Q3,9605102020.09856
"Pacific Ex China, Hong Kong & Japan",Taiwan,Technology,Semiconductors,2022,22Q4,2235657944.13423
"Pacific Ex China, Hong Kong & Japan",Taiwan,Technology,Semiconductors,2023,23Q1,2341939479.7953
"Pacific Ex China, Hong Kong & Japan",Taiwan,Technology,Semiconductors,2023,23Q2,2338597991.02419
"Pacific Ex China, Hong Kong & Japan",Taiwan,Technology,Semiconductors,2023,23Q3,9593025958.63244
"Pacific Ex China, Hong Kong & Japan",Taiwan,Technology,Semiconductors,2023,23q4,2421672025.73027
"Pacific Ex China, Hong Kong & Japan",Taiwan,Technology,Semiconductors,2024,24q1,3758295142.13586
"Pacific Ex China, Hong Kong & Japan",Taiwan,Technology,Semiconductors,2024,24q2,2816275604.77154
"Pacific Ex China, Hong Kong & Japan",Taiwan,Technology,Semiconductors,2024,24q3,6711724837.01975
"Pacific Ex China, Hong Kong & Japan",Taiwan,Technology,Semiconductors,2024,24q4,3222069167.75846
"Pacific Ex China, Hong Kong & Japan",Taiwan,Technology,Semiconductors,2025,25Q1,4566849063.53969
"Pacific Ex China, Hong Kong & Japan",Taiwan,Technology,Semiconductors,2025,25q2,3551796656.16364
UK,United Kingdom,Consumer Cyclical,General Retail,2010,10Q1,60364900.8758335
UK,United Kingdom,Consumer Cyclical,General Retail,2010,10Q3,131555879.63689
UK,United Kingdom,Consumer Cyclical,General Retail,2011,11Q1,71474712.6909278
UK,United Kingdom,Consumer Cyclical,General Retail,2011,11Q3,147646353.463378
UK,United Kingdom,Consumer Cyclical,General Retail,2012,12Q1,74099640.9286434
UK,United Kingdom,Consumer Cyclical,General Retail,2012,12Q3,160933582.611384
UK,United Kingdom,Consumer Cyclical,General Retail,2013,13Q1,81527392.719456
UK,United Kingdom,Consumer Cyclical,General Retail,2013,13Q3,177143048.875755
UK,United Kingdom,Consumer Cyclical,General Retail,2014,14Q1,218342554.228656
UK,United Kingdom,Consumer Cyclical,General Retail,2014,14Q2,130959666.226209
UK,United Kingdom,Consumer Cyclical,General Retail,2014,14Q3,369594280.692351
UK,United Kingdom,Consumer Cyclical,General Retail,2015,15Q1,232551253.3872
UK,United Kingdom,Consumer Cyclical,General Retail,2015,15Q2,139218889.97808
UK,United Kingdom,Consumer Cyclical,General Retail,2015,15Q3,381951497.735111
UK,United Kingdom,Consumer Cyclical,General Retail,2015,15Q4,141502820.90472
UK,United Kingdom,Consumer Cyclical,General Retail,2016,16Q1,249648420.120852
UK,United Kingdom,Consumer Cyclical,General Retail,2016,16Q3,204399695.40984
UK,United Kingdom,Consumer Cyclical,General Retail,2017,17Q1,95406326.898426
UK,United Kingdom,Consumer Cyclical,General Retail,2017,17Q2,85528464.100605
UK,United Kingdom,Consumer Cyclical,General Retail,2017,17Q3,291866812.956966
UK,United Kingdom,Consumer Cyclical,General Retail,2017,17Q4,87437960.0245751
UK,United Kingdom,Consumer Cyclical,General Retail,2018,18Q1,199062054.993482
UK,United Kingdom,Consumer Cyclical,General Retail,2018,18Q3,193254283.338113
UK,United Kingdom,Consumer Cyclical,General Retail,2019,19Q1,96817376.6461301
UK,United Kingdom,Consumer Cyclical,General Retail,2019,19q3,178502884.507475
UK,United Kingdom,Consumer Cyclical,General Retail,2020,20Q1,101024980.541681
UK,United Kingdom,Consumer Cyclical,General Retail,2020,20Q3,
UK,United Kingdom,Consumer Cyclical,General Retail,2021,21Q1,
UK,United Kingdom,Consumer Cyclical,General Retail,2021,21q3,202869959.23392
UK,United Kingdom,Consumer Cyclical,General Retail,2022,22q1,285341054.12224
UK,United Kingdom,Consumer Cyclical,General Retail,2022,22Q3,201993720.749696
UK,United Kingdom,Consumer Cyclical,General Retail,2023,23Q1,102436299.999858
UK,United Kingdom,Consumer Cyclical,General Retail,2023,23Q3,227269456.89742
UK,United Kingdom,Consumer Cyclical,General Retail,2024,24q1,106313664.336165
UK,United Kingdom,Consumer Cyclical,General Retail,2024,24q3,227719089.003084
UK,United Kingdom,Consumer Cyclical,General Retail,2025,25Q1,116081827.90287
UK,United Kingdom,Consumer Cyclical,Household services,2010,10Q1,245115927.056321
UK,United Kingdom,Consumer Cyclical,Household services,2010,10Q2,356003129.357788
UK,United Kingdom,Consumer Cyclical,Household services,2010,10Q3,314653682.323006
UK,United Kingdom,Consumer Cyclical,Household services,2010,10Q4,33260508.4032
UK,United Kingdom,Consumer Cyclical,Household services,2011,11Q1,384311763.176563
UK,United Kingdom,Consumer Cyclical,Household services,2011,11Q2,447623188.779048
UK,United Kingdom,Consumer Cyclical,Household services,2011,11Q3,380169398.195598
UK,United Kingdom,Consumer Cyclical,Household services,2011,11Q4,44428142.5416066
UK,United Kingdom,Consumer Cyclical,Household services,2012,12Q1,384620576.957568
UK,United Kingdom,Consumer Cyclical,Household services,2012,12Q2,479443024.404481
UK,United Kingdom,Consumer Cyclical,Household services,2012,12Q3,474176416.826998
UK,United Kingdom,Consumer Cyclical,Household services,2012,12Q4,473127620.300874
UK,United Kingdom,Consumer Cyclical,Household services,2013,13Q1,391248495.097747
UK,United Kingdom,Consumer Cyclical,Household services,2013,13Q2,494513329.734594
UK,United Kingdom,Consumer Cyclical,Household services,2013,13Q3,430817625.234996
UK,United Kingdom,Consumer Cyclical,Household services,2013,13Q4,432883635.230477
UK,United Kingdom,Consumer Cyclical,Household services,2014,14Q1,477227567.807232
UK,United Kingdom,Consumer Cyclical,Household services,2014,14Q2,830815003.558326
UK,United Kingdom,Consumer Cyclical,Household services,2014,14Q3,2742455395.5604
UK,United Kingdom,Consumer Cyclical,Household services,2015,15Q1,456056162.419843
UK,United Kingdom,Consumer Cyclical,Household services,2015,15Q2,549342671.223098
UK,United Kingdom,Consumer Cyclical,Household services,2015,15Q3,480221128.820258
UK,United Kingdom,Consumer Cyclical,Household services,2015,15Q4,63531255.4673868
UK,United Kingdom,Consumer Cyclical,Household services,2016,16Q1,455514930.229852
UK,United Kingdom,Consumer Cyclical,Household services,2016,16Q2,1791994963.46056
UK,United Kingdom,Consumer Cyclical,Household services,2016,16Q3,422097753.594443
UK,United Kingdom,Consumer Cyclical,Household services,2016,16Q4,55615640.245692
UK,United Kingdom,Consumer Cyclical,Household services,2017,17Q1,432705108.456003
UK,United Kingdom,Consumer Cyclical,Household services,2017,17Q2,892044670.879134
UK,United Kingdom,Consumer Cyclical,Household services,2017,17Q3,1551514701.32651
UK,United Kingdom,Consumer Cyclical,Household services,2017,17Q4,60531441.31854
UK,United Kingdom,Consumer Cyclical,Household services,2018,18Q1,492075998.044754
UK,United Kingdom,Consumer Cyclical,Household services,2018,18Q2,256677276.269915
UK,United Kingdom,Consumer Cyclical,Household services,2018,18Q3,312261366.197477
UK,United Kingdom,Consumer Cyclical,Household services,2018,18Q4,69066924.9467931
UK,United Kingdom,Consumer Cyclical,Household services,2019,19Q1,1011937029.20681
UK,United Kingdom,Consumer Cyclical,Household services,2019,19Q2,274414344.051585
UK,United Kingdom,Consumer Cyclical,Household services,2019,19q3,312571497.362712
UK,United Kingdom,Consumer Cyclical,Household services,2019,19Q4,72259941.8143454
UK,United Kingdom,Consumer Cyclical,Household services,2020,20Q1,552143133.237465
UK,United Kingdom,Consumer Cyclical,Household services,2020,20Q2,124789523.517437
UK,United Kingdom,Consumer Cyclical,Household services,2020,20Q3,57795404.051859
UK,United Kingdom,Consumer Cyclical,Household services,2021,21q2,142241300.943872
UK,United Kingdom,Consumer Cyclical,Household services,2021,21q3,65158172.590707
UK,United Kingdom,Consumer Cyclical,Household services,2022,22q1,335151007.69312
UK,United Kingdom,Consumer Cyclical,Household services,2022,22Q2,287726743.212422
UK,United Kingdom,Consumer Cyclical,Household services,2022,22Q3,258635857.35529
UK,United Kingdom,Consumer Cyclical,Household services,2022,22Q4,77560467.639606
UK,United Kingdom,Consumer Cyclical,Household services,2023,23Q1,462824442.994732
UK,United Kingdom,Consumer Cyclical,Household services,2023,23Q2,301127090.395425
UK,United Kingdom,Consumer Cyclical,Household services,2023,23Q3,396786183.162837
UK,United Kingdom,Consumer Cyclical,Household services,2023,23q4,78775330.7378133
UK,United Kingdom,Consumer Cyclical,Household services,2024,24q1,607370833.164346
UK,United Kingdom,Consumer Cyclical,Household services,2024,24q2,308267482.965639
UK,United Kingdom,Consumer Cyclical,Household services,2024,24q3,417457907.438893
UK,United Kingdom,Consumer Cyclical,Household services,2024,24q4,85427058.8924209
UK,United Kingdom,Consumer Cyclical,Household services,2025,25Q1,663695199.989
UK,United Kingdom,Consumer Cyclical,Household services,2025,25q2,326739573.19536
UK,United Kingdom,Consumer Defensive,Food Retail,2010,10Q1,138634594.973968
UK,United Kingdom,Consumer Defensive,Food Retail,2010,10Q3,1336935069.07099
UK,United Kingdom,Consumer Defensive,Food Retail,2010,10Q4,541913999.655198
UK,United Kingdom,Consumer Defensive,Food Retail,2011,11Q1,155915669.159815
UK,United Kingdom,Consumer Defensive,Food Retail,2011,11Q3,1577708998.34651
UK,United Kingdom,Consumer Defensive,Food Retail,2011,11Q4,580485013.303274
UK,United Kingdom,Consumer Defensive,Food Retail,2012,12Q1,150239572.591461
UK,United Kingdom,Consumer Defensive,Food Retail,2012,12Q3,1531783187.4632
UK,United Kingdom,Consumer Defensive,Food Retail,2012,12Q4,602465637.408611
UK,United Kingdom,Consumer Defensive,Food Retail,2013,13Q1,160771901.597373
UK,United Kingdom,Consumer Defensive,Food Retail,2013,13Q3,1478239094.74953
UK,United Kingdom,Consumer Defensive,Food Retail,2013,13Q4,612078897.027297
UK,United Kingdom,Consumer Defensive,Food Retail,2014,14Q1,165172417.061093
UK,United Kingdom,Consumer Defensive,Food Retail,2014,14Q3,1708436970.43569
UK,United Kingdom,Consumer Defensive,Food Retail,2014,14Q4,147332879.713572
UK,United Kingdom,Consumer Defensive,Food Retail,2015,15Q1,158539596.907619
UK,United Kingdom,Consumer Defensive,Food Retail,2015,15Q3,296548926.748932
UK,United Kingdom,Consumer Defensive,Food Retail,2016,16Q1,161848548.257291
UK,United Kingdom,Consumer Defensive,Food Retail,2016,16Q3,354592330.355835
UK,United Kingdom,Consumer Defensive,Food Retail,2017,17Q1,134537729.330262
UK,United Kingdom,Consumer Defensive,Food Retail,2017,17Q3,252979439.507612
UK,United Kingdom,Consumer Defensive,Food Retail,2017,17Q4,109376773.51583
UK,United Kingdom,Consumer Defensive,Food Retail,2018,18Q1,151222762.80435
UK,United Kingdom,Consumer Defensive,Food Retail,2018,18Q2,259674121.723878
UK,United Kingdom,Consumer Defensive,Food Retail,2018,18Q3,255237183.078744
UK,United Kingdom,Consumer Defensive,Food Retail,2018,18Q4,209427249.714972
UK,United Kingdom,Consumer Defensive,Food Retail,2019,19Q1,141679217.136879
UK,United Kingdom,Consumer Defensive,Food Retail,2019,19Q2,509766675.91972
UK,United Kingdom,Consumer Defensive,Food Retail,2019,19q3,144924407.279845
UK,United Kingdom,Consumer Defensive,Food Retail,2019,19Q4,332986988.661429
UK,United Kingdom,Consumer Defensive,Food Retail,2020,20Q1,99328148.8772976
UK,United Kingdom,Consumer Defensive,Food Retail,2020,20Q3,793652719.432739
UK,United Kingdom,Consumer Defensive,Food Retail,2020,20Q4,418221477.140944
UK,United Kingdom,Consumer Defensive,Food Retail,2021,21Q1,5505380568.11022
UK,United Kingdom,Consumer Defensive,Food Retail,2021,21q3,634091468.684972
UK,United Kingdom,Consumer Defensive,Food Retail,2021,21Q4,329964548.292576
UK,United Kingdom,Consumer Defensive,Food Retail,2022,22Q2,718938874.265734
UK,United Kingdom,Consumer Defensive,Food Retail,2022,22Q4,346516916.416007
UK,United Kingdom,Consumer Defensive,Food Retail,2023,23Q2,654928567.086263
UK,United Kingdom,Consumer Defensive,Food Retail,2023,23q4,345153118.226952
UK,United Kingdom,Consumer Defensive,Food Retail,2024,24q1,25174794.994261
UK,United Kingdom,Consumer Defensive,Food Retail,2024,24q2,733495513.992871
UK,United Kingdom,Consumer Defensive,Food Retail,2024,24q3,52369507.156905
UK,United Kingdom,Consumer Defensive,Food Retail,2024,24q4,364806757.220711
UK,United Kingdom,Consumer Defensive,Food Retail,2025,25Q1,25084103.897226
UK,United Kingdom,Consumer Defensive,Food Retail,2025,25q2,866831689.532275
UK,United Kingdom,Consumer Defensive,"Food, drink & Tobacco",2010,10Q1,994429635.453256
UK,United Kingdom,Consumer Defensive,"Food, drink & Tobacco",2010,10Q2,2696153797.71276
UK,United Kingdom,Consumer Defensive,"Food, drink & Tobacco",2010,10Q3,1522418922.15105
UK,United Kingdom,Consumer Defensive,"Food, drink & Tobacco",2010,10Q4,925929874.510014
UK,United Kingdom,Consumer Defensive,"Food, drink & Tobacco",2011,11Q1,1194054554.58004
UK,United Kingdom,Consumer Defensive,"Food, drink & Tobacco",2011,11Q2,3287438984.06777
UK,United Kingdom,Consumer Defensive,"Food, drink & Tobacco",2011,11Q3,1753719082.08086
UK,United Kingdom,Consumer Defensive,"Food, drink & Tobacco",2011,11Q4,994833289.689327
UK,United Kingdom,Consumer Defensive,"Food, drink & Tobacco",2012,12Q1,1267114826.54105
UK,United Kingdom,Consumer Defensive,"Food, drink & Tobacco",2012,12Q2,3476563751.21303
UK,United Kingdom,Consumer Defensive,"Food, drink & Tobacco",2012,12Q3,1923905409.65722
UK,United Kingdom,Consumer Defensive,"Food, drink & Tobacco",2012,12Q4,1081050091.54736
UK,United Kingdom,Consumer Defensive,"Food, drink & Tobacco",2013,13Q1,1380303925.39522
UK,United Kingdom,Consumer Defensive,"Food, drink & Tobacco",2013,13Q2,3476557805.19464
UK,United Kingdom,Consumer Defensive,"Food, drink & Tobacco",2013,13Q3,2360875225.21243
UK,United Kingdom,Consumer Defensive,"Food, drink & Tobacco",2013,13Q4,1189452531.00071
UK,United Kingdom,Consumer Defensive,"Food, drink & Tobacco",2014,14Q1,1602011185.6867
UK,United Kingdom,Consumer Defensive,"Food, drink & Tobacco",2014,14Q2,3933936928.3574
UK,United Kingdom,Consumer Defensive,"Food, drink & Tobacco",2014,14Q3,2533305617.20925
UK,United Kingdom,Consumer Defensive,"Food, drink & Tobacco",2014,14Q4,1295749215.47827
UK,United Kingdom,Consumer Defensive,"Food, drink & Tobacco",2015,15Q1,1602181804.17385
UK,United Kingdom,Consumer Defensive,"Food, drink & Tobacco",2015,15Q2,3977353341.27684
UK,United Kingdom,Consumer Defensive,"Food, drink & Tobacco",2015,15Q3,2121045658.20905
UK,United Kingdom,Consumer Defensive,"Food, drink & Tobacco",2015,15Q4,2036418888.76478
UK,United Kingdom,Consumer Defensive,"Food, drink & Tobacco",2016,16Q1,964319843.323078
UK,United Kingdom,Consumer Defensive,"Food, drink & Tobacco",2016,16Q2,3929351974.03354
UK,United Kingdom,Consumer Defensive,"Food, drink & Tobacco",2016,16Q3,1966569157.14611
UK,United Kingdom,Consumer Defensive,"Food, drink & Tobacco",2016,16Q4,1806383985.93552
UK,United Kingdom,Consumer Defensive,"Food, drink & Tobacco",2017,17Q1,903555837.217242
UK,United Kingdom,Consumer Defensive,"Food, drink & Tobacco",2017,17Q2,3911215061.9383
UK,United Kingdom,Consumer Defensive,"Food, drink & Tobacco",2017,17Q3,2567910913.72531
UK,United Kingdom,Consumer Defensive,"Food, drink & Tobacco",2017,17Q4,2042471326.66441
UK,United Kingdom,Consumer Defensive,"Food, drink & Tobacco",2018,18Q1,2517305451.12977
UK,United Kingdom,Consumer Defensive,"Food, drink & Tobacco",2018,18Q2,2742008121.6127
UK,United Kingdom,Consumer Defensive,"Food, drink & Tobacco",2018,18Q3,2388066578.34098
UK,United Kingdom,Consumer Defensive,"Food, drink & Tobacco",2018,18Q4,3521888539.46816
UK,United Kingdom,Consumer Defensive,"Food, drink & Tobacco",2019,19Q1,2606255660.47855
UK,United Kingdom,Consumer Defensive,"Food, drink & Tobacco",2019,19Q2,2719766574.02388
UK,United Kingdom,Consumer Defensive,"Food, drink & Tobacco",2019,19q3,4032499309.3139
UK,United Kingdom,Consumer Defensive,"Food, drink & Tobacco",2019,19Q4,3770082574.26544
UK,United Kingdom,Consumer Defensive,"Food, drink & Tobacco",2020,20Q1,2704916900.8726
UK,United Kingdom,Consumer Defensive,"Food, drink & Tobacco",2020,20Q2,2517855372.42559
UK,United Kingdom,Consumer Defensive,"Food, drink & Tobacco",2020,20Q3,2384567362.36881
UK,United Kingdom,Consumer Defensive,"Food, drink & Tobacco",2020,20Q4,3489065197.74171
UK,United Kingdom,Consumer Defensive,"Food, drink & Tobacco",2021,21Q1,2273535049.48971
UK,United Kingdom,Consumer Defensive,"Food, drink & Tobacco",2021,21q2,2917045705.68819
UK,United Kingdom,Consumer Defensive,"Food, drink & Tobacco",2021,21q3,2870162803.0014
UK,United Kingdom,Consumer Defensive,"Food, drink & Tobacco",2021,21Q4,3695427289.34839
UK,United Kingdom,Consumer Defensive,"Food, drink & Tobacco",2022,22q1,2653704002.47582
UK,United Kingdom,Consumer Defensive,"Food, drink & Tobacco",2022,22Q2,2689121999.83626
UK,United Kingdom,Consumer Defensive,"Food, drink & Tobacco",2022,22Q3,2644655084.11972
UK,United Kingdom,Consumer Defensive,"Food, drink & Tobacco",2022,22Q4,3194916959.00698
UK,United Kingdom,Consumer Defensive,"Food, drink & Tobacco",2023,23Q1,2351387160.05551
UK,United Kingdom,Consumer Defensive,"Food, drink & Tobacco",2023,23Q2,3692955512.19698
UK,United Kingdom,Consumer Defensive,"Food, drink & Tobacco",2023,23Q3,2022912135.79947
UK,United Kingdom,Consumer Defensive,"Food, drink & Tobacco",2023,23q4,3534584344.75354
UK,United Kingdom,Consumer Defensive,"Food, drink & Tobacco",2024,24q1,2656671112.22614
UK,United Kingdom,Consumer Defensive,"Food, drink & Tobacco",2024,24q2,3537038744.05771
UK,United Kingdom,Consumer Defensive,"Food, drink & Tobacco",2024,24q3,2130070499.40612
UK,United Kingdom,Consumer Defensive,"Food, drink & Tobacco",2024,24q4,3660086945.01557
UK,United Kingdom,Consumer Defensive,"Food, drink & Tobacco",2025,25Q1,2822208907.33662
UK,United Kingdom,Consumer Defensive,"Food, drink & Tobacco",2025,25q2,4012183745.32684
UK,United Kingdom,Consumer Defensive,Household products,2010,10Q1,334514842.825042
UK,United Kingdom,Consumer Defensive,Household products,2010,10Q2,937623953.9145
UK,United Kingdom,Consumer Defensive,Household products,2010,10Q3,917793468.986385
UK,United Kingdom,Consumer Defensive,Household products,2010,10Q4,372480209.298361
UK,United Kingdom,Consumer Defensive,Household products,2011,11Q1,372793566.449231
UK,United Kingdom,Consumer Defensive,Household products,2011,11Q2,1196367001.38044
UK,United Kingdom,Consumer Defensive,Household products,2011,11Q3,1032704128.38948
UK,United Kingdom,Consumer Defensive,Household products,2011,11Q4,388509049.486599
UK,United Kingdom,Consumer Defensive,Household products,2012,12Q1,389158676.24192
UK,United Kingdom,Consumer Defensive,Household products,2012,12Q2,1189462576.41227
UK,United Kingdom,Consumer Defensive,Household products,2012,12Q3,1054828760.95454
UK,United Kingdom,Consumer Defensive,Household products,2012,12Q4,408939962.374803
UK,United Kingdom,Consumer Defensive,Household products,2013,13Q1,390583317.159965
UK,United Kingdom,Consumer Defensive,Household products,2013,13Q2,1315097800.74368
UK,United Kingdom,Consumer Defensive,Household products,2013,13Q3,1158594278.7362
UK,United Kingdom,Consumer Defensive,Household products,2013,13Q4,478960083.117693
UK,United Kingdom,Consumer Defensive,Household products,2014,14Q1,473549146.772358
UK,United Kingdom,Consumer Defensive,Household products,2014,14Q2,1430587281.60575
UK,United Kingdom,Consumer Defensive,Household products,2014,14Q3,1174789937.88563
UK,United Kingdom,Consumer Defensive,Household products,2014,14Q4,453597154.851847
UK,United Kingdom,Consumer Defensive,Household products,2015,15Q1,417604847.131192
UK,United Kingdom,Consumer Defensive,Household products,2015,15Q2,1291823455.96084
UK,United Kingdom,Consumer Defensive,Household products,2015,15Q3,959517664.847341
UK,United Kingdom,Consumer Defensive,Household products,2015,15Q4,440003006.604296
UK,United Kingdom,Consumer Defensive,Household products,2016,16Q1,419841989.965057
UK,United Kingdom,Consumer Defensive,Household products,2016,16Q2,1390824514.86437
UK,United Kingdom,Consumer Defensive,Household products,2016,16Q3,991593474.598041
UK,United Kingdom,Consumer Defensive,Household products,2016,16Q4,467711267.66859
UK,United Kingdom,Consumer Defensive,Household products,2017,17Q1,434200634.288405
UK,United Kingdom,Consumer Defensive,Household products,2017,17Q2,1364056804.60051
UK,United Kingdom,Consumer Defensive,Household products,2017,17Q3,1156117559.12151
UK,United Kingdom,Consumer Defensive,Household products,2017,17Q4,530960945.153107
UK,United Kingdom,Consumer Defensive,Household products,2018,18Q1,546597566.906562
UK,United Kingdom,Consumer Defensive,Household products,2018,18Q2,1472967296.55947
UK,United Kingdom,Consumer Defensive,Household products,2018,18Q3,1186010221.33444
UK,United Kingdom,Consumer Defensive,Household products,2018,18Q4,507598358.77198
UK,United Kingdom,Consumer Defensive,Household products,2019,19Q1,517969305.309615
UK,United Kingdom,Consumer Defensive,Household products,2019,19Q2,1425916746.96529
UK,United Kingdom,Consumer Defensive,Household products,2019,19q3,1169522978.59137
UK,United Kingdom,Consumer Defensive,Household products,2019,19Q4,547651633.62468
UK,United Kingdom,Consumer Defensive,Household products,2020,20Q1,477148490.347596
UK,United Kingdom,Consumer Defensive,Household products,2020,20Q2,1454227354.47043
UK,United Kingdom,Consumer Defensive,Household products,2020,20Q3,1228282305.51065
UK,United Kingdom,Consumer Defensive,Household products,2020,20Q4,581613996.098921
UK,United Kingdom,Consumer Defensive,Household products,2021,21Q1,1372763931.0765
UK,United Kingdom,Consumer Defensive,Household products,2021,21q2,2399786337.19342
UK,United Kingdom,Consumer Defensive,Household products,2021,21q3,2040756656.50284
UK,United Kingdom,Consumer Defensive,Household products,2021,21Q4,1233350030.72915
UK,United Kingdom,Consumer Defensive,Household products,2022,22q1,1223135998.94331
UK,United Kingdom,Consumer Defensive,Household products,2022,22Q2,2036402805.5373
UK,United Kingdom,Consumer Defensive,Household products,2022,22Q3,1670814379.74667
UK,United Kingdom,Consumer Defensive,Household products,2022,22Q4,1159882123.47042
UK,United Kingdom,Consumer Defensive,Household products,2023,23Q1,1175710996.04081
UK,United Kingdom,Consumer Defensive,Household products,2023,23Q2,2193138661.52007
UK,United Kingdom,Consumer Defensive,Household products,2023,23Q3,1861234080.42745
UK,United Kingdom,Consumer Defensive,Household products,2023,23q4,1164550605.54587
UK,United Kingdom,Consumer Defensive,Household products,2024,24q1,1148581680.68791
UK,United Kingdom,Consumer Defensive,Household products,2024,24q2,2214102122.76436
UK,United Kingdom,Consumer Defensive,Household products,2024,24q3,1952370743.52044
UK,United Kingdom,Consumer Defensive,Household products,2024,24q4,1156691637.96774
UK,United Kingdom,Consumer Defensive,Household products,2025,25Q1,1209444746.02718
UK,United Kingdom,Consumer Defensive,Household products,2025,25q2,2438417915.95331
UK,United Kingdom,Financial,Banks,2010,10Q1,1663563857.26887
UK,United Kingdom,Financial,Banks,2010,10Q2,2824958702.47615
UK,United Kingdom,Financial,Banks,2010,10Q3,1586058361.83075
UK,United Kingdom,Financial,Banks,2010,10Q4,2085805555.56961
UK,United Kingdom,Financial,Banks,2011,11Q1,1907747480.68904
UK,United Kingdom,Financial,Banks,2011,11Q2,3418022273.78621
UK,United Kingdom,Financial,Banks,2011,11Q3,1797323232.51707
UK,United Kingdom,Financial,Banks,2011,11Q4,2385019978.66846
UK,United Kingdom,Financial,Banks,2012,12Q1,2188005261.98003
UK,United Kingdom,Financial,Banks,2012,12Q2,3931113693.43564
UK,United Kingdom,Financial,Banks,2012,12Q3,1830361090.10096
UK,United Kingdom,Financial,Banks,2012,12Q4,4146789070.51099
UK,United Kingdom,Financial,Banks,2013,13Q1,668514657.886046
UK,United Kingdom,Financial,Banks,2013,13Q2,4896976608.96123
UK,United Kingdom,Financial,Banks,2013,13Q3,2066609148.83508
UK,United Kingdom,Financial,Banks,2013,13Q4,4698917356.85567
UK,United Kingdom,Financial,Banks,2014,14Q1,938387245.736884
UK,United Kingdom,Financial,Banks,2014,14Q2,5245379932.75234
UK,United Kingdom,Financial,Banks,2014,14Q3,2174858861.92107
UK,United Kingdom,Financial,Banks,2014,14Q4,4798105018.64819
UK,United Kingdom,Financial,Banks,2015,15Q2,7204972638.01049
UK,United Kingdom,Financial,Banks,2015,15Q3,3021970778.63018
UK,United Kingdom,Financial,Banks,2015,15Q4,4534513062.31836
UK,United Kingdom,Financial,Banks,2016,16Q2,7030701252.95272
UK,United Kingdom,Financial,Banks,2016,16Q3,2990029891.76455
UK,United Kingdom,Financial,Banks,2016,16Q4,1989906207.2
UK,United Kingdom,Financial,Banks,2017,17Q2,6624666855.38351
UK,United Kingdom,Financial,Banks,2017,17Q3,5212303280.73106
UK,United Kingdom,Financial,Banks,2017,17Q4,2005044776.1
UK,United Kingdom,Financial,Banks,2018,18Q2,6999918882.30799
UK,United Kingdom,Financial,Banks,2018,18Q3,5567792833.37065
UK,United Kingdom,Financial,Banks,2018,18Q4,2508063216.59322
UK,United Kingdom,Financial,Banks,2019,19Q2,9270404399.90031
UK,United Kingdom,Financial,Banks,2019,19q3,7790611919.26476
UK,United Kingdom,Financial,Banks,2019,19Q4,2251258119.56
UK,United Kingdom,Financial,Banks,2020,20Q2,
UK,United Kingdom,Financial,Banks,2020,20Q3,
UK,United Kingdom,Financial,Banks,2020,20Q4,0
UK,United Kingdom,Financial,Banks,2021,21q2,4631723563.72462
UK,United Kingdom,Financial,Banks,2021,21q3,3032026099.01224
UK,United Kingdom,Financial,Banks,2021,21Q4,93311314.62
UK,United Kingdom,Financial,Banks,2022,22Q2,7007900490.5354
UK,United Kingdom,Financial,Banks,2022,22Q3,5270126581.19801
UK,United Kingdom,Financial,Banks,2022,22Q4,118310560.32
UK,United Kingdom,Financial,Banks,2023,23Q1,981530863.878874
UK,United Kingdom,Financial,Banks,2023,23Q2,9517589799.16134
UK,United Kingdom,Financial,Banks,2023,23Q3,3836162983.09362
UK,United Kingdom,Financial,Banks,2023,23q4,2111169744.68
UK,United Kingdom,Financial,Banks,2024,24q2,16060274590.5805
UK,United Kingdom,Financial,Banks,2024,24q3,3928545521.62043
UK,United Kingdom,Financial,Banks,2024,24q4,2040664444.58
UK,United Kingdom,Financial,Banks,2025,25q2,13243828092.4683
UK,United Kingdom,Financial,General Financial,2010,10Q1,52273318.5616867
UK,United Kingdom,Financial,General Financial,2010,10Q3,97769172.63235
UK,United Kingdom,Financial,General Financial,2011,11Q1,55174788.7632708
UK,United Kingdom,Financial,General Financial,2011,11Q3,117782593.118447
UK,United Kingdom,Financial,General Financial,2012,12Q1,79281300.1029434
UK,United Kingdom,Financial,General Financial,2012,12Q3,162869282.08572
UK,United Kingdom,Financial,General Financial,2013,13Q1,84279547.4643228
UK,United Kingdom,Financial,General Financial,2013,13Q3,164748017.851221
UK,United Kingdom,Financial,General Financial,2014,14Q1,152150736.080001
UK,United Kingdom,Financial,General Financial,2014,14Q3,313130835.984132
UK,United Kingdom,Financial,General Financial,2015,15Q1,127967869.318607
UK,United Kingdom,Financial,General Financial,2015,15Q2,68124787.6420032
UK,United Kingdom,Financial,General Financial,2015,15Q3,268816612.089911
UK,United Kingdom,Financial,General Financial,2016,16Q1,85249493.024688
UK,United Kingdom,Financial,General Financial,2016,16Q2,126582638.88947
UK,United Kingdom,Financial,General Financial,2016,16Q3,258070061.640608
UK,United Kingdom,Financial,General Financial,2017,17Q1,95704481.851264
UK,United Kingdom,Financial,General Financial,2017,17Q2,140613076.896911
UK,United Kingdom,Financial,General Financial,2017,17Q3,301429319.555477
UK,United Kingdom,Financial,General Financial,2018,18Q1,105315187.433436
UK,United Kingdom,Financial,General Financial,2018,18Q2,171833353.620571
UK,United Kingdom,Financial,General Financial,2018,18Q3,537583624.942727
UK,United Kingdom,Financial,General Financial,2019,19Q1,185961949.034377
UK,United Kingdom,Financial,General Financial,2019,19Q2,190753319.124094
UK,United Kingdom,Financial,General Financial,2019,19q3,331076719.730616
UK,United Kingdom,Financial,General Financial,2020,20Q1,223054223.990236
UK,United Kingdom,Financial,General Financial,2020,20Q2,214181962.679201
UK,United Kingdom,Financial,General Financial,2020,20Q3,317652299.25773
UK,United Kingdom,Financial,General Financial,2021,21Q1,232253556.81629
UK,United Kingdom,Financial,General Financial,2021,21q2,372249079.690611
UK,United Kingdom,Financial,General Financial,2021,21q3,455389916.988381
UK,United Kingdom,Financial,General Financial,2022,22q1,256416408.175338
UK,United Kingdom,Financial,General Financial,2022,22Q2,449749595.512525
UK,United Kingdom,Financial,General Financial,2022,22Q3,504516375.669204
UK,United Kingdom,Financial,General Financial,2023,23Q1,274376225.938969
UK,United Kingdom,Financial,General Financial,2023,23Q2,471957576.900191
UK,United Kingdom,Financial,General Financial,2023,23Q3,595891205.25783
UK,United Kingdom,Financial,General Financial,2024,24q1,329167322.902113
UK,United Kingdom,Financial,General Financial,2024,24q2,540471721.938739
UK,United Kingdom,Financial,General Financial,2024,24q3,719413680.079675
UK,United Kingdom,Financial,General Financial,2025,25Q1,363073219.180175
UK,United Kingdom,Financial,General Financial,2025,25q2,633206802.321795
UK,United Kingdom,Financial,Insurance,2010,10Q2,1453089119.87889
UK,United Kingdom,Financial,Insurance,2010,10Q3,263813971.323542
UK,United Kingdom,Financial,Insurance,2010,10Q4,686506280.478989
UK,United Kingdom,Financial,Insurance,2011,11Q2,1933968831.95409
UK,United Kingdom,Financial,Insurance,2011,11Q3,310733027.132283
UK,United Kingdom,Financial,Insurance,2011,11Q4,771824459.998753
UK,United Kingdom,Financial,Insurance,2012,12Q2,2013462785.48802
UK,United Kingdom,Financial,Insurance,2012,12Q3,347711479.029755
UK,United Kingdom,Financial,Insurance,2012,12Q4,826976654.61719
UK,United Kingdom,Financial,Insurance,2013,13Q2,1882740431.24921
UK,United Kingdom,Financial,Insurance,2013,13Q3,628432622.234523
UK,United Kingdom,Financial,Insurance,2013,13Q4,458137038.809825
UK,United Kingdom,Financial,Insurance,2014,14Q2,2414167712.564
UK,United Kingdom,Financial,Insurance,2014,14Q3,468870595.254067
UK,United Kingdom,Financial,Insurance,2014,14Q4,768093869.89058
UK,United Kingdom,Financial,Insurance,2015,15Q2,2579168550.69382
UK,United Kingdom,Financial,Insurance,2015,15Q3,801928185.452029
UK,United Kingdom,Financial,Insurance,2015,15Q4,633874104.161312
UK,United Kingdom,Financial,Insurance,2016,16Q2,3252094796.69829
UK,United Kingdom,Financial,Insurance,2016,16Q3,744675850.646505
UK,United Kingdom,Financial,Insurance,2016,16Q4,595715473.001571
UK,United Kingdom,Financial,Insurance,2017,17Q2,2852848702.99928
UK,United Kingdom,Financial,Insurance,2017,17Q3,851070027.08331
UK,United Kingdom,Financial,Insurance,2017,17Q4,653360271.9609
UK,United Kingdom,Financial,Insurance,2018,18Q2,3270482168.10183
UK,United Kingdom,Financial,Insurance,2018,18Q3,1370162646.85908
UK,United Kingdom,Financial,Insurance,2018,18Q4,226129631.50494
UK,United Kingdom,Financial,Insurance,2019,19Q2,3272947903.73496
UK,United Kingdom,Financial,Insurance,2019,19q3,1349284487.71066
UK,United Kingdom,Financial,Insurance,2019,19Q4,225712658.317828
UK,United Kingdom,Financial,Insurance,2020,20Q2,1908870354.37884
UK,United Kingdom,Financial,Insurance,2020,20Q3,813765482.508701
UK,United Kingdom,Financial,Insurance,2020,20Q4,347331630.785263
UK,United Kingdom,Financial,Insurance,2021,21Q1,377387696.7065
UK,United Kingdom,Financial,Insurance,2021,21q2,2488024823.33743
UK,United Kingdom,Financial,Insurance,2021,21q3,563192043.394748
UK,United Kingdom,Financial,Insurance,2021,21Q4,1039915924.80184
UK,United Kingdom,Financial,Insurance,2022,22Q2,5996809207.93337
UK,United Kingdom,Financial,Insurance,2022,22Q3,1170566819.31518
UK,United Kingdom,Financial,Insurance,2023,23Q2,2304918024.00541
UK,United Kingdom,Financial,Insurance,2023,23Q3,415388855.896358
UK,United Kingdom,Financial,Insurance,2023,23q4,730701271.86044
UK,United Kingdom,Financial,Insurance,2024,24q2,2480158462.1983
UK,United Kingdom,Financial,Insurance,2024,24q3,477195994.239465
UK,United Kingdom,Financial,Insurance,2024,24q4,885727763.948008
UK,United Kingdom,Financial,Insurance,2025,25q2,3011133208.42079
UK,United Kingdom,Health,Healthcare,2010,10Q2,79344229.1172
UK,United Kingdom,Health,Healthcare,2010,10Q4,53332238.94
UK,United Kingdom,Health,Healthcare,2011,11Q2,87606258.141
UK,United Kingdom,Health,Healthcare,2011,11Q4,58927757.064
UK,United Kingdom,Health,Healthcare,2012,12Q2,96783837.876
UK,United Kingdom,Health,Healthcare,2012,12Q4,89186936.553
UK,United Kingdom,Health,Healthcare,2013,13Q2,146891058.174
UK,United Kingdom,Health,Healthcare,2013,13Q4,93211341.496
UK,United Kingdom,Health,Healthcare,2014,14Q2,152034986.84
UK,United Kingdom,Health,Healthcare,2014,14Q4,98289268.44
UK,United Kingdom,Health,Healthcare,2015,15Q2,166623437.166
UK,United Kingdom,Health,Healthcare,2015,15Q4,105603476.016
UK,United Kingdom,Health,Healthcare,2016,16Q2,170175143.5
UK,United Kingdom,Health,Healthcare,2016,16Q4,108982069.332
UK,United Kingdom,Health,Healthcare,2017,17Q2,161864017.845
UK,United Kingdom,Health,Healthcare,2017,17Q4,107610674.313
UK,United Kingdom,Health,Healthcare,2018,18Q2,198588684.54
UK,United Kingdom,Health,Healthcare,2018,18Q4,122420728.78
UK,United Kingdom,Health,Healthcare,2019,19Q2,192501191.96
UK,United Kingdom,Health,Healthcare,2019,19Q4,125947713.168
UK,United Kingdom,Health,Healthcare,2020,20Q2,202056678.978
UK,United Kingdom,Health,Healthcare,2020,20Q4,126100060.704
UK,United Kingdom,Health,Healthcare,2021,21q2,203037519.762
UK,United Kingdom,Health,Healthcare,2021,21Q4,126617727.6
UK,United Kingdom,Health,Healthcare,2022,22Q2,202063661.646
UK,United Kingdom,Health,Healthcare,2022,22Q4,125380109.952
UK,United Kingdom,Health,Healthcare,2023,23Q2,201745841.22
UK,United Kingdom,Health,Healthcare,2023,23q4,125768867.328
UK,United Kingdom,Health,Healthcare,2024,24q2,201967972.437
UK,United Kingdom,Health,Healthcare,2024,24q4,125909871.984
UK,United Kingdom,Health,Healthcare,2025,25q2,201988734.024
UK,United Kingdom,Health,Pharmaceuticals,2010,10Q1,3724621652.30317
UK,United Kingdom,Health,Pharmaceuticals,2010,10Q2,1424686954.90038
UK,United Kingdom,Health,Pharmaceuticals,2010,10Q3,2189500296.42663
UK,United Kingdom,Health,Pharmaceuticals,2010,10Q4,1241671894.24583
UK,United Kingdom,Health,Pharmaceuticals,2011,11Q1,3881246936.87173
UK,United Kingdom,Health,Pharmaceuticals,2011,11Q2,1610235010.95565
UK,United Kingdom,Health,Pharmaceuticals,2011,11Q3,2478104552.49349
UK,United Kingdom,Health,Pharmaceuticals,2011,11Q4,1257056600.2756
UK,United Kingdom,Health,Pharmaceuticals,2012,12Q1,3825830796.15307
UK,United Kingdom,Health,Pharmaceuticals,2012,12Q2,2094930391.26793
UK,United Kingdom,Health,Pharmaceuticals,2012,12Q3,2454579929.05235
UK,United Kingdom,Health,Pharmaceuticals,2012,12Q4,1369976204.01941
UK,United Kingdom,Health,Pharmaceuticals,2013,13Q1,3801468719.2163
UK,United Kingdom,Health,Pharmaceuticals,2013,13Q2,1660751942.97307
UK,United Kingdom,Health,Pharmaceuticals,2013,13Q3,2466724664.5923
UK,United Kingdom,Health,Pharmaceuticals,2013,13Q4,1428149104.78743
UK,United Kingdom,Health,Pharmaceuticals,2014,14Q1,3914739102.20502
UK,United Kingdom,Health,Pharmaceuticals,2014,14Q2,1874128729.12184
UK,United Kingdom,Health,Pharmaceuticals,2014,14Q3,2716651915.46339
UK,United Kingdom,Health,Pharmaceuticals,2014,14Q4,1485130056.88366
UK,United Kingdom,Health,Pharmaceuticals,2015,15Q1,3792857491.15247
UK,United Kingdom,Health,Pharmaceuticals,2015,15Q2,1648659860.06353
UK,United Kingdom,Health,Pharmaceuticals,2015,15Q3,2559949280.64546
UK,United Kingdom,Health,Pharmaceuticals,2015,15Q4,1401194083.03412
UK,United Kingdom,Health,Pharmaceuticals,2016,16Q1,3732916891.58375
UK,United Kingdom,Health,Pharmaceuticals,2016,16Q2,2961426157.47317
UK,United Kingdom,Health,Pharmaceuticals,2016,16Q3,1233247533.30543
UK,United Kingdom,Health,Pharmaceuticals,2016,16Q4,1129189768.87244
UK,United Kingdom,Health,Pharmaceuticals,2017,17Q1,3536080182.09787
UK,United Kingdom,Health,Pharmaceuticals,2017,17Q2,1413771268.59777
UK,United Kingdom,Health,Pharmaceuticals,2017,17Q3,2358299580.59042
UK,United Kingdom,Health,Pharmaceuticals,2017,17Q4,1230377029.41359
UK,United Kingdom,Health,Pharmaceuticals,2018,18Q1,3638693461.41457
UK,United Kingdom,Health,Pharmaceuticals,2018,18Q2,1622995692.33312
UK,United Kingdom,Health,Pharmaceuticals,2018,18Q3,2374248327.07378
UK,United Kingdom,Health,Pharmaceuticals,2018,18Q4,1245005495.94069
UK,United Kingdom,Health,Pharmaceuticals,2019,19Q1,3658313359.05684
UK,United Kingdom,Health,Pharmaceuticals,2019,19Q2,1494275349.40205
UK,United Kingdom,Health,Pharmaceuticals,2019,19q3,2352397671.51437
UK,United Kingdom,Health,Pharmaceuticals,2019,19Q4,1164135987.41262
UK,United Kingdom,Health,Pharmaceuticals,2020,20Q1,3621306034.36712
UK,United Kingdom,Health,Pharmaceuticals,2020,20Q2,1438584409.94566
UK,United Kingdom,Health,Pharmaceuticals,2020,20Q3,2379141789.39391
UK,United Kingdom,Health,Pharmaceuticals,2020,20Q4,1232516400.50743
UK,United Kingdom,Health,Pharmaceuticals,2021,21Q1,3787746926.93192
UK,United Kingdom,Health,Pharmaceuticals,2021,21q2,1588745825.37898
UK,United Kingdom,Health,Pharmaceuticals,2021,21q3,2705767133.7042
UK,United Kingdom,Health,Pharmaceuticals,2021,21Q4,1302346193.97396
UK,United Kingdom,Health,Pharmaceuticals,2022,22q1,4258740601.93916
UK,United Kingdom,Health,Pharmaceuticals,2022,22Q2,1527768853.46809
UK,United Kingdom,Health,Pharmaceuticals,2022,22Q3,2240207931.59234
UK,United Kingdom,Health,Pharmaceuticals,2022,22Q4,739927797.582025
UK,United Kingdom,Health,Pharmaceuticals,2023,23Q1,3776421703.72447
UK,United Kingdom,Health,Pharmaceuticals,2023,23Q2,980703195.297072
UK,United Kingdom,Health,Pharmaceuticals,2023,23Q3,2348019654.12574
UK,United Kingdom,Health,Pharmaceuticals,2023,23q4,700259196.686684
UK,United Kingdom,Health,Pharmaceuticals,2024,24q1,3786598797.68652
UK,United Kingdom,Health,Pharmaceuticals,2024,24q2,1315973607.10047
UK,United Kingdom,Health,Pharmaceuticals,2024,24q3,2618868509.89082
UK,United Kingdom,Health,Pharmaceuticals,2024,24q4,811426193.196818
UK,United Kingdom,Health,Pharmaceuticals,2025,25Q1,4128341492.42898
UK,United Kingdom,Health,Pharmaceuticals,2025,25q2,1423773426.47256
UK,United Kingdom,Industrial,Machinery,2010,10Q1,42377442.8855843
UK,United Kingdom,Industrial,Machinery,2010,10Q2,492911186.18112
UK,United Kingdom,Industrial,Machinery,2010,10Q3,89481312.383392
UK,United Kingdom,Industrial,Machinery,2010,10Q4,371554128.215118
UK,United Kingdom,Industrial,Machinery,2011,11Q1,44245215.4388865
UK,United Kingdom,Industrial,Machinery,2011,11Q2,588532068.974493
UK,United Kingdom,Industrial,Machinery,2011,11Q3,102395733.292663
UK,United Kingdom,Industrial,Machinery,2011,11Q4,388915862.431148
UK,United Kingdom,Industrial,Machinery,2012,12Q1,249540397.967626
UK,United Kingdom,Industrial,Machinery,2012,12Q2,562844093.629516
UK,United Kingdom,Industrial,Machinery,2012,12Q3,424342772.39997
UK,United Kingdom,Industrial,Machinery,2012,12Q4,406261887.997059
UK,United Kingdom,Industrial,Machinery,2013,13Q1,287583107.769376
UK,United Kingdom,Industrial,Machinery,2013,13Q2,580837192.900591
UK,United Kingdom,Industrial,Machinery,2013,13Q3,486753842.504256
UK,United Kingdom,Industrial,Machinery,2013,13Q4,422126858.360584
UK,United Kingdom,Industrial,Machinery,2014,14Q1,338604728.303084
UK,United Kingdom,Industrial,Machinery,2014,14Q2,642070940.465
UK,United Kingdom,Industrial,Machinery,2014,14Q3,635979343.626026
UK,United Kingdom,Industrial,Machinery,2014,14Q4,406664975.220479
UK,United Kingdom,Industrial,Machinery,2015,15Q1,337144745.257116
UK,United Kingdom,Industrial,Machinery,2015,15Q2,591844456.387284
UK,United Kingdom,Industrial,Machinery,2015,15Q3,627028129.059974
UK,United Kingdom,Industrial,Machinery,2015,15Q4,400157192.373616
UK,United Kingdom,Industrial,Machinery,2016,16Q1,336218909.641575
UK,United Kingdom,Industrial,Machinery,2016,16Q2,571554699.54045
UK,United Kingdom,Industrial,Machinery,2016,16Q3,413187351.334914
UK,United Kingdom,Industrial,Machinery,2016,16Q4,341146327.839777
UK,United Kingdom,Industrial,Machinery,2017,17Q1,187326742.129924
UK,United Kingdom,Industrial,Machinery,2017,17Q2,520723992.090027
UK,United Kingdom,Industrial,Machinery,2017,17Q3,449191128.818232
UK,United Kingdom,Industrial,Machinery,2017,17Q4,379447651.99374
UK,United Kingdom,Industrial,Machinery,2018,18Q1,216695319.845043
UK,United Kingdom,Industrial,Machinery,2018,18Q2,552502270.880318
UK,United Kingdom,Industrial,Machinery,2018,18Q3,490625016.796179
UK,United Kingdom,Industrial,Machinery,2018,18Q4,366864553.178388
UK,United Kingdom,Industrial,Machinery,2019,19Q1,215368984.121807
UK,United Kingdom,Industrial,Machinery,2019,19Q2,533689429.992048
UK,United Kingdom,Industrial,Machinery,2019,19q3,511959761.583554
UK,United Kingdom,Industrial,Machinery,2019,19Q4,389227584.880874
UK,United Kingdom,Industrial,Machinery,2020,20Q1,227812068.434044
UK,United Kingdom,Industrial,Machinery,2020,20Q3,914372685.015631
UK,United Kingdom,Industrial,Machinery,2020,20Q4,562638159.250046
UK,United Kingdom,Industrial,Machinery,2021,21Q1,115946168.815794
UK,United Kingdom,Industrial,Machinery,2021,21q2,653072686.235428
UK,United Kingdom,Industrial,Machinery,2021,21q3,391591862.022374
UK,United Kingdom,Industrial,Machinery,2021,21Q4,417687226.563438
UK,United Kingdom,Industrial,Machinery,2022,22q1,129851188.036336
UK,United Kingdom,Industrial,Machinery,2022,22Q2,598642718.042214
UK,United Kingdom,Industrial,Machinery,2022,22Q3,464458232.037856
UK,United Kingdom,Industrial,Machinery,2022,22Q4,384052190.695399
UK,United Kingdom,Industrial,Machinery,2023,23Q1,136177320.030219
UK,United Kingdom,Industrial,Machinery,2023,23Q2,634376108.492504
UK,United Kingdom,Industrial,Machinery,2023,23Q3,567525364.417215
UK,United Kingdom,Industrial,Machinery,2023,23q4,442478302.524762
UK,United Kingdom,Industrial,Machinery,2024,24q1,146617794.718063
UK,United Kingdom,Industrial,Machinery,2024,24q2,715044143.086462
UK,United Kingdom,Industrial,Machinery,2024,24q3,604973085.477227
UK,United Kingdom,Industrial,Machinery,2024,24q4,473339480.759476
UK,United Kingdom,Industrial,Machinery,2025,25Q1,240379286.298104
UK,United Kingdom,Industrial,Machinery,2025,25q2,1532762019.56842
UK,United Kingdom,Industrial,Support Services,2010,10Q1,57458794.624
UK,United Kingdom,Industrial,Support Services,2010,10Q2,303609889.045904
UK,United Kingdom,Industrial,Support Services,2010,10Q3,232295040.206296
UK,United Kingdom,Industrial,Support Services,2010,10Q4,23660771.6126544
UK,United Kingdom,Industrial,Support Services,2011,11Q1,72519595.2
UK,United Kingdom,Industrial,Support Services,2011,11Q2,344313407.855102
UK,United Kingdom,Industrial,Support Services,2011,11Q3,263985306.562957
UK,United Kingdom,Industrial,Support Services,2011,11Q4,27058437.1746886
UK,United Kingdom,Industrial,Support Services,2012,12Q1,82399632.494
UK,United Kingdom,Industrial,Support Services,2012,12Q2,402152072.353087
UK,United Kingdom,Industrial,Support Services,2012,12Q3,335497197.095985
UK,United Kingdom,Industrial,Support Services,2012,12Q4,52696967.9395003
UK,United Kingdom,Industrial,Support Services,2013,13Q1,108577821.9825
UK,United Kingdom,Industrial,Support Services,2013,13Q2,414259919.338108
UK,United Kingdom,Industrial,Support Services,2013,13Q3,384160273.83362
UK,United Kingdom,Industrial,Support Services,2013,13Q4,38647988.1410123
UK,United Kingdom,Industrial,Support Services,2014,14Q1,115063533.82
UK,United Kingdom,Industrial,Support Services,2014,14Q2,481489409.333215
UK,United Kingdom,Industrial,Support Services,2014,14Q3,413270425.03753
UK,United Kingdom,Industrial,Support Services,2014,14Q4,41098199.154792
UK,United Kingdom,Industrial,Support Services,2015,15Q1,121292071.6
UK,United Kingdom,Industrial,Support Services,2015,15Q2,464461891.261664
UK,United Kingdom,Industrial,Support Services,2015,15Q3,416118654.310022
UK,United Kingdom,Industrial,Support Services,2015,15Q4,41764461.932025
UK,United Kingdom,Industrial,Support Services,2016,16Q1,120260270.75
UK,United Kingdom,Industrial,Support Services,2016,16Q2,493686894.273889
UK,United Kingdom,Industrial,Support Services,2016,16Q3,435149069.497582
UK,United Kingdom,Industrial,Support Services,2016,16Q4,38184498.29326
UK,United Kingdom,Industrial,Support Services,2017,17Q1,122808647
UK,United Kingdom,Industrial,Support Services,2017,17Q2,505611024.524626
UK,United Kingdom,Industrial,Support Services,2017,17Q3,456376378.573431
UK,United Kingdom,Industrial,Support Services,2017,17Q4,50461576.66545
UK,United Kingdom,Industrial,Support Services,2018,18Q1,124173557.55
UK,United Kingdom,Industrial,Support Services,2018,18Q2,562724332.928109
UK,United Kingdom,Industrial,Support Services,2018,18Q3,485237136.86879
UK,United Kingdom,Industrial,Support Services,2018,18Q4,67156261.1599572
UK,United Kingdom,Industrial,Support Services,2019,19Q1,127403983.42
UK,United Kingdom,Industrial,Support Services,2019,19Q2,948300289.168607
UK,United Kingdom,Industrial,Support Services,2019,19q3,649731220.461617
UK,United Kingdom,Industrial,Support Services,2019,19Q4,70016696.107029
UK,United Kingdom,Industrial,Support Services,2020,20Q1,131695261.97
UK,United Kingdom,Industrial,Support Services,2020,20Q2,992687015.63677
UK,United Kingdom,Industrial,Support Services,2020,20Q3,644940154.532562
UK,United Kingdom,Industrial,Support Services,2020,20Q4,71363489.4732186
UK,United Kingdom,Industrial,Support Services,2021,21Q1,133005695.845
UK,United Kingdom,Industrial,Support Services,2021,21q2,1212761833.65484
UK,United Kingdom,Industrial,Support Services,2021,21q3,743425091.336626
UK,United Kingdom,Industrial,Support Services,2021,21Q4,75191363.2414665
UK,United Kingdom,Industrial,Support Services,2022,22q1,147655987.84
UK,United Kingdom,Industrial,Support Services,2022,22Q2,1101105768.73244
UK,United Kingdom,Industrial,Support Services,2022,22Q3,728138085.29245
UK,United Kingdom,Industrial,Support Services,2022,22Q4,61792425.141363
UK,United Kingdom,Industrial,Support Services,2023,23Q1,156616680.3
UK,United Kingdom,Industrial,Support Services,2023,23Q2,1230897141.34278
UK,United Kingdom,Industrial,Support Services,2023,23Q3,835332149.084841
UK,United Kingdom,Industrial,Support Services,2023,23q4,74164225.1026131
UK,United Kingdom,Industrial,Support Services,2024,24q1,165386215.26
UK,United Kingdom,Industrial,Support Services,2024,24q2,1340937878.08536
UK,United Kingdom,Industrial,Support Services,2024,24q3,924099212.630255
UK,United Kingdom,Industrial,Support Services,2024,24q4,113897188.115702
UK,United Kingdom,Industrial,Support Services,2025,25Q1,177051640.7275
UK,United Kingdom,Industrial,Support Services,2025,25q2,1528514003.19656
UK,United Kingdom,Media & Telecommunications,Media,2014,14Q3,62746109.8348816
UK,United Kingdom,Media & Telecommunications,Media,2015,15Q2,128006192.236121
UK,United Kingdom,Media & Telecommunications,Media,2015,15Q3,65492708.3080776
UK,United Kingdom,Media & Telecommunications,Media,2016,16Q2,129074697.656508
UK,United Kingdom,Media & Telecommunications,Media,2016,16Q3,58507115.3390922
UK,United Kingdom,Media & Telecommunications,Media,2017,17Q2,138422795.706378
UK,United Kingdom,Media & Telecommunications,Media,2017,17Q3,74492878.8276997
UK,United Kingdom,Media & Telecommunications,Media,2018,18Q2,151567642.51068
UK,United Kingdom,Media & Telecommunications,Media,2018,18Q3,115371030.888244
UK,United Kingdom,Media & Telecommunications,Media,2019,19Q2,234298380.52966
UK,United Kingdom,Media & Telecommunications,Media,2019,19q3,117750992.41005
UK,United Kingdom,Media & Telecommunications,Media,2020,20Q3,
UK,United Kingdom,Media & Telecommunications,Media,2022,22Q3,50225751.61296
UK,United Kingdom,Media & Telecommunications,Media,2023,23Q3,225965710.13585
UK,United Kingdom,Media & Telecommunications,Media,2024,24q3,326898331.502796
UK,United Kingdom,Media & Telecommunications,Telecoms,2010,10Q1,2467810718.58663
UK,United Kingdom,Media & Telecommunications,Telecoms,2010,10Q3,5303767695.83871
UK,United Kingdom,Media & Telecommunications,Telecoms,2011,11Q1,2695702775.11207
UK,United Kingdom,Media & Telecommunications,Telecoms,2011,11Q3,5708145666.61891
UK,United Kingdom,Media & Telecommunications,Telecoms,2012,12Q1,5928680575.3395
UK,United Kingdom,Media & Telecommunications,Telecoms,2012,12Q3,5690063992.95382
UK,United Kingdom,Media & Telecommunications,Telecoms,2013,13Q1,2888949186.93585
UK,United Kingdom,Media & Telecommunications,Telecoms,2013,13Q3,6017567922.1081
UK,United Kingdom,Media & Telecommunications,Telecoms,2014,14Q1,16183110240.7712
UK,United Kingdom,Media & Telecommunications,Telecoms,2014,14Q3,4309677055.45
UK,United Kingdom,Media & Telecommunications,Telecoms,2015,15Q1,1935605741.13924
UK,United Kingdom,Media & Telecommunications,Telecoms,2015,15Q3,4235093567.11226
UK,United Kingdom,Media & Telecommunications,Telecoms,2016,16Q1,1954801277.64291
UK,United Kingdom,Media & Telecommunications,Telecoms,2016,16Q3,4017125990.58226
UK,United Kingdom,Media & Telecommunications,Telecoms,2017,17Q1,1962189645.68162
UK,United Kingdom,Media & Telecommunications,Telecoms,2017,17Q3,4462357294.71495
UK,United Kingdom,Media & Telecommunications,Telecoms,2018,18Q1,2271712405.71624
UK,United Kingdom,Media & Telecommunications,Telecoms,2018,18Q3,4506734839.54589
UK,United Kingdom,Media & Telecommunications,Telecoms,2019,19Q1,2077746065.47727
UK,United Kingdom,Media & Telecommunications,Telecoms,2019,19q3,2521301487.12385
UK,United Kingdom,Media & Telecommunications,Telecoms,2020,20Q1,1909499725.51235
UK,United Kingdom,Media & Telecommunications,Telecoms,2020,20Q3,1425553157.40074
UK,United Kingdom,Media & Telecommunications,Telecoms,2021,21Q1,1466232312.70796
UK,United Kingdom,Media & Telecommunications,Telecoms,2021,21q3,1481127189.06651
UK,United Kingdom,Media & Telecommunications,Telecoms,2022,22q1,1677063423.45496
UK,United Kingdom,Media & Telecommunications,Telecoms,2022,22Q3,1909554350.14525
UK,United Kingdom,Media & Telecommunications,Telecoms,2023,23Q1,1591442091.35325
UK,United Kingdom,Media & Telecommunications,Telecoms,2023,23Q3,2007932622.9582
UK,United Kingdom,Media & Telecommunications,Telecoms,2024,24q1,1606998351.73797
UK,United Kingdom,Media & Telecommunications,Telecoms,2024,24q3,2059595940.00008
UK,United Kingdom,Media & Telecommunications,Telecoms,2025,25Q1,901523060.651048
UK,United Kingdom,Mining & Chemicals,Mining & Chemicals,2010,10Q2,849495081.115478
UK,United Kingdom,Mining & Chemicals,Mining & Chemicals,2010,10Q3,666136956.083752
UK,United Kingdom,Mining & Chemicals,Mining & Chemicals,2010,10Q4,35490841.02
UK,United Kingdom,Mining & Chemicals,Mining & Chemicals,2011,11Q1,955641185.076815
UK,United Kingdom,Mining & Chemicals,Mining & Chemicals,2011,11Q2,993743548.56
UK,United Kingdom,Mining & Chemicals,Mining & Chemicals,2011,11Q3,1133756557.07789
UK,United Kingdom,Mining & Chemicals,Mining & Chemicals,2011,11Q4,70981682.04
UK,United Kingdom,Mining & Chemicals,Mining & Chemicals,2012,12Q2,2307929995.54592
UK,United Kingdom,Mining & Chemicals,Mining & Chemicals,2012,12Q3,1429713003.18812
UK,United Kingdom,Mining & Chemicals,Mining & Chemicals,2012,12Q4,75418037.1675
UK,United Kingdom,Mining & Chemicals,Mining & Chemicals,2013,13Q2,3482821292.46035
UK,United Kingdom,Mining & Chemicals,Mining & Chemicals,2013,13Q3,1929618984.55607
UK,United Kingdom,Mining & Chemicals,Mining & Chemicals,2013,13Q4,78967121.2695
UK,United Kingdom,Mining & Chemicals,Mining & Chemicals,2014,14Q2,3883335012.50558
UK,United Kingdom,Mining & Chemicals,Mining & Chemicals,2014,14Q3,2101919562.71727
UK,United Kingdom,Mining & Chemicals,Mining & Chemicals,2014,14Q4,103810709.9835
UK,United Kingdom,Mining & Chemicals,Mining & Chemicals,2015,15Q2,3280524092.2429
UK,United Kingdom,Mining & Chemicals,Mining & Chemicals,2015,15Q3,2269393567.52443
UK,United Kingdom,Mining & Chemicals,Mining & Chemicals,2015,15Q4,27505401.7905
UK,United Kingdom,Mining & Chemicals,Mining & Chemicals,2016,16Q2,1437351079.58807
UK,United Kingdom,Mining & Chemicals,Mining & Chemicals,2016,16Q3,639151447.298195
UK,United Kingdom,Mining & Chemicals,Mining & Chemicals,2017,17Q2,2382434636.26546
UK,United Kingdom,Mining & Chemicals,Mining & Chemicals,2017,17Q3,2052638880.89852
UK,United Kingdom,Mining & Chemicals,Mining & Chemicals,2017,17Q4,101543239.585
UK,United Kingdom,Mining & Chemicals,Mining & Chemicals,2018,18Q2,4318708452.52609
UK,United Kingdom,Mining & Chemicals,Mining & Chemicals,2018,18Q3,3115724406.8213
UK,United Kingdom,Mining & Chemicals,Mining & Chemicals,2018,18Q4,67038255.26
UK,United Kingdom,Mining & Chemicals,Mining & Chemicals,2019,19Q2,7046836649.89852
UK,United Kingdom,Mining & Chemicals,Mining & Chemicals,2019,19q3,4092237475.12386
UK,United Kingdom,Mining & Chemicals,Mining & Chemicals,2019,19Q4,105486666.365
UK,United Kingdom,Mining & Chemicals,Mining & Chemicals,2020,20Q2,2823643817.35186
UK,United Kingdom,Mining & Chemicals,Mining & Chemicals,2020,20Q3,1933024884.34303
UK,United Kingdom,Mining & Chemicals,Mining & Chemicals,2020,20Q4,61123115.09
UK,United Kingdom,Mining & Chemicals,Mining & Chemicals,2021,21q2,6244712738.21354
UK,United Kingdom,Mining & Chemicals,Mining & Chemicals,2021,21q3,8261876981.30383
UK,United Kingdom,Mining & Chemicals,Mining & Chemicals,2021,21Q4,232662180.02
UK,United Kingdom,Mining & Chemicals,Mining & Chemicals,2022,22Q2,8618597702.77301
UK,United Kingdom,Mining & Chemicals,Mining & Chemicals,2022,22Q3,6334760799.01221
UK,United Kingdom,Mining & Chemicals,Mining & Chemicals,2023,23Q2,6141529189.05318
UK,United Kingdom,Mining & Chemicals,Mining & Chemicals,2023,23Q3,5937936464.0212
UK,United Kingdom,Mining & Chemicals,Mining & Chemicals,2024,24q2,4208981035.3423
UK,United Kingdom,Mining & Chemicals,Mining & Chemicals,2024,24q3,3088178450.34
UK,United Kingdom,Mining & Chemicals,Mining & Chemicals,2025,25q2,3654461558.525
UK,United Kingdom,"Oil, Gas & Energy","Oil, Gas & Energy",2010,10Q1,5248999514.36
UK,United Kingdom,"Oil, Gas & Energy","Oil, Gas & Energy",2010,10Q2,5251385798.4
UK,United Kingdom,"Oil, Gas & Energy","Oil, Gas & Energy",2010,10Q3,2621418271.92
UK,United Kingdom,"Oil, Gas & Energy","Oil, Gas & Energy",2010,10Q4,2621418271.92
UK,United Kingdom,"Oil, Gas & Energy","Oil, Gas & Energy",2011,11Q1,3944929222.22
UK,United Kingdom,"Oil, Gas & Energy","Oil, Gas & Energy",2011,11Q2,3962883823.64
UK,United Kingdom,"Oil, Gas & Energy","Oil, Gas & Energy",2011,11Q3,3978190607.09
UK,United Kingdom,"Oil, Gas & Energy","Oil, Gas & Energy",2011,11Q4,3974744509.33
UK,United Kingdom,"Oil, Gas & Energy","Oil, Gas & Energy",2012,12Q1,4176822907.14
UK,United Kingdom,"Oil, Gas & Energy","Oil, Gas & Energy",2012,12Q2,4251861985.98
UK,United Kingdom,"Oil, Gas & Energy","Oil, Gas & Energy",2012,12Q3,4251790777.41
UK,United Kingdom,"Oil, Gas & Energy","Oil, Gas & Energy",2012,12Q4,4452236079.01
UK,United Kingdom,"Oil, Gas & Energy","Oil, Gas & Energy",2013,13Q1,4472146274.35
UK,United Kingdom,"Oil, Gas & Energy","Oil, Gas & Energy",2013,13Q2,4581013356.99
UK,United Kingdom,"Oil, Gas & Energy","Oil, Gas & Energy",2013,13Q3,4552238006.55
UK,United Kingdom,"Oil, Gas & Energy","Oil, Gas & Energy",2013,13Q4,4635547261.62
UK,United Kingdom,"Oil, Gas & Energy","Oil, Gas & Energy",2014,14Q1,4614233252.845
UK,United Kingdom,"Oil, Gas & Energy","Oil, Gas & Energy",2014,14Q2,4820151517.29561
UK,United Kingdom,"Oil, Gas & Energy","Oil, Gas & Energy",2014,14Q3,4790526470.17953
UK,United Kingdom,"Oil, Gas & Energy","Oil, Gas & Energy",2014,14Q4,4803730982.00653
UK,United Kingdom,"Oil, Gas & Energy","Oil, Gas & Energy",2015,15Q1,4801314328.39
UK,United Kingdom,"Oil, Gas & Energy","Oil, Gas & Energy",2015,15Q2,4870865844.18446
UK,United Kingdom,"Oil, Gas & Energy","Oil, Gas & Energy",2015,15Q3,4855005174.2691
UK,United Kingdom,"Oil, Gas & Energy","Oil, Gas & Energy",2015,15Q4,4809303896.64622
UK,United Kingdom,"Oil, Gas & Energy","Oil, Gas & Energy",2016,16Q1,5572455449.0759
UK,United Kingdom,"Oil, Gas & Energy","Oil, Gas & Energy",2016,16Q2,5613647841.25053
UK,United Kingdom,"Oil, Gas & Energy","Oil, Gas & Energy",2016,16Q3,5650587124.72591
UK,United Kingdom,"Oil, Gas & Energy","Oil, Gas & Energy",2016,16Q4,5679728834.22052
UK,United Kingdom,"Oil, Gas & Energy","Oil, Gas & Energy",2017,17Q1,5828698691.09371
UK,United Kingdom,"Oil, Gas & Energy","Oil, Gas & Energy",2017,17Q2,5808592940.01155
UK,United Kingdom,"Oil, Gas & Energy","Oil, Gas & Energy",2017,17Q3,5916903778.80778
UK,United Kingdom,"Oil, Gas & Energy","Oil, Gas & Energy",2017,17Q4,6596493251.5709
UK,United Kingdom,"Oil, Gas & Energy","Oil, Gas & Energy",2018,18Q1,5925014339.07481
UK,United Kingdom,"Oil, Gas & Energy","Oil, Gas & Energy",2018,18Q2,5892193450.89688
UK,United Kingdom,"Oil, Gas & Energy","Oil, Gas & Energy",2018,18Q3,5995365196.78779
UK,United Kingdom,"Oil, Gas & Energy","Oil, Gas & Energy",2018,18Q4,5928214271.7611
UK,United Kingdom,"Oil, Gas & Energy","Oil, Gas & Energy",2019,19Q1,5891754928.85086
UK,United Kingdom,"Oil, Gas & Energy","Oil, Gas & Energy",2019,19Q2,5899616183.76944
UK,United Kingdom,"Oil, Gas & Energy","Oil, Gas & Energy",2019,19q3,5905545215.58052
UK,United Kingdom,"Oil, Gas & Energy","Oil, Gas & Energy",2019,19Q4,5806690046.43842
UK,United Kingdom,"Oil, Gas & Energy","Oil, Gas & Energy",2020,20Q1,5732249319.79837
UK,United Kingdom,"Oil, Gas & Energy","Oil, Gas & Energy",2020,20Q2,3339312477.36
UK,United Kingdom,"Oil, Gas & Energy","Oil, Gas & Energy",2020,20Q3,2290351575.69389
UK,United Kingdom,"Oil, Gas & Energy","Oil, Gas & Energy",2020,20Q4,2370647929.70273
UK,United Kingdom,"Oil, Gas & Energy","Oil, Gas & Energy",2021,21Q1,2357586210.38179
UK,United Kingdom,"Oil, Gas & Energy","Oil, Gas & Energy",2021,21q2,2396647902.67208
UK,United Kingdom,"Oil, Gas & Energy","Oil, Gas & Energy",2021,21q3,2962727058.8737
UK,United Kingdom,"Oil, Gas & Energy","Oil, Gas & Energy",2021,21Q4,2934775696.78567
UK,United Kingdom,"Oil, Gas & Energy","Oil, Gas & Energy",2022,22q1,2905299762.51581
UK,United Kingdom,"Oil, Gas & Energy","Oil, Gas & Energy",2022,22Q2,2911887311.70798
UK,United Kingdom,"Oil, Gas & Energy","Oil, Gas & Energy",2022,22Q3,2896704995.79427
UK,United Kingdom,"Oil, Gas & Energy","Oil, Gas & Energy",2022,22Q4,2871961977.11882
UK,United Kingdom,"Oil, Gas & Energy","Oil, Gas & Energy",2023,23Q1,3236588944.77507
UK,United Kingdom,"Oil, Gas & Energy","Oil, Gas & Energy",2023,23Q2,3154237759.16737
UK,United Kingdom,"Oil, Gas & Energy","Oil, Gas & Energy",2023,23Q3,3428301117.84476
UK,United Kingdom,"Oil, Gas & Energy","Oil, Gas & Energy",2023,23q4,3422416806.57075
UK,United Kingdom,"Oil, Gas & Energy","Oil, Gas & Energy",2024,24q1,3452330641.90557
UK,United Kingdom,"Oil, Gas & Energy","Oil, Gas & Energy",2024,24q2,3396406717.59275
UK,United Kingdom,"Oil, Gas & Energy","Oil, Gas & Energy",2024,24q3,3481227968.2088
UK,United Kingdom,"Oil, Gas & Energy","Oil, Gas & Energy",2024,24q4,3396033894.50929
UK,United Kingdom,"Oil, Gas & Energy","Oil, Gas & Energy",2025,25Q1,3457827134.60163
UK,United Kingdom,"Oil, Gas & Energy","Oil, Gas & Energy",2025,25q2,3430451543.64627
UK,United Kingdom,Property,Property,2010,10Q2,93010413.8057262
UK,United Kingdom,Property,Property,2010,10Q4,55526051.1808968
UK,United Kingdom,Property,Property,2011,11Q2,105173666.025782
UK,United Kingdom,Property,Property,2011,11Q4,51079487.1405437
UK,United Kingdom,Property,Property,2012,12Q2,0
UK,United Kingdom,Property,Property,2012,12Q4,52990263.3201033
UK,United Kingdom,Property,Property,2013,13Q4,58456097.2679579
UK,United Kingdom,Property,Property,2014,14Q4,58060605.734608
UK,United Kingdom,Property,Property,2015,15Q4,56815893.1783125
UK,United Kingdom,Property,Property,2016,16Q3,50913893.092296
UK,United Kingdom,Property,Property,2017,17Q3,70332570.5939299
UK,United Kingdom,Property,Property,2018,18Q3,73218191.8349706
UK,United Kingdom,Property,Property,2021,21q2,251475998.076394
UK,United Kingdom,Property,Property,2021,21q3,121463915.355943
UK,United Kingdom,Property,Property,2022,22Q2,254048989.04736
UK,United Kingdom,Property,Property,2022,22Q3,106780320.712634
UK,United Kingdom,Property,Property,2023,23Q2,276704115.044833
UK,United Kingdom,Property,Property,2023,23Q3,129051089.130816
UK,United Kingdom,Property,Property,2024,24q2,320694288.667474
UK,United Kingdom,Property,Property,2024,24q3,163437074.326758
UK,United Kingdom,Property,Property,2025,25q2,363637698.856919
UK,United Kingdom,Technology,IT Hardware,2010,10Q1,19422280.7740498
UK,United Kingdom,Technology,IT Hardware,2010,10Q3,30120204.2669717
UK,United Kingdom,Technology,IT Hardware,2011,11Q1,21497740.8479738
UK,United Kingdom,Technology,IT Hardware,2011,11Q3,34323591.886192
UK,United Kingdom,Technology,IT Hardware,2012,12Q1,22616611.4116142
UK,United Kingdom,Technology,IT Hardware,2012,12Q3,35471542.9954172
UK,United Kingdom,Technology,IT Hardware,2013,13Q1,24010895.7613213
UK,United Kingdom,Technology,IT Hardware,2013,13Q3,37727781.3274048
UK,United Kingdom,Technology,IT Hardware,2014,14Q1,26798008.1326146
UK,United Kingdom,Technology,IT Hardware,2014,14Q3,42910401.8078089
UK,United Kingdom,Technology,IT Hardware,2015,15Q1,26776187.7509181
UK,United Kingdom,Technology,IT Hardware,2015,15Q3,43269530.8278634
UK,United Kingdom,Technology,IT Hardware,2016,16Q1,27268014.6793536
UK,United Kingdom,Technology,IT Hardware,2016,16Q3,38586921.2635807
UK,United Kingdom,Technology,IT Hardware,2017,17Q1,25335834.6306707
UK,United Kingdom,Technology,IT Hardware,2017,17Q3,40899895.9224065
UK,United Kingdom,Technology,IT Hardware,2018,18Q1,30093818.0120986
UK,United Kingdom,Technology,IT Hardware,2018,18Q3,43142798.5767109
UK,United Kingdom,Technology,IT Hardware,2019,19Q1,30071724.2531663
UK,United Kingdom,Technology,IT Hardware,2019,19q3,43990263.909504
UK,United Kingdom,Technology,IT Hardware,2020,20Q1,32233995.7183926
UK,United Kingdom,Technology,IT Hardware,2020,20Q4,48653569.0089662
UK,United Kingdom,Technology,IT Hardware,2021,21Q1,35798347.1699944
UK,United Kingdom,Technology,IT Hardware,2021,21q3,56618752.0650721
UK,United Kingdom,Technology,IT Hardware,2022,22q1,37758205.4531913
UK,United Kingdom,Technology,IT Hardware,2022,22Q3,52545237.3782318
UK,United Kingdom,Technology,IT Hardware,2023,23Q1,36127437.0313586
UK,United Kingdom,Technology,IT Hardware,2023,23Q3,59630774.6071871
UK,United Kingdom,Technology,IT Hardware,2024,24q1,40413081.0493167
UK,United Kingdom,Technology,IT Hardware,2024,24q3,64603410.9267096
UK,United Kingdom,Technology,IT Hardware,2025,25Q1,42455547.654894
UK,United Kingdom,Technology,Software & IT Services,2010,10Q1,97815322.223937
UK,United Kingdom,Technology,Software & IT Services,2010,10Q2,50237658.5506022
UK,United Kingdom,Technology,Software & IT Services,2011,11Q1,110339537.542813
UK,United Kingdom,Technology,Software & IT Services,2011,11Q2,57469324.6182099
UK,United Kingdom,Technology,Software & IT Services,2012,12Q1,146323259.554068
UK,United Kingdom,Technology,Software & IT Services,2012,12Q2,68482440.346772
UK,United Kingdom,Technology,Software & IT Services,2013,13Q1,118883654.243941
UK,United Kingdom,Technology,Software & IT Services,2013,13Q2,354711766.251912
UK,United Kingdom,Technology,Software & IT Services,2014,14Q1,135788813.989678
UK,United Kingdom,Technology,Software & IT Services,2014,14Q2,75877397.9358599
UK,United Kingdom,Technology,Software & IT Services,2015,15Q1,129777361.346786
UK,United Kingdom,Technology,Software & IT Services,2015,15Q2,73081342.4912292
UK,United Kingdom,Technology,Software & IT Services,2016,16Q1,132708668.855595
UK,United Kingdom,Technology,Software & IT Services,2016,16Q2,75213213.421272
UK,United Kingdom,Technology,Software & IT Services,2017,17Q1,123840113.256135
UK,United Kingdom,Technology,Software & IT Services,2017,17Q2,72684887.7286931
UK,United Kingdom,Technology,Software & IT Services,2018,18Q1,152177751.517352
UK,United Kingdom,Technology,Software & IT Services,2018,18Q2,81595592.7120492
UK,United Kingdom,Technology,Software & IT Services,2019,19Q1,156012205.835082
UK,United Kingdom,Technology,Software & IT Services,2019,19Q2,79311057.2843846
UK,United Kingdom,Technology,Software & IT Services,2020,20Q1,154674972.039758
UK,United Kingdom,Technology,Software & IT Services,2020,20Q2,81098272.2219165
UK,United Kingdom,Technology,Software & IT Services,2021,21Q1,171473678.026403
UK,United Kingdom,Technology,Software & IT Services,2021,21q2,89741044.0165493
UK,United Kingdom,Technology,Software & IT Services,2022,22q1,161458939.710349
UK,United Kingdom,Technology,Software & IT Services,2022,22Q2,78132429.368847
UK,United Kingdom,Technology,Software & IT Services,2023,23Q1,149656115.008214
UK,United Kingdom,Technology,Software & IT Services,2023,23Q2,85322761.463145
UK,United Kingdom,Technology,Software & IT Services,2024,24q1,164377313.785757
UK,United Kingdom,Technology,Software & IT Services,2024,24q2,88098786.5817028
UK,United Kingdom,Technology,Software & IT Services,2025,25Q1,168599852.298513
UK,United Kingdom,Technology,Software & IT Services,2025,25q2,100067920.144118
UK,United Kingdom,Utilities,Utilities,2010,10Q1,938253920.574464
UK,United Kingdom,Utilities,Utilities,2010,10Q2,696159642.272876
UK,United Kingdom,Utilities,Utilities,2010,10Q3,1843713042.62768
UK,United Kingdom,Utilities,Utilities,2010,10Q4,315000224.3383
UK,United Kingdom,Utilities,Utilities,2011,11Q1,1154566113.99473
UK,United Kingdom,Utilities,Utilities,2011,11Q2,876467093.794672
UK,United Kingdom,Utilities,Utilities,2011,11Q3,2278193778.67345
UK,United Kingdom,Utilities,Utilities,2011,11Q4,350306585.091546
UK,United Kingdom,Utilities,Utilities,2012,12Q1,1223110803.50719
UK,United Kingdom,Utilities,Utilities,2012,12Q2,895736577.423357
UK,United Kingdom,Utilities,Utilities,2012,12Q3,2674914692.53766
UK,United Kingdom,Utilities,Utilities,2012,12Q4,380473566.593621
UK,United Kingdom,Utilities,Utilities,2013,13Q1,1327822983.54168
UK,United Kingdom,Utilities,Utilities,2013,13Q2,957421887.789013
UK,United Kingdom,Utilities,Utilities,2013,13Q3,2601062288.58422
UK,United Kingdom,Utilities,Utilities,2013,13Q4,404033231.040713
UK,United Kingdom,Utilities,Utilities,2014,14Q1,1437426035.89658
UK,United Kingdom,Utilities,Utilities,2014,14Q2,1024292432.26396
UK,United Kingdom,Utilities,Utilities,2014,14Q3,2873603407.0961
UK,United Kingdom,Utilities,Utilities,2014,14Q4,403828321.093488
UK,United Kingdom,Utilities,Utilities,2015,15Q1,1349683695.31349
UK,United Kingdom,Utilities,Utilities,2015,15Q2,657127767.617798
UK,United Kingdom,Utilities,Utilities,2015,15Q3,2788645079.8526
UK,United Kingdom,Utilities,Utilities,2015,15Q4,272908269.47192
UK,United Kingdom,Utilities,Utilities,2016,16Q1,1314488420.26808
UK,United Kingdom,Utilities,Utilities,2016,16Q2,677232905.348017
UK,United Kingdom,Utilities,Utilities,2016,16Q3,2346995832.28194
UK,United Kingdom,Utilities,Utilities,2016,16Q4,245369894.89071
UK,United Kingdom,Utilities,Utilities,2017,17Q1,1126854010.58556
UK,United Kingdom,Utilities,Utilities,2017,17Q2,4340060145.08313
UK,United Kingdom,Utilities,Utilities,2017,17Q3,2302838383.05284
UK,United Kingdom,Utilities,Utilities,2017,17Q4,272549233.093091
UK,United Kingdom,Utilities,Utilities,2018,18Q1,1221886099.62026
UK,United Kingdom,Utilities,Utilities,2018,18Q2,616875783.581634
UK,United Kingdom,Utilities,Utilities,2018,18Q3,2337114865.65711
UK,United Kingdom,Utilities,Utilities,2018,18Q4,261566095.767509
UK,United Kingdom,Utilities,Utilities,2019,19Q1,1208345301.57351
UK,United Kingdom,Utilities,Utilities,2019,19Q2,608496945.115865
UK,United Kingdom,Utilities,Utilities,2019,19q3,2329098655.08902
UK,United Kingdom,Utilities,Utilities,2019,19Q4,112792078.547691
UK,United Kingdom,Utilities,Utilities,2020,20Q1,1183415614.35637
UK,United Kingdom,Utilities,Utilities,2020,20Q2,254300801.817081
UK,United Kingdom,Utilities,Utilities,2020,20Q3,2414757250.89927
UK,United Kingdom,Utilities,Utilities,2021,21Q1,1302896129.66582
UK,United Kingdom,Utilities,Utilities,2021,21q3,2594442026.77228
UK,United Kingdom,Utilities,Utilities,2022,22q1,1344033808.62886
UK,United Kingdom,Utilities,Utilities,2022,22Q3,2390532499.39283
UK,United Kingdom,Utilities,Utilities,2022,22Q4,69586822.588298
UK,United Kingdom,Utilities,Utilities,2023,23Q1,1295383727.46396
UK,United Kingdom,Utilities,Utilities,2023,23Q3,3027281891.43066
UK,United Kingdom,Utilities,Utilities,2023,23q4,90822527.4788781
UK,United Kingdom,Utilities,Utilities,2024,24q1,1369164910.31852
UK,United Kingdom,Utilities,Utilities,2024,24q2,183034348.435276
UK,United Kingdom,Utilities,Utilities,2024,24q3,2732880724.15321
UK,United Kingdom,Utilities,Utilities,2024,24q4,99075284.004312
UK,United Kingdom,Utilities,Utilities,2025,25Q1,1418397120.68441
UK,United Kingdom,Utilities,Utilities,2025,25q2,204390092.392545
US,United States,Consumer Cyclical,Auto,2012,12Q1,186462406.5
US,United States,Consumer Cyclical,Auto,2012,12Q2,187275771.1
US,United States,Consumer Cyclical,Auto,2012,12Q3,187156723.8
US,United States,Consumer Cyclical,Auto,2012,12Q4,187156723.8
US,United States,Consumer Cyclical,Auto,2013,13Q1,374313447.6
US,United States,Consumer Cyclical,Auto,2013,13Q2,386035398.6
US,United States,Consumer Cyclical,Auto,2013,13Q3,386881578.8
US,United States,Consumer Cyclical,Auto,2013,13Q4,387358459.4
US,United States,Consumer Cyclical,Auto,2014,14Q1,961134558.85
US,United States,Consumer Cyclical,Auto,2014,14Q2,966547743.025
US,United States,Consumer Cyclical,Auto,2014,14Q3,957355326.325
US,United States,Consumer Cyclical,Auto,2014,14Q4,963094813.225
US,United States,Consumer Cyclical,Auto,2015,15Q1,1060412900.85
US,United States,Consumer Cyclical,Auto,2015,15Q2,1164270393.06
US,United States,Consumer Cyclical,Auto,2015,15Q3,1154090709.78
US,United States,Consumer Cyclical,Auto,2015,15Q4,1144890402.3
US,United States,Consumer Cyclical,Auto,2016,16Q1,2146018430.24
US,United States,Consumer Cyclical,Auto,2016,16Q2,1170431105.18
US,United States,Consumer Cyclical,Auto,2016,16Q3,1178888608.27
US,United States,Consumer Cyclical,Auto,2016,16Q4,1164680097.87
US,United States,Consumer Cyclical,Auto,2017,17Q1,1349799041.06
US,United States,Consumer Cyclical,Auto,2017,17Q2,1160119153.69
US,United States,Consumer Cyclical,Auto,2017,17Q3,1136772882.39
US,United States,Consumer Cyclical,Auto,2017,17Q4,1124890332.55
US,United States,Consumer Cyclical,Auto,2018,18Q1,1625252396.14
US,United States,Consumer Cyclical,Auto,2018,18Q2,1123935784.31
US,United States,Consumer Cyclical,Auto,2018,18Q3,1123368729.38
US,United States,Consumer Cyclical,Auto,2018,18Q4,1123564549.84
US,United States,Consumer Cyclical,Auto,2019,19Q1,1122833161.18
US,United States,Consumer Cyclical,Auto,2019,19Q2,1126793359.79
US,United States,Consumer Cyclical,Auto,2019,19q3,1130385797.99
US,United States,Consumer Cyclical,Auto,2019,19Q4,1127044679.13
US,United States,Consumer Cyclical,Auto,2020,20Q1,1127127521.79
US,United States,Consumer Cyclical,Auto,2021,21Q4,392538942.7
US,United States,Consumer Cyclical,Auto,2022,22q1,392538942.7
US,United States,Consumer Cyclical,Auto,2022,22Q2,394891327.9
US,United States,Consumer Cyclical,Auto,2022,22Q3,723632222.52
US,United States,Consumer Cyclical,Auto,2022,22Q4,720309014.28
US,United States,Consumer Cyclical,Auto,2023,23Q1,3257781178.34
US,United States,Consumer Cyclical,Auto,2023,23Q2,714477321.51
US,United States,Consumer Cyclical,Auto,2023,23Q3,713537505.27
US,United States,Consumer Cyclical,Auto,2023,23q4,713068662.69
US,United States,Consumer Cyclical,Auto,2024,24q1,1426449735
US,United States,Consumer Cyclical,Auto,2024,24q2,725137726.83
US,United States,Consumer Cyclical,Auto,2024,24q3,720530295.63
US,United States,Consumer Cyclical,Auto,2024,24q4,720530295.63
US,United States,Consumer Cyclical,Auto,2025,25Q1,1287178915.32
US,United States,Consumer Cyclical,Auto,2025,25q2,730069726.65
US,United States,Consumer Cyclical,Clothing & Durables,2010,10Q1,125381877.8975
US,United States,Consumer Cyclical,Clothing & Durables,2010,10Q2,125392474.705
US,United States,Consumer Cyclical,Clothing & Durables,2010,10Q3,124924617.16
US,United States,Consumer Cyclical,Clothing & Durables,2010,10Q4,267703632.115
US,United States,Consumer Cyclical,Clothing & Durables,2011,11Q1,18188780.325
US,United States,Consumer Cyclical,Clothing & Durables,2011,11Q2,137284897.495
US,United States,Consumer Cyclical,Clothing & Durables,2011,11Q3,137161351.5625
US,United States,Consumer Cyclical,Clothing & Durables,2011,11Q4,133926815.5325
US,United States,Consumer Cyclical,Clothing & Durables,2012,12Q1,150999296.2575
US,United States,Consumer Cyclical,Clothing & Durables,2012,12Q2,150878751.4075
US,United States,Consumer Cyclical,Clothing & Durables,2012,12Q3,150917650.9225
US,United States,Consumer Cyclical,Clothing & Durables,2012,12Q4,273368152.98
US,United States,Consumer Cyclical,Clothing & Durables,2013,13Q1,6427065.36
US,United States,Consumer Cyclical,Clothing & Durables,2013,13Q2,156731213.05
US,United States,Consumer Cyclical,Clothing & Durables,2013,13Q3,176173695.11
US,United States,Consumer Cyclical,Clothing & Durables,2013,13Q4,175544763.36
US,United States,Consumer Cyclical,Clothing & Durables,2014,14Q1,208994372.5125
US,United States,Consumer Cyclical,Clothing & Durables,2014,14Q2,207993597.79
US,United States,Consumer Cyclical,Clothing & Durables,2014,14Q3,216776773.4075
US,United States,Consumer Cyclical,Clothing & Durables,2014,14Q4,214319129.445
US,United States,Consumer Cyclical,Clothing & Durables,2015,15Q1,250954901.8925
US,United States,Consumer Cyclical,Clothing & Durables,2015,15Q2,251512581.805
US,United States,Consumer Cyclical,Clothing & Durables,2015,15Q3,250062720.3525
US,United States,Consumer Cyclical,Clothing & Durables,2015,15Q4,254700380.92
US,United States,Consumer Cyclical,Clothing & Durables,2016,16Q1,284123795.95
US,United States,Consumer Cyclical,Clothing & Durables,2016,16Q2,284417075.67
US,United States,Consumer Cyclical,Clothing & Durables,2016,16Q3,281297189.67
US,United States,Consumer Cyclical,Clothing & Durables,2016,16Q4,291817327.36
US,United States,Consumer Cyclical,Clothing & Durables,2017,17Q1,315748374.87
US,United States,Consumer Cyclical,Clothing & Durables,2017,17Q2,312829734.05
US,United States,Consumer Cyclical,Clothing & Durables,2017,17Q3,311825077.1
US,United States,Consumer Cyclical,Clothing & Durables,2017,17Q4,318499080.715
US,United States,Consumer Cyclical,Clothing & Durables,2018,18Q1,342059798.22
US,United States,Consumer Cyclical,Clothing & Durables,2018,18Q2,344053888.605
US,United States,Consumer Cyclical,Clothing & Durables,2018,18Q3,340954697.11
US,United States,Consumer Cyclical,Clothing & Durables,2018,18Q4,349802256.44
US,United States,Consumer Cyclical,Clothing & Durables,2019,19Q1,378441047
US,United States,Consumer Cyclical,Clothing & Durables,2019,19Q2,374809410.59
US,United States,Consumer Cyclical,Clothing & Durables,2019,19q3,649223663.08
US,United States,Consumer Cyclical,Clothing & Durables,2019,19Q4,105845595.75
US,United States,Consumer Cyclical,Clothing & Durables,2020,20Q1,436675416.865
US,United States,Consumer Cyclical,Clothing & Durables,2020,20Q2,434720422.925
US,United States,Consumer Cyclical,Clothing & Durables,2020,20Q3,433957251.93
US,United States,Consumer Cyclical,Clothing & Durables,2020,20Q4,823951680.99
US,United States,Consumer Cyclical,Clothing & Durables,2021,21Q1,179038444.78
US,United States,Consumer Cyclical,Clothing & Durables,2021,21q2,527918672.975
US,United States,Consumer Cyclical,Clothing & Durables,2021,21q3,528005017.64
US,United States,Consumer Cyclical,Clothing & Durables,2021,21Q4,1054497869.43
US,United States,Consumer Cyclical,Clothing & Durables,2022,22q1,344891028.525
US,United States,Consumer Cyclical,Clothing & Durables,2022,22Q2,836763678.845
US,United States,Consumer Cyclical,Clothing & Durables,2022,22Q3,737203676.55
US,United States,Consumer Cyclical,Clothing & Durables,2022,22Q4,1171370150.775
US,United States,Consumer Cyclical,Clothing & Durables,2023,23Q1,357069062.45
US,United States,Consumer Cyclical,Clothing & Durables,2023,23Q2,779490902.525
US,United States,Consumer Cyclical,Clothing & Durables,2023,23Q3,773653974.475
US,United States,Consumer Cyclical,Clothing & Durables,2023,23q4,785070686.82
US,United States,Consumer Cyclical,Clothing & Durables,2024,24q1,859128159.02
US,United States,Consumer Cyclical,Clothing & Durables,2024,24q2,860591495.41
US,United States,Consumer Cyclical,Clothing & Durables,2024,24q3,853072925
US,United States,Consumer Cyclical,Clothing & Durables,2024,24q4,879945090.29
US,United States,Consumer Cyclical,Clothing & Durables,2025,25Q1,913347561.21
US,United States,Consumer Cyclical,Clothing & Durables,2025,25q2,929288466.44
US,United States,Consumer Cyclical,General Retail,2010,10Q1,749682554.23375
US,United States,Consumer Cyclical,General Retail,2010,10Q2,756701769.715
US,United States,Consumer Cyclical,General Retail,2010,10Q3,781933739.145
US,United States,Consumer Cyclical,General Retail,2010,10Q4,771741539.46
US,United States,Consumer Cyclical,General Retail,2011,11Q1,797085033.57
US,United States,Consumer Cyclical,General Retail,2011,11Q2,809029999.81
US,United States,Consumer Cyclical,General Retail,2011,11Q3,834691637.26
US,United States,Consumer Cyclical,General Retail,2011,11Q4,933074315.07
US,United States,Consumer Cyclical,General Retail,2012,12Q1,888791534.105
US,United States,Consumer Cyclical,General Retail,2012,12Q2,928827652.36
US,United States,Consumer Cyclical,General Retail,2012,12Q3,933347111.425
US,United States,Consumer Cyclical,General Retail,2012,12Q4,1175553095.545
US,United States,Consumer Cyclical,General Retail,2013,13Q1,1017115352.535
US,United States,Consumer Cyclical,General Retail,2013,13Q2,1102300087.5975
US,United States,Consumer Cyclical,General Retail,2013,13Q3,1109327136.179
US,United States,Consumer Cyclical,General Retail,2013,13Q4,1153772305.939
US,United States,Consumer Cyclical,General Retail,2014,14Q1,1141341210.484
US,United States,Consumer Cyclical,General Retail,2014,14Q2,1220899919.007
US,United States,Consumer Cyclical,General Retail,2014,14Q3,1254966251.827
US,United States,Consumer Cyclical,General Retail,2014,14Q4,1311031219.012
US,United States,Consumer Cyclical,General Retail,2015,15Q1,1334709546.0445
US,United States,Consumer Cyclical,General Retail,2015,15Q2,1618064696.306
US,United States,Consumer Cyclical,General Retail,2015,15Q3,1470876722.6135
US,United States,Consumer Cyclical,General Retail,2015,15Q4,1533250827.647
US,United States,Consumer Cyclical,General Retail,2016,16Q1,1495556832.3145
US,United States,Consumer Cyclical,General Retail,2016,16Q2,1782150343.87625
US,United States,Consumer Cyclical,General Retail,2016,16Q3,1673733245.12125
US,United States,Consumer Cyclical,General Retail,2016,16Q4,1741195325.225
US,United States,Consumer Cyclical,General Retail,2017,17Q1,1803244061.1575
US,United States,Consumer Cyclical,General Retail,2017,17Q2,1938067497.8925
US,United States,Consumer Cyclical,General Retail,2017,17Q3,1963253036.0075
US,United States,Consumer Cyclical,General Retail,2017,17Q4,2042347925.3175
US,United States,Consumer Cyclical,General Retail,2018,18Q1,2020744767.8175
US,United States,Consumer Cyclical,General Retail,2018,18Q2,2197640897.21
US,United States,Consumer Cyclical,General Retail,2018,18Q3,2236582083.875
US,United States,Consumer Cyclical,General Retail,2018,18Q4,2332734650.735
US,United States,Consumer Cyclical,General Retail,2019,19Q1,2564918464.11
US,United States,Consumer Cyclical,General Retail,2019,19Q2,2738532452.6575
US,United States,Consumer Cyclical,General Retail,2019,19q3,2772178770.3675
US,United States,Consumer Cyclical,General Retail,2019,19Q4,2751727035.3625
US,United States,Consumer Cyclical,General Retail,2020,20Q1,2899300096.39
US,United States,Consumer Cyclical,General Retail,2020,20Q2,2519123161.9375
US,United States,Consumer Cyclical,General Retail,2020,20Q3,2524924348.5275
US,United States,Consumer Cyclical,General Retail,2020,20Q4,2566629785.265
US,United States,Consumer Cyclical,General Retail,2021,21Q1,3156922008.53
US,United States,Consumer Cyclical,General Retail,2021,21q2,3181804674.305
US,United States,Consumer Cyclical,General Retail,2021,21q3,3653060559.83
US,United States,Consumer Cyclical,General Retail,2021,21Q4,3340652870.52
US,United States,Consumer Cyclical,General Retail,2022,22q1,3624615443.32
US,United States,Consumer Cyclical,General Retail,2022,22Q2,3681053537.695
US,United States,Consumer Cyclical,General Retail,2022,22Q3,3806174371.86
US,United States,Consumer Cyclical,General Retail,2022,22Q4,3783453685.06
US,United States,Consumer Cyclical,General Retail,2023,23Q1,4017231492.78
US,United States,Consumer Cyclical,General Retail,2023,23Q2,4043941200.27
US,United States,Consumer Cyclical,General Retail,2023,23Q3,4046101068.8675
US,United States,Consumer Cyclical,General Retail,2023,23q4,4021621797.145
US,United States,Consumer Cyclical,General Retail,2024,24q1,4135332547.575
US,United States,Consumer Cyclical,General Retail,2024,24q2,4331119641.81
US,United States,Consumer Cyclical,General Retail,2024,24q3,4190246603.09
US,United States,Consumer Cyclical,General Retail,2024,24q4,4343888269.4025
US,United States,Consumer Cyclical,General Retail,2025,25Q1,4281593790.6
US,United States,Consumer Cyclical,General Retail,2025,25q2,4481389701.605
US,United States,Consumer Cyclical,Household services,2010,10Q1,805862846.36
US,United States,Consumer Cyclical,Household services,2010,10Q2,880242693.67
US,United States,Consumer Cyclical,Household services,2010,10Q3,905220493.94
US,United States,Consumer Cyclical,Household services,2010,10Q4,982279670.65
US,United States,Consumer Cyclical,Household services,2011,11Q1,1068187220.21
US,United States,Consumer Cyclical,Household services,2011,11Q2,1064300736.64
US,United States,Consumer Cyclical,Household services,2011,11Q3,1095540207.08
US,United States,Consumer Cyclical,Household services,2011,11Q4,1196650482.265
US,United States,Consumer Cyclical,Household services,2012,12Q1,1414405190.975
US,United States,Consumer Cyclical,Household services,2012,12Q2,1413534234.545
US,United States,Consumer Cyclical,Household services,2012,12Q3,1406973645.175
US,United States,Consumer Cyclical,Household services,2012,12Q4,4192754231.82
US,United States,Consumer Cyclical,Household services,2013,13Q1,1624395776.13
US,United States,Consumer Cyclical,Household services,2013,13Q2,1631374317.16
US,United States,Consumer Cyclical,Household services,2013,13Q3,1603645368.235
US,United States,Consumer Cyclical,Household services,2013,13Q4,1796781784.6
US,United States,Consumer Cyclical,Household services,2014,14Q1,1967555803
US,United States,Consumer Cyclical,Household services,2014,14Q2,1915475088.87
US,United States,Consumer Cyclical,Household services,2014,14Q3,1856282618.03
US,United States,Consumer Cyclical,Household services,2014,14Q4,2019425000.96
US,United States,Consumer Cyclical,Household services,2015,15Q1,2180190276.21
US,United States,Consumer Cyclical,Household services,2015,15Q2,2559227590.1504
US,United States,Consumer Cyclical,Household services,2015,15Q3,2158335148.21
US,United States,Consumer Cyclical,Household services,2015,15Q4,2321378281.51
US,United States,Consumer Cyclical,Household services,2016,16Q1,2435791206.94
US,United States,Consumer Cyclical,Household services,2016,16Q2,2352787893.78
US,United States,Consumer Cyclical,Household services,2016,16Q3,2249122222.94
US,United States,Consumer Cyclical,Household services,2016,16Q4,2486494268.07
US,United States,Consumer Cyclical,Household services,2017,17Q1,2386886042.04
US,United States,Consumer Cyclical,Household services,2017,17Q2,2412641242.01
US,United States,Consumer Cyclical,Household services,2017,17Q3,2414600097.35
US,United States,Consumer Cyclical,Household services,2017,17Q4,2581774182.65
US,United States,Consumer Cyclical,Household services,2018,18Q1,2602059063.82
US,United States,Consumer Cyclical,Household services,2018,18Q2,2626804299.54
US,United States,Consumer Cyclical,Household services,2018,18Q3,2696706621.15
US,United States,Consumer Cyclical,Household services,2018,18Q4,2778093507.7
US,United States,Consumer Cyclical,Household services,2019,19Q1,2795206909.9
US,United States,Consumer Cyclical,Household services,2019,19Q2,2801745437.61
US,United States,Consumer Cyclical,Household services,2019,19q3,2805771057.55
US,United States,Consumer Cyclical,Household services,2019,19Q4,2932461898.01
US,United States,Consumer Cyclical,Household services,2020,20Q1,2942101114.52
US,United States,Consumer Cyclical,Household services,2020,20Q2,1712931646.82
US,United States,Consumer Cyclical,Household services,2020,20Q3,1551075968.13
US,United States,Consumer Cyclical,Household services,2020,20Q4,1668087177.53
US,United States,Consumer Cyclical,Household services,2021,21Q1,1690628555.34
US,United States,Consumer Cyclical,Household services,2021,21q2,1755989189.82
US,United States,Consumer Cyclical,Household services,2021,21q3,1785627823.05
US,United States,Consumer Cyclical,Household services,2021,21Q4,1898287744.06
US,United States,Consumer Cyclical,Household services,2022,22q1,1897375824.25
US,United States,Consumer Cyclical,Household services,2022,22Q2,2022246177.83
US,United States,Consumer Cyclical,Household services,2022,22Q3,2028188598.94
US,United States,Consumer Cyclical,Household services,2022,22Q4,2197240988.6
US,United States,Consumer Cyclical,Household services,2023,23Q1,2200949093.995
US,United States,Consumer Cyclical,Household services,2023,23Q2,2237474400.995
US,United States,Consumer Cyclical,Household services,2023,23Q3,2396854750.615
US,United States,Consumer Cyclical,Household services,2023,23q4,2542114815.675
US,United States,Consumer Cyclical,Household services,2024,24q1,2892553512.17
US,United States,Consumer Cyclical,Household services,2024,24q2,2916037045.51
US,United States,Consumer Cyclical,Household services,2024,24q3,2912068015.78
US,United States,Consumer Cyclical,Household services,2024,24q4,3125163100.58
US,United States,Consumer Cyclical,Household services,2025,25Q1,3280399321.08
US,United States,Consumer Cyclical,Household services,2025,25q2,3142723664.76
US,United States,Consumer Defensive,Food Retail,2010,10Q1,1454944432.6525
US,United States,Consumer Defensive,Food Retail,2010,10Q2,2724372661.0275
US,United States,Consumer Defensive,Food Retail,2010,10Q3,1605201945.4575
US,United States,Consumer Defensive,Food Retail,2010,10Q4,483047322.855
US,United States,Consumer Defensive,Food Retail,2011,11Q1,1562908069.76
US,United States,Consumer Defensive,Food Retail,2011,11Q2,3069198408.565
US,United States,Consumer Defensive,Food Retail,2011,11Q3,1794544551.355
US,United States,Consumer Defensive,Food Retail,2011,11Q4,528622491.785
US,United States,Consumer Defensive,Food Retail,2012,12Q1,1780203782.895
US,United States,Consumer Defensive,Food Retail,2012,12Q2,3253373835.85
US,United States,Consumer Defensive,Food Retail,2012,12Q3,1922681081.505
US,United States,Consumer Defensive,Food Retail,2012,12Q4,4964337586.3625
US,United States,Consumer Defensive,Food Retail,2013,13Q1,596435975.21
US,United States,Consumer Defensive,Food Retail,2013,13Q2,3726797001.14
US,United States,Consumer Defensive,Food Retail,2013,13Q3,2195255531.9
US,United States,Consumer Defensive,Food Retail,2013,13Q4,656135339.71
US,United States,Consumer Defensive,Food Retail,2014,14Q1,2182809195.12
US,United States,Consumer Defensive,Food Retail,2014,14Q2,3784723879.955
US,United States,Consumer Defensive,Food Retail,2014,14Q3,2282648377.85
US,United States,Consumer Defensive,Food Retail,2014,14Q4,746092290.98
US,United States,Consumer Defensive,Food Retail,2015,15Q1,4796640579.4725
US,United States,Consumer Defensive,Food Retail,2015,15Q2,4372888718.6225
US,United States,Consumer Defensive,Food Retail,2015,15Q3,2863958482.2
US,United States,Consumer Defensive,Food Retail,2015,15Q4,1200724036.165
US,United States,Consumer Defensive,Food Retail,2016,16Q1,2819527542.375
US,United States,Consumer Defensive,Food Retail,2016,16Q2,4516497594.705
US,United States,Consumer Defensive,Food Retail,2016,16Q3,2877908311.545
US,United States,Consumer Defensive,Food Retail,2016,16Q4,1232035039.535
US,United States,Consumer Defensive,Food Retail,2017,17Q1,2838177552.27
US,United States,Consumer Defensive,Food Retail,2017,17Q2,7501051528.47
US,United States,Consumer Defensive,Food Retail,2017,17Q3,2886870978.785
US,United States,Consumer Defensive,Food Retail,2017,17Q4,1314079155.535
US,United States,Consumer Defensive,Food Retail,2018,18Q1,2844704798.78
US,United States,Consumer Defensive,Food Retail,2018,18Q2,4435076273.51
US,United States,Consumer Defensive,Food Retail,2018,18Q3,2938957361.56
US,United States,Consumer Defensive,Food Retail,2018,18Q4,1380367530.81
US,United States,Consumer Defensive,Food Retail,2019,19Q1,2901541642.86
US,United States,Consumer Defensive,Food Retail,2019,19Q2,4473627613.98
US,United States,Consumer Defensive,Food Retail,2019,19q3,2961116046.2125
US,United States,Consumer Defensive,Food Retail,2019,19Q4,1441531339.905
US,United States,Consumer Defensive,Food Retail,2020,20Q1,2969741453.89
US,United States,Consumer Defensive,Food Retail,2020,20Q2,4545114063.5025
US,United States,Consumer Defensive,Food Retail,2020,20Q3,3043455425.3775
US,United States,Consumer Defensive,Food Retail,2020,20Q4,5989035408.345
US,United States,Consumer Defensive,Food Retail,2021,21Q1,3083355774.3125
US,United States,Consumer Defensive,Food Retail,2021,21q2,4702404933.645
US,United States,Consumer Defensive,Food Retail,2021,21q3,3291918621.975
US,United States,Consumer Defensive,Food Retail,2021,21Q4,1752584689.195
US,United States,Consumer Defensive,Food Retail,2022,22q1,3268092604.2625
US,United States,Consumer Defensive,Food Retail,2022,22Q2,4897822385.69
US,United States,Consumer Defensive,Food Retail,2022,22Q3,3473711172.58
US,United States,Consumer Defensive,Food Retail,2022,22Q4,1933231082.3
US,United States,Consumer Defensive,Food Retail,2023,23Q1,7107535758.45
US,United States,Consumer Defensive,Food Retail,2023,23Q2,5072446330.9
US,United States,Consumer Defensive,Food Retail,2023,23Q3,3568939228.63
US,United States,Consumer Defensive,Food Retail,2023,23q4,2033353020.45
US,United States,Consumer Defensive,Food Retail,2024,24q1,10025971245.19
US,United States,Consumer Defensive,Food Retail,2024,24q2,5240227268.7
US,United States,Consumer Defensive,Food Retail,2024,24q3,3601453610.535
US,United States,Consumer Defensive,Food Retail,2024,24q4,1927032646.37
US,United States,Consumer Defensive,Food Retail,2025,25Q1,3393796042.6025
US,United States,Consumer Defensive,Food Retail,2025,25q2,5526963533.015
US,United States,Consumer Defensive,"Food, drink & Tobacco",2010,10Q1,2558556120.115
US,United States,Consumer Defensive,"Food, drink & Tobacco",2010,10Q2,3599118589.79
US,United States,Consumer Defensive,"Food, drink & Tobacco",2010,10Q3,3615544423.02
US,United States,Consumer Defensive,"Food, drink & Tobacco",2010,10Q4,4923177320.35
US,United States,Consumer Defensive,"Food, drink & Tobacco",2011,11Q1,2751221889.9
US,United States,Consumer Defensive,"Food, drink & Tobacco",2011,11Q2,3847318335.185
US,United States,Consumer Defensive,"Food, drink & Tobacco",2011,11Q3,3874054128.3375
US,United States,Consumer Defensive,"Food, drink & Tobacco",2011,11Q4,5250694882.0525
US,United States,Consumer Defensive,"Food, drink & Tobacco",2012,12Q1,3038854456.82
US,United States,Consumer Defensive,"Food, drink & Tobacco",2012,12Q2,4201423584.88
US,United States,Consumer Defensive,"Food, drink & Tobacco",2012,12Q3,4639472342.765
US,United States,Consumer Defensive,"Food, drink & Tobacco",2012,12Q4,6061222171.4866
US,United States,Consumer Defensive,"Food, drink & Tobacco",2013,13Q1,3455824581.87
US,United States,Consumer Defensive,"Food, drink & Tobacco",2013,13Q2,4708708672.9
US,United States,Consumer Defensive,"Food, drink & Tobacco",2013,13Q3,4761430217.035
US,United States,Consumer Defensive,"Food, drink & Tobacco",2013,13Q4,6260410620.245
US,United States,Consumer Defensive,"Food, drink & Tobacco",2014,14Q1,3739114453.435
US,United States,Consumer Defensive,"Food, drink & Tobacco",2014,14Q2,5100300278.54
US,United States,Consumer Defensive,"Food, drink & Tobacco",2014,14Q3,5112822546.325
US,United States,Consumer Defensive,"Food, drink & Tobacco",2014,14Q4,6666739007.425
US,United States,Consumer Defensive,"Food, drink & Tobacco",2015,15Q1,3961410357.875
US,United States,Consumer Defensive,"Food, drink & Tobacco",2015,15Q2,5491648916.07
US,United States,Consumer Defensive,"Food, drink & Tobacco",2015,15Q3,6152420460.451
US,United States,Consumer Defensive,"Food, drink & Tobacco",2015,15Q4,7826743675.991
US,United States,Consumer Defensive,"Food, drink & Tobacco",2016,16Q1,4908400450.507
US,United States,Consumer Defensive,"Food, drink & Tobacco",2016,16Q2,6484315784.013
US,United States,Consumer Defensive,"Food, drink & Tobacco",2016,16Q3,6517674429.231
US,United States,Consumer Defensive,"Food, drink & Tobacco",2016,16Q4,8949682250.632
US,United States,Consumer Defensive,"Food, drink & Tobacco",2017,17Q1,5193745568.405
US,United States,Consumer Defensive,"Food, drink & Tobacco",2017,17Q2,6741712719.578
US,United States,Consumer Defensive,"Food, drink & Tobacco",2017,17Q3,6831468963.8445
US,United States,Consumer Defensive,"Food, drink & Tobacco",2017,17Q4,8595087143.149
US,United States,Consumer Defensive,"Food, drink & Tobacco",2018,18Q1,6606185735.052
US,United States,Consumer Defensive,"Food, drink & Tobacco",2018,18Q2,8865943060.615
US,United States,Consumer Defensive,"Food, drink & Tobacco",2018,18Q3,8689650820.5775
US,United States,Consumer Defensive,"Food, drink & Tobacco",2018,18Q4,9301230462.1715
US,United States,Consumer Defensive,"Food, drink & Tobacco",2019,19Q1,8358636786.126
US,United States,Consumer Defensive,"Food, drink & Tobacco",2019,19Q2,8792669759.525
US,United States,Consumer Defensive,"Food, drink & Tobacco",2019,19q3,8829335461.8725
US,United States,Consumer Defensive,"Food, drink & Tobacco",2019,19Q4,9383084945.4715
US,United States,Consumer Defensive,"Food, drink & Tobacco",2020,20Q1,8644645666.6276
US,United States,Consumer Defensive,"Food, drink & Tobacco",2020,20Q2,9043940311.4032
US,United States,Consumer Defensive,"Food, drink & Tobacco",2020,20Q3,9050188401.1679
US,United States,Consumer Defensive,"Food, drink & Tobacco",2020,20Q4,9788041850.1399
US,United States,Consumer Defensive,"Food, drink & Tobacco",2021,21Q1,9069407760.2805
US,United States,Consumer Defensive,"Food, drink & Tobacco",2021,21q2,9574179499.7855
US,United States,Consumer Defensive,"Food, drink & Tobacco",2021,21q3,9733354567.135
US,United States,Consumer Defensive,"Food, drink & Tobacco",2021,21Q4,10564938769.8515
US,United States,Consumer Defensive,"Food, drink & Tobacco",2022,22q1,9635216413.1625
US,United States,Consumer Defensive,"Food, drink & Tobacco",2022,22Q2,10140099263.1815
US,United States,Consumer Defensive,"Food, drink & Tobacco",2022,22Q3,10195371070.9585
US,United States,Consumer Defensive,"Food, drink & Tobacco",2022,22Q4,10587628058.6505
US,United States,Consumer Defensive,"Food, drink & Tobacco",2023,23Q1,10078971429.1695
US,United States,Consumer Defensive,"Food, drink & Tobacco",2023,23Q2,10651019114.5205
US,United States,Consumer Defensive,"Food, drink & Tobacco",2023,23Q3,10716221242.001
US,United States,Consumer Defensive,"Food, drink & Tobacco",2023,23q4,11127229204.4635
US,United States,Consumer Defensive,"Food, drink & Tobacco",2024,24q1,10795322504.3994
US,United States,Consumer Defensive,"Food, drink & Tobacco",2024,24q2,11259110881.8444
US,United States,Consumer Defensive,"Food, drink & Tobacco",2024,24q3,11195713164.4344
US,United States,Consumer Defensive,"Food, drink & Tobacco",2024,24q4,11641301632.2823
US,United States,Consumer Defensive,"Food, drink & Tobacco",2025,25Q1,11183073960.4285
US,United States,Consumer Defensive,"Food, drink & Tobacco",2025,25q2,11589758545.543
US,United States,Consumer Defensive,Household products,2010,10Q1,1576753279.4
US,United States,Consumer Defensive,Household products,2010,10Q2,1727822212.3268
US,United States,Consumer Defensive,Household products,2010,10Q3,1734651837.9268
US,United States,Consumer Defensive,Household products,2010,10Q4,1782545292.371
US,United States,Consumer Defensive,Household products,2011,11Q1,1705110999.63
US,United States,Consumer Defensive,Household products,2011,11Q2,1834473302.71
US,United States,Consumer Defensive,Household products,2011,11Q3,1852004128.11
US,United States,Consumer Defensive,Household products,2011,11Q4,1951050668.92
US,United States,Consumer Defensive,Household products,2012,12Q1,1840254067.83
US,United States,Consumer Defensive,Household products,2012,12Q2,1947050035.188
US,United States,Consumer Defensive,Household products,2012,12Q3,1950580736.208
US,United States,Consumer Defensive,Household products,2012,12Q4,2117413768.64
US,United States,Consumer Defensive,Household products,2013,13Q1,1993439350.164
US,United States,Consumer Defensive,Household products,2013,13Q2,2131214564.2085
US,United States,Consumer Defensive,Household products,2013,13Q3,1982337093.4685
US,United States,Consumer Defensive,Household products,2013,13Q4,2128914442.8635
US,United States,Consumer Defensive,Household products,2014,14Q1,2127852197.5415
US,United States,Consumer Defensive,Household products,2014,14Q2,2252280531.8636
US,United States,Consumer Defensive,Household products,2014,14Q3,2253452884.0536
US,United States,Consumer Defensive,Household products,2014,14Q4,2259805163.2688
US,United States,Consumer Defensive,Household products,2015,15Q1,2261953406.8614
US,United States,Consumer Defensive,Household products,2015,15Q2,2338500402.441
US,United States,Consumer Defensive,Household products,2015,15Q3,2339576321.821
US,United States,Consumer Defensive,Household products,2015,15Q4,2354397847.0497
US,United States,Consumer Defensive,Household products,2016,16Q1,2346483830.219
US,United States,Consumer Defensive,Household products,2016,16Q2,2342390702.5925
US,United States,Consumer Defensive,Household products,2016,16Q3,2345270894.0725
US,United States,Consumer Defensive,Household products,2016,16Q4,2362697467.4455
US,United States,Consumer Defensive,Household products,2017,17Q1,2285520489.92
US,United States,Consumer Defensive,Household products,2017,17Q2,2343135129.9448
US,United States,Consumer Defensive,Household products,2017,17Q3,2347890825.9148
US,United States,Consumer Defensive,Household products,2017,17Q4,2343047966.308
US,United States,Consumer Defensive,Household products,2018,18Q1,2338116267.6226
US,United States,Consumer Defensive,Household products,2018,18Q2,2432510961.6197
US,United States,Consumer Defensive,Household products,2018,18Q3,2429433848.1347
US,United States,Consumer Defensive,Household products,2018,18Q4,2421770750.3938
US,United States,Consumer Defensive,Household products,2019,19Q1,2431312805.2598
US,United States,Consumer Defensive,Household products,2019,19Q2,2512699372.8601
US,United States,Consumer Defensive,Household products,2019,19q3,2524531345.0476
US,United States,Consumer Defensive,Household products,2019,19Q4,2524350353.3157
US,United States,Consumer Defensive,Household products,2020,20Q1,2508771072.4956
US,United States,Consumer Defensive,Household products,2020,20Q2,2526867233.9391
US,United States,Consumer Defensive,Household products,2020,20Q3,2642471826.7491
US,United States,Consumer Defensive,Household products,2020,20Q4,2657387430.8551
US,United States,Consumer Defensive,Household products,2021,21Q1,2648356454.3633
US,United States,Consumer Defensive,Household products,2021,21q2,2833040645.2178
US,United States,Consumer Defensive,Household products,2021,21q3,2838839131.0203
US,United States,Consumer Defensive,Household products,2021,21Q4,2827344013.8912
US,United States,Consumer Defensive,Household products,2022,22q1,2830216973.1512
US,United States,Consumer Defensive,Household products,2022,22Q2,2930693798.5778
US,United States,Consumer Defensive,Household products,2022,22Q3,2931227337.0803
US,United States,Consumer Defensive,Household products,2022,22Q4,2933744435.9119
US,United States,Consumer Defensive,Household products,2023,23Q1,2912325080.2693
US,United States,Consumer Defensive,Household products,2023,23Q2,2980866328.4454
US,United States,Consumer Defensive,Household products,2023,23Q3,3365849061.7854
US,United States,Consumer Defensive,Household products,2023,23q4,3364671511.8177
US,United States,Consumer Defensive,Household products,2024,24q1,3367174576.84895
US,United States,Consumer Defensive,Household products,2024,24q2,3540863339.043
US,United States,Consumer Defensive,Household products,2024,24q3,3551103294.19675
US,United States,Consumer Defensive,Household products,2024,24q4,3479389243.02925
US,United States,Consumer Defensive,Household products,2025,25Q1,3466488146.316
US,United States,Consumer Defensive,Household products,2025,25q2,3597455895.8012
US,United States,Financial,Banks,2010,10Q1,922750630
US,United States,Financial,Banks,2010,10Q2,932162460.73
US,United States,Financial,Banks,2010,10Q3,935061449.32
US,United States,Financial,Banks,2010,10Q4,936576531.69
US,United States,Financial,Banks,2011,11Q1,1304306972.83
US,United States,Financial,Banks,2011,11Q2,2495251741.99
US,United States,Financial,Banks,2011,11Q3,2489444743.195
US,United States,Financial,Banks,2011,11Q4,2513867289.97
US,United States,Financial,Banks,2012,12Q1,3021772479.17
US,United States,Financial,Banks,2012,12Q2,3434904144.13
US,United States,Financial,Banks,2012,12Q3,3419597721.34
US,United States,Financial,Banks,2012,12Q4,3437870572.39
US,United States,Financial,Banks,2013,13Q1,3748589723.23
US,United States,Financial,Banks,2013,13Q2,3912978860.945
US,United States,Financial,Banks,2013,13Q3,4320330106.215
US,United States,Financial,Banks,2013,13Q4,4293381203.735
US,United States,Financial,Banks,2014,14Q1,4292758268.765
US,United States,Financial,Banks,2014,14Q2,4601816045.49
US,United States,Financial,Banks,2014,14Q3,5134258152.215
US,United States,Financial,Banks,2014,14Q4,5168277910.29
US,United States,Financial,Banks,2015,15Q1,5149432369.07
US,United States,Financial,Banks,2015,15Q2,5425246211.73
US,United States,Financial,Banks,2015,15Q3,5586448005.84
US,United States,Financial,Banks,2015,15Q4,5571239609.87
US,United States,Financial,Banks,2016,16Q1,5571917457.67
US,United States,Financial,Banks,2016,16Q2,5599881322.57
US,United States,Financial,Banks,2016,16Q3,6325528689.3
US,United States,Financial,Banks,2016,16Q4,6335999030.13
US,United States,Financial,Banks,2017,17Q1,6439609945.295
US,United States,Financial,Banks,2017,17Q2,6417776724.62
US,United States,Financial,Banks,2017,17Q3,7462134285.67
US,United States,Financial,Banks,2017,17Q4,7607145765.235
US,United States,Financial,Banks,2018,18Q1,7732726209.97
US,United States,Financial,Banks,2018,18Q2,7674428829.87
US,United States,Financial,Banks,2018,18Q3,8639191877.715
US,United States,Financial,Banks,2018,18Q4,9522266826.81
US,United States,Financial,Banks,2019,19Q1,9532753885.01
US,United States,Financial,Banks,2019,19Q2,9309565979.02
US,United States,Financial,Banks,2019,19q3,10038738514.115
US,United States,Financial,Banks,2019,19Q4,10209101092.245
US,United States,Financial,Banks,2020,20Q1,10359261047.18
US,United States,Financial,Banks,2020,20Q2,10180309321.86
US,United States,Financial,Banks,2020,20Q3,8487916383.36
US,United States,Financial,Banks,2020,20Q4,8488761244.915
US,United States,Financial,Banks,2021,21Q1,8482216298.915
US,United States,Financial,Banks,2021,21q2,8448033148.57
US,United States,Financial,Banks,2021,21q3,9129316820.69
US,United States,Financial,Banks,2021,21Q4,9480001302.825
US,United States,Financial,Banks,2022,22q1,9632470085.85
US,United States,Financial,Banks,2022,22Q2,9722513669.81
US,United States,Financial,Banks,2022,22Q3,10018913938.82
US,United States,Financial,Banks,2022,22Q4,10099589844.115
US,United States,Financial,Banks,2023,23Q1,10100655616.24
US,United States,Financial,Banks,2023,23Q2,10078517166.335
US,United States,Financial,Banks,2023,23Q3,9782254989.36
US,United States,Financial,Banks,2023,23q4,10580514538.265
US,United States,Financial,Banks,2024,24q1,10595468579.155
US,United States,Financial,Banks,2024,24q2,10801891798.93
US,United States,Financial,Banks,2024,24q3,11129095974.73
US,United States,Financial,Banks,2024,24q4,11412215383.76
US,United States,Financial,Banks,2025,25Q1,11372335224.06
US,United States,Financial,Banks,2025,25q2,11636756902.565
US,United States,Financial,General Financial,2010,10Q1,1641503065.16
US,United States,Financial,General Financial,2010,10Q2,1668043402.185
US,United States,Financial,General Financial,2010,10Q3,1669225429.695
US,United States,Financial,General Financial,2010,10Q4,1813293282.865
US,United States,Financial,General Financial,2011,11Q1,1867242945.76
US,United States,Financial,General Financial,2011,11Q2,2176115033.155
US,United States,Financial,General Financial,2011,11Q3,2177751849.42
US,United States,Financial,General Financial,2011,11Q4,2766755681.215
US,United States,Financial,General Financial,2012,12Q1,2575852079.56
US,United States,Financial,General Financial,2012,12Q2,2804695545.42
US,United States,Financial,General Financial,2012,12Q3,2605462725.265
US,United States,Financial,General Financial,2012,12Q4,4927446388.15
US,United States,Financial,General Financial,2013,13Q1,2544937142.385
US,United States,Financial,General Financial,2013,13Q2,2943421118.065
US,United States,Financial,General Financial,2013,13Q3,2900883730.63
US,United States,Financial,General Financial,2013,13Q4,2946513557.29
US,United States,Financial,General Financial,2014,14Q1,3989362137.71
US,United States,Financial,General Financial,2014,14Q2,3255406491.28
US,United States,Financial,General Financial,2014,14Q3,3251625679.06
US,United States,Financial,General Financial,2014,14Q4,3317269465.87
US,United States,Financial,General Financial,2015,15Q1,4505246357.38
US,United States,Financial,General Financial,2015,15Q2,4264243162.76
US,United States,Financial,General Financial,2015,15Q3,3745674779.13
US,United States,Financial,General Financial,2015,15Q4,3752039632.89
US,United States,Financial,General Financial,2016,16Q1,4904809412.16
US,United States,Financial,General Financial,2016,16Q2,3923420556.04
US,United States,Financial,General Financial,2016,16Q3,4159227312.04573
US,United States,Financial,General Financial,2016,16Q4,4075572456.11466
US,United States,Financial,General Financial,2017,17Q1,5496600239.51
US,United States,Financial,General Financial,2017,17Q2,4451425583.0637
US,United States,Financial,General Financial,2017,17Q3,4589893522.785
US,United States,Financial,General Financial,2017,17Q4,4685598273.125
US,United States,Financial,General Financial,2018,18Q1,6215290822.87
US,United States,Financial,General Financial,2018,18Q2,6684344813.33
US,United States,Financial,General Financial,2018,18Q3,5566418524.29816
US,United States,Financial,General Financial,2018,18Q4,5220769069.48714
US,United States,Financial,General Financial,2019,19Q1,6031005926.04
US,United States,Financial,General Financial,2019,19Q2,5424072703.16
US,United States,Financial,General Financial,2019,19q3,6041902641.025
US,United States,Financial,General Financial,2019,19Q4,6220486437.345
US,United States,Financial,General Financial,2020,20Q1,7932928509.97
US,United States,Financial,General Financial,2020,20Q2,6832525970.395
US,United States,Financial,General Financial,2020,20Q3,6595000734.19
US,United States,Financial,General Financial,2020,20Q4,6834626546.09
US,United States,Financial,General Financial,2021,21Q1,8570542669.04
US,United States,Financial,General Financial,2021,21q2,7611210147.06
US,United States,Financial,General Financial,2021,21q3,9501746675.06
US,United States,Financial,General Financial,2021,21Q4,8833532383.22
US,United States,Financial,General Financial,2022,22q1,10945841515.04
US,United States,Financial,General Financial,2022,22Q2,9849920719.065
US,United States,Financial,General Financial,2022,22Q3,10266922875.765
US,United States,Financial,General Financial,2022,22Q4,11472497275.675
US,United States,Financial,General Financial,2023,23Q1,12293868474.31
US,United States,Financial,General Financial,2023,23Q2,11004082143.39
US,United States,Financial,General Financial,2023,23Q3,10747949293.54
US,United States,Financial,General Financial,2023,23q4,11573487929.42
US,United States,Financial,General Financial,2024,24q1,12983089043.05
US,United States,Financial,General Financial,2024,24q2,11122042121.505
US,United States,Financial,General Financial,2024,24q3,11309451230.8525
US,United States,Financial,General Financial,2024,24q4,11521667121
US,United States,Financial,General Financial,2025,25Q1,14301025622.03
US,United States,Financial,General Financial,2025,25q2,11987756789.685
US,United States,Financial,Insurance,2010,10Q1,975908016.0847
US,United States,Financial,Insurance,2010,10Q2,876755199.43
US,United States,Financial,Insurance,2010,10Q3,880086644.52
US,United States,Financial,Insurance,2010,10Q4,2831476800.4625
US,United States,Financial,Insurance,2011,11Q1,1138764448.3651
US,United States,Financial,Insurance,2011,11Q2,926742436.9475
US,United States,Financial,Insurance,2011,11Q3,939914295.2125
US,United States,Financial,Insurance,2011,11Q4,2444678547.1025
US,United States,Financial,Insurance,2012,12Q1,1220118772.949
US,United States,Financial,Insurance,2012,12Q2,1006969097.62
US,United States,Financial,Insurance,2012,12Q3,1015769417.0025
US,United States,Financial,Insurance,2012,12Q4,3782967758.0025
US,United States,Financial,Insurance,2013,13Q1,1276828496.7915
US,United States,Financial,Insurance,2013,13Q2,1543129728.32
US,United States,Financial,Insurance,2013,13Q3,1708794757.35
US,United States,Financial,Insurance,2013,13Q4,1920528374.2325
US,United States,Financial,Insurance,2014,14Q1,2770712755.4466
US,United States,Financial,Insurance,2014,14Q2,2002473543.6525
US,United States,Financial,Insurance,2014,14Q3,2063808408.22
US,United States,Financial,Insurance,2014,14Q4,2346106847.01
US,United States,Financial,Insurance,2015,15Q1,2490767504.7953
US,United States,Financial,Insurance,2015,15Q2,2142185373.0455
US,United States,Financial,Insurance,2015,15Q3,2361019307.1305
US,United States,Financial,Insurance,2015,15Q4,2651729680.528
US,United States,Financial,Insurance,2016,16Q1,2930532533.5424
US,United States,Financial,Insurance,2016,16Q2,2613954533.7625
US,United States,Financial,Insurance,2016,16Q3,2613326752.11
US,United States,Financial,Insurance,2016,16Q4,2839574472.6725
US,United States,Financial,Insurance,2017,17Q1,3004985375.194
US,United States,Financial,Insurance,2017,17Q2,2760414288.9825
US,United States,Financial,Insurance,2017,17Q3,2700259325.535
US,United States,Financial,Insurance,2017,17Q4,2985833585.715
US,United States,Financial,Insurance,2018,18Q1,3535326914.7408
US,United States,Financial,Insurance,2018,18Q2,3281141794.85
US,United States,Financial,Insurance,2018,18Q3,2976531567.54
US,United States,Financial,Insurance,2018,18Q4,3262463882.2425
US,United States,Financial,Insurance,2019,19Q1,4478543736.423
US,United States,Financial,Insurance,2019,19Q2,3250861753.3275
US,United States,Financial,Insurance,2019,19q3,3233295007.53
US,United States,Financial,Insurance,2019,19Q4,3463969340.605
US,United States,Financial,Insurance,2020,20Q1,4498495541.3575
US,United States,Financial,Insurance,2020,20Q2,3346458721.205
US,United States,Financial,Insurance,2020,20Q3,3344255268.1575
US,United States,Financial,Insurance,2020,20Q4,3624354533.84
US,United States,Financial,Insurance,2021,21Q1,6070475934.505
US,United States,Financial,Insurance,2021,21q2,4820114221.405
US,United States,Financial,Insurance,2021,21q3,3763775987.0775
US,United States,Financial,Insurance,2021,21Q4,5457352865.5725
US,United States,Financial,Insurance,2022,22q1,3789468082.535
US,United States,Financial,Insurance,2022,22Q2,4264382818.795
US,United States,Financial,Insurance,2022,22Q3,3748263419.78
US,United States,Financial,Insurance,2022,22Q4,3778294763.105
US,United States,Financial,Insurance,2023,23Q1,4083021088.8125
US,United States,Financial,Insurance,2023,23Q2,3675827617.665
US,United States,Financial,Insurance,2023,23Q3,3709343998.575
US,United States,Financial,Insurance,2023,23q4,4145885321.44
US,United States,Financial,Insurance,2024,24q1,4476383162.9825
US,United States,Financial,Insurance,2024,24q2,4028515614.8575
US,United States,Financial,Insurance,2024,24q3,4044478551.12
US,United States,Financial,Insurance,2024,24q4,6361989089.385
US,United States,Financial,Insurance,2025,25Q1,6867758957.22
US,United States,Financial,Insurance,2025,25q2,4318383670.715
US,United States,Health,Healthcare,2010,10Q1,1519196220.595
US,United States,Health,Healthcare,2010,10Q2,1675840161.34
US,United States,Health,Healthcare,2010,10Q3,1665268469.44
US,United States,Health,Healthcare,2010,10Q4,1668151609.74
US,United States,Health,Healthcare,2011,11Q1,1827469379.12
US,United States,Health,Healthcare,2011,11Q2,1943227339.2025
US,United States,Health,Healthcare,2011,11Q3,1993905601.675
US,United States,Health,Healthcare,2011,11Q4,1989202033.7975
US,United States,Health,Healthcare,2012,12Q1,2950299491.425
US,United States,Health,Healthcare,2012,12Q2,2218240136.76
US,United States,Health,Healthcare,2012,12Q3,2237234402.8125
US,United States,Health,Healthcare,2012,12Q4,4602371277.505
US,United States,Health,Healthcare,2013,13Q1,1615549479.06
US,United States,Health,Healthcare,2013,13Q2,1952267926.66
US,United States,Health,Healthcare,2013,13Q3,1995083251.31
US,United States,Health,Healthcare,2013,13Q4,2010441409.3475
US,United States,Health,Healthcare,2014,14Q1,2206295930.32
US,United States,Health,Healthcare,2014,14Q2,2303016717.9975
US,United States,Health,Healthcare,2014,14Q3,2342955158.5175
US,United States,Health,Healthcare,2014,14Q4,2349215102.1125
US,United States,Health,Healthcare,2015,15Q1,2524431111.345
US,United States,Health,Healthcare,2015,15Q2,2660211670.2475
US,United States,Health,Healthcare,2015,15Q3,2904148351.082
US,United States,Health,Healthcare,2015,15Q4,2713197398.709
US,United States,Health,Healthcare,2016,16Q1,2859834439.767
US,United States,Health,Healthcare,2016,16Q2,2984028244.505
US,United States,Health,Healthcare,2016,16Q3,3068368739.2584
US,United States,Health,Healthcare,2016,16Q4,3078120122.073
US,United States,Health,Healthcare,2017,17Q1,3184776804.5328
US,United States,Health,Healthcare,2017,17Q2,3393340999.7484
US,United States,Health,Healthcare,2017,17Q3,3453858149.637
US,United States,Health,Healthcare,2017,17Q4,3468644263.1698
US,United States,Health,Healthcare,2018,18Q1,3671152132.0184
US,United States,Health,Healthcare,2018,18Q2,3843369860.6236
US,United States,Health,Healthcare,2018,18Q3,3910757252.9487
US,United States,Health,Healthcare,2018,18Q4,3921715607.3487
US,United States,Health,Healthcare,2019,19Q1,4034599262.3638
US,United States,Health,Healthcare,2019,19Q2,4353605653.9539
US,United States,Health,Healthcare,2019,19q3,4417619089.4741
US,United States,Health,Healthcare,2019,19Q4,4420221871.441
US,United States,Health,Healthcare,2020,20Q1,4560616791.6744
US,United States,Health,Healthcare,2020,20Q2,4597440207.9113
US,United States,Health,Healthcare,2020,20Q3,4656091828.4148
US,United States,Health,Healthcare,2020,20Q4,4674081859.8064
US,United States,Health,Healthcare,2021,21Q1,5508362413.4149
US,United States,Health,Healthcare,2021,21q2,5614323568.084
US,United States,Health,Healthcare,2021,21q3,5696614162.8916
US,United States,Health,Healthcare,2021,21Q4,5690750998.068
US,United States,Health,Healthcare,2022,22q1,5908839068.4516
US,United States,Health,Healthcare,2022,22Q2,6066886379.2036
US,United States,Health,Healthcare,2022,22Q3,6116360767.6684
US,United States,Health,Healthcare,2022,22Q4,6120959835.9179
US,United States,Health,Healthcare,2023,23Q1,6353252768.5671
US,United States,Health,Healthcare,2023,23Q2,6562504568.5013
US,United States,Health,Healthcare,2023,23Q3,6577795122.1742
US,United States,Health,Healthcare,2023,23q4,6591935724.6738
US,United States,Health,Healthcare,2024,24q1,6844162027.0298
US,United States,Health,Healthcare,2024,24q2,7071779604.4718
US,United States,Health,Healthcare,2024,24q3,7058996429.1162
US,United States,Health,Healthcare,2024,24q4,7089406525.3594
US,United States,Health,Healthcare,2025,25Q1,7131634036.9518
US,United States,Health,Healthcare,2025,25q2,7219370912.0808
US,United States,Health,Pharmaceuticals,2010,10Q1,4835386845.41
US,United States,Health,Pharmaceuticals,2010,10Q2,5275569384.04
US,United States,Health,Pharmaceuticals,2010,10Q3,5274276528.99
US,United States,Health,Pharmaceuticals,2010,10Q4,5248598047.99
US,United States,Health,Pharmaceuticals,2011,11Q1,5416661870.28
US,United States,Health,Pharmaceuticals,2011,11Q2,5480119449.22
US,United States,Health,Pharmaceuticals,2011,11Q3,5741011081.62
US,United States,Health,Pharmaceuticals,2011,11Q4,5678087355.95
US,United States,Health,Pharmaceuticals,2012,12Q1,6005779301.425
US,United States,Health,Pharmaceuticals,2012,12Q2,6147985618.26
US,United States,Health,Pharmaceuticals,2012,12Q3,6147794091.305
US,United States,Health,Pharmaceuticals,2012,12Q4,6138059469.47
US,United States,Health,Pharmaceuticals,2013,13Q1,7108108547.26
US,United States,Health,Pharmaceuticals,2013,13Q2,7112943673.44
US,United States,Health,Pharmaceuticals,2013,13Q3,7115551184.215
US,United States,Health,Pharmaceuticals,2013,13Q4,6961526235.685
US,United States,Health,Pharmaceuticals,2014,14Q1,7256701534.966
US,United States,Health,Pharmaceuticals,2014,14Q2,7440138215.206
US,United States,Health,Pharmaceuticals,2014,14Q3,7430792636.056
US,United States,Health,Pharmaceuticals,2014,14Q4,7380395364.756
US,United States,Health,Pharmaceuticals,2015,15Q1,7778604399.159
US,United States,Health,Pharmaceuticals,2015,15Q2,8555659715.342
US,United States,Health,Pharmaceuticals,2015,15Q3,8578245294.208
US,United States,Health,Pharmaceuticals,2015,15Q4,8546786013.722
US,United States,Health,Pharmaceuticals,2016,16Q1,8942902606.015
US,United States,Health,Pharmaceuticals,2016,16Q2,9077007791.27
US,United States,Health,Pharmaceuticals,2016,16Q3,9057733364.36
US,United States,Health,Pharmaceuticals,2016,16Q4,9017190872.82
US,United States,Health,Pharmaceuticals,2017,17Q1,9469748951.187
US,United States,Health,Pharmaceuticals,2017,17Q2,9503393026.485
US,United States,Health,Pharmaceuticals,2017,17Q3,9477756249.861
US,United States,Health,Pharmaceuticals,2017,17Q4,9470638899.661
US,United States,Health,Pharmaceuticals,2018,18Q1,9987286657.913
US,United States,Health,Pharmaceuticals,2018,18Q2,10418095689.441
US,United States,Health,Pharmaceuticals,2018,18Q3,10388003000.758
US,United States,Health,Pharmaceuticals,2018,18Q4,10256074314.3425
US,United States,Health,Pharmaceuticals,2019,19Q1,10903034983.294
US,United States,Health,Pharmaceuticals,2019,19Q2,10862645007.266
US,United States,Health,Pharmaceuticals,2019,19q3,10823502615.444
US,United States,Health,Pharmaceuticals,2019,19Q4,10787570399.305
US,United States,Health,Pharmaceuticals,2020,20Q1,11529152849.13
US,United States,Health,Pharmaceuticals,2020,20Q2,11977230378.25
US,United States,Health,Pharmaceuticals,2020,20Q3,12017624285.53
US,United States,Health,Pharmaceuticals,2020,20Q4,12362566192.19
US,United States,Health,Pharmaceuticals,2021,21Q1,13085101512.554
US,United States,Health,Pharmaceuticals,2021,21q2,13379213100.39
US,United States,Health,Pharmaceuticals,2021,21q3,13377107296.68
US,United States,Health,Pharmaceuticals,2021,21Q4,13371801878.302
US,United States,Health,Pharmaceuticals,2022,22q1,14142784192.2
US,United States,Health,Pharmaceuticals,2022,22Q2,14260859531.26
US,United States,Health,Pharmaceuticals,2022,22Q3,14263593066.695
US,United States,Health,Pharmaceuticals,2022,22Q4,14253071546.755
US,United States,Health,Pharmaceuticals,2023,23Q1,14879580763.065
US,United States,Health,Pharmaceuticals,2023,23Q2,15057498757.505
US,United States,Health,Pharmaceuticals,2023,23Q3,15058047762.57
US,United States,Health,Pharmaceuticals,2023,23q4,14823831396.03
US,United States,Health,Pharmaceuticals,2024,24q1,15450851518.624
US,United States,Health,Pharmaceuticals,2024,24q2,15565565366.69
US,United States,Health,Pharmaceuticals,2024,24q3,15559749037.496
US,United States,Health,Pharmaceuticals,2024,24q4,15554068447.938
US,United States,Health,Pharmaceuticals,2025,25Q1,16321429815.656
US,United States,Health,Pharmaceuticals,2025,25q2,16509670482.186
US,United States,Industrial,Machinery,2010,10Q1,4171756719.2669
US,United States,Industrial,Machinery,2010,10Q2,4157745751.322
US,United States,Industrial,Machinery,2010,10Q3,4288223157.6695
US,United States,Industrial,Machinery,2010,10Q4,4692181914.354
US,United States,Industrial,Machinery,2011,11Q1,3795127649.4545
US,United States,Industrial,Machinery,2011,11Q2,4951520175.3725
US,United States,Industrial,Machinery,2011,11Q3,5144643142.465
US,United States,Industrial,Machinery,2011,11Q4,5242078650.6048
US,United States,Industrial,Machinery,2012,12Q1,5789583083.9008
US,United States,Industrial,Machinery,2012,12Q2,5613161805.1078
US,United States,Industrial,Machinery,2012,12Q3,5755325403.3438
US,United States,Industrial,Machinery,2012,12Q4,7885635594.5288
US,United States,Industrial,Machinery,2013,13Q1,5408662052.9136
US,United States,Industrial,Machinery,2013,13Q2,6194846959.6598
US,United States,Industrial,Machinery,2013,13Q3,7421162261.7212
US,United States,Industrial,Machinery,2013,13Q4,6354799270.1812
US,United States,Industrial,Machinery,2014,14Q1,7382843465.889
US,United States,Industrial,Machinery,2014,14Q2,8749424194.6122
US,United States,Industrial,Machinery,2014,14Q3,7186786080.971
US,United States,Industrial,Machinery,2014,14Q4,7267240179.781
US,United States,Industrial,Machinery,2015,15Q1,8039864787.3768
US,United States,Industrial,Machinery,2015,15Q2,7982071678.5346
US,United States,Industrial,Machinery,2015,15Q3,7748682114.7158
US,United States,Industrial,Machinery,2015,15Q4,7751005917.8602
US,United States,Industrial,Machinery,2016,16Q1,8449128504.1342
US,United States,Industrial,Machinery,2016,16Q2,7977444062.91703
US,United States,Industrial,Machinery,2016,16Q3,7873486366.7159
US,United States,Industrial,Machinery,2016,16Q4,8969719286.6914
US,United States,Industrial,Machinery,2017,17Q1,8417860618.81
US,United States,Industrial,Machinery,2017,17Q2,8411585267.00155
US,United States,Industrial,Machinery,2017,17Q3,9448863191.26
US,United States,Industrial,Machinery,2017,17Q4,8393787147.755
US,United States,Industrial,Machinery,2018,18Q1,8164189837.345
US,United States,Industrial,Machinery,2018,18Q2,8036702285.08854
US,United States,Industrial,Machinery,2018,18Q3,7887313936.55
US,United States,Industrial,Machinery,2018,18Q4,8009602527.415
US,United States,Industrial,Machinery,2019,19Q1,8126347664.47
US,United States,Industrial,Machinery,2019,19Q2,7690639204.43628
US,United States,Industrial,Machinery,2019,19q3,9238362863.322
US,United States,Industrial,Machinery,2019,19Q4,7654924899.801
US,United States,Industrial,Machinery,2020,20Q1,10320448732.951
US,United States,Industrial,Machinery,2020,20Q2,6709511816.75671
US,United States,Industrial,Machinery,2020,20Q3,6846215682.601
US,United States,Industrial,Machinery,2020,20Q4,7150302992.54
US,United States,Industrial,Machinery,2021,21Q1,7353558426.1675
US,United States,Industrial,Machinery,2021,21q2,8108085717.2529
US,United States,Industrial,Machinery,2021,21q3,8010785297.6725
US,United States,Industrial,Machinery,2021,21Q4,8131358482.685
US,United States,Industrial,Machinery,2022,22q1,8876389344.43
US,United States,Industrial,Machinery,2022,22Q2,8859800814.576
US,United States,Industrial,Machinery,2022,22Q3,9585732235.76
US,United States,Industrial,Machinery,2022,22Q4,8548328306.98
US,United States,Industrial,Machinery,2023,23Q1,9865776744.45
US,United States,Industrial,Machinery,2023,23Q2,9499482948.7332
US,United States,Industrial,Machinery,2023,23Q3,9135829014.575
US,United States,Industrial,Machinery,2023,23q4,11287523910.08
US,United States,Industrial,Machinery,2024,24q1,11158486271.55
US,United States,Industrial,Machinery,2024,24q2,9791207919.6
US,United States,Industrial,Machinery,2024,24q3,9281589335.53
US,United States,Industrial,Machinery,2024,24q4,13706900862.0975
US,United States,Industrial,Machinery,2025,25Q1,11418858523.4575
US,United States,Industrial,Machinery,2025,25q2,10517405111.085
US,United States,Industrial,Support Services,2010,10Q1,625150439.975458
US,United States,Industrial,Support Services,2010,10Q2,551397356.435645
US,United States,Industrial,Support Services,2010,10Q3,548834813.014572
US,United States,Industrial,Support Services,2010,10Q4,638338322.011079
US,United States,Industrial,Support Services,2011,11Q1,590871524.420654
US,United States,Industrial,Support Services,2011,11Q2,593872447.712462
US,United States,Industrial,Support Services,2011,11Q3,592649627.341801
US,United States,Industrial,Support Services,2011,11Q4,665916327.329273
US,United States,Industrial,Support Services,2012,12Q1,633583514.687675
US,United States,Industrial,Support Services,2012,12Q2,870467359.649608
US,United States,Industrial,Support Services,2012,12Q3,1524110773.90217
US,United States,Industrial,Support Services,2012,12Q4,1024398442.7323
US,United States,Industrial,Support Services,2013,13Q1,597942220.301561
US,United States,Industrial,Support Services,2013,13Q2,940970090.855769
US,United States,Industrial,Support Services,2013,13Q3,727210255.20697
US,United States,Industrial,Support Services,2013,13Q4,1056393912.58125
US,United States,Industrial,Support Services,2014,14Q1,897472073.978808
US,United States,Industrial,Support Services,2014,14Q2,752876639.765998
US,United States,Industrial,Support Services,2014,14Q3,908507495.741174
US,United States,Industrial,Support Services,2014,14Q4,997874226.213625
US,United States,Industrial,Support Services,2015,15Q1,788533294.095
US,United States,Industrial,Support Services,2015,15Q2,798238306.934924
US,United States,Industrial,Support Services,2015,15Q3,807019139.950059
US,United States,Industrial,Support Services,2015,15Q4,970796848.788849
US,United States,Industrial,Support Services,2016,16Q1,850116022.797793
US,United States,Industrial,Support Services,2016,16Q2,857723619.859749
US,United States,Industrial,Support Services,2016,16Q3,1864857212.13
US,United States,Industrial,Support Services,2016,16Q4,1075541659.7
US,United States,Industrial,Support Services,2017,17Q1,947274805.0875
US,United States,Industrial,Support Services,2017,17Q2,946381136.18
US,United States,Industrial,Support Services,2017,17Q3,960416081.95
US,United States,Industrial,Support Services,2017,17Q4,1166623666.05
US,United States,Industrial,Support Services,2018,18Q1,1023628247.315
US,United States,Industrial,Support Services,2018,18Q2,1057924439.09
US,United States,Industrial,Support Services,2018,18Q3,1083183087.915
US,United States,Industrial,Support Services,2018,18Q4,1358024890.355
US,United States,Industrial,Support Services,2019,19Q1,1225544510.2175
US,United States,Industrial,Support Services,2019,19Q2,1243525764.3875
US,United States,Industrial,Support Services,2019,19q3,1246169268.3075
US,United States,Industrial,Support Services,2019,19Q4,1557174329.54
US,United States,Industrial,Support Services,2020,20Q1,1307323573.365
US,United States,Industrial,Support Services,2020,20Q2,1388119684.26
US,United States,Industrial,Support Services,2020,20Q3,1342140826.975
US,United States,Industrial,Support Services,2020,20Q4,1768598628.81
US,United States,Industrial,Support Services,2021,21Q1,1489110674.38
US,United States,Industrial,Support Services,2021,21q2,1504416660.72
US,United States,Industrial,Support Services,2021,21q3,1522628668.745
US,United States,Industrial,Support Services,2021,21Q4,1602946677.285
US,United States,Industrial,Support Services,2022,22q1,1647239032.84
US,United States,Industrial,Support Services,2022,22Q2,1689514286.78
US,United States,Industrial,Support Services,2022,22Q3,1706209937.49
US,United States,Industrial,Support Services,2022,22Q4,1772026130.58
US,United States,Industrial,Support Services,2023,23Q1,1892393675.96
US,United States,Industrial,Support Services,2023,23Q2,1945755099.875
US,United States,Industrial,Support Services,2023,23Q3,1973656493.745
US,United States,Industrial,Support Services,2023,23q4,2011635482.56
US,United States,Industrial,Support Services,2024,24q1,2124235969.695
US,United States,Industrial,Support Services,2024,24q2,2155815696.785
US,United States,Industrial,Support Services,2024,24q3,2175762364.985
US,United States,Industrial,Support Services,2024,24q4,2213220034.505
US,United States,Industrial,Support Services,2025,25Q1,2320046205.095
US,United States,Industrial,Support Services,2025,25q2,2367883251.855
US,United States,Industrial,Transport,2010,10Q1,692089563.182
US,United States,Industrial,Transport,2010,10Q2,695497727.0205
US,United States,Industrial,Transport,2010,10Q3,737690728.8075
US,United States,Industrial,Transport,2010,10Q4,769357325.53
US,United States,Industrial,Transport,2011,11Q1,779767893.8275
US,United States,Industrial,Transport,2011,11Q2,816550499.347
US,United States,Industrial,Transport,2011,11Q3,874084136.8015
US,United States,Industrial,Transport,2011,11Q4,856983543.61
US,United States,Industrial,Transport,2012,12Q1,975695230.854
US,United States,Industrial,Transport,2012,12Q2,973672853.57
US,United States,Industrial,Transport,2012,12Q3,981212717.93
US,United States,Industrial,Transport,2012,12Q4,1086345093.5
US,United States,Industrial,Transport,2013,13Q1,1006446929.09
US,United States,Industrial,Transport,2013,13Q2,1076947319.57
US,United States,Industrial,Transport,2013,13Q3,1132238035.85
US,United States,Industrial,Transport,2013,13Q4,1137685825.95
US,United States,Industrial,Transport,2014,14Q1,1237705035.79
US,United States,Industrial,Transport,2014,14Q2,1269078887.27
US,United States,Industrial,Transport,2014,14Q3,1107099505.885
US,United States,Industrial,Transport,2014,14Q4,1306802030.53
US,United States,Industrial,Transport,2015,15Q1,1915456780.42
US,United States,Industrial,Transport,2015,15Q2,1435435614.565
US,United States,Industrial,Transport,2015,15Q3,1470982506.825
US,United States,Industrial,Transport,2015,15Q4,1416730890.565
US,United States,Industrial,Transport,2016,16Q1,1712305148.715
US,United States,Industrial,Transport,2016,16Q2,1670773294.83
US,United States,Industrial,Transport,2016,16Q3,1747967681.175
US,United States,Industrial,Transport,2016,16Q4,1720875856.925
US,United States,Industrial,Transport,2017,17Q1,1883433972.185
US,United States,Industrial,Transport,2017,17Q2,1849665130.9075
US,United States,Industrial,Transport,2017,17Q3,1940288699.405
US,United States,Industrial,Transport,2017,17Q4,1896213725.95
US,United States,Industrial,Transport,2018,18Q1,2193575017.045
US,United States,Industrial,Transport,2018,18Q2,2127526881.96
US,United States,Industrial,Transport,2018,18Q3,2243513095.87
US,United States,Industrial,Transport,2018,18Q4,2143158980.76
US,United States,Industrial,Transport,2019,19Q1,2428778573.5
US,United States,Industrial,Transport,2019,19Q2,2322447485.12
US,United States,Industrial,Transport,2019,19q3,2429842020.9625
US,United States,Industrial,Transport,2019,19Q4,2319058797.535
US,United States,Industrial,Transport,2020,20Q1,2553427235.8775
US,United States,Industrial,Transport,2020,20Q2,2112845177.11
US,United States,Industrial,Transport,2020,20Q3,2115102510.62
US,United States,Industrial,Transport,2020,20Q4,2219826873.92
US,United States,Industrial,Transport,2021,21Q1,1968835198.3
US,United States,Industrial,Transport,2021,21q2,2203833906.19
US,United States,Industrial,Transport,2021,21q3,2241797119.49803
US,United States,Industrial,Transport,2021,21Q4,2495151352.97886
US,United States,Industrial,Transport,2022,22q1,2529643565.62
US,United States,Industrial,Transport,2022,22Q2,2791875624.76
US,United States,Industrial,Transport,2022,22Q3,2872716741.82
US,United States,Industrial,Transport,2022,22Q4,2847476407.77
US,United States,Industrial,Transport,2023,23Q1,3183469669.12
US,United States,Industrial,Transport,2023,23Q2,2954201489.64
US,United States,Industrial,Transport,2023,23Q3,3251737750.28
US,United States,Industrial,Transport,2023,23q4,3135191024.18
US,United States,Industrial,Transport,2024,24q1,3294208518.65
US,United States,Industrial,Transport,2024,24q2,3292882706.45
US,United States,Industrial,Transport,2024,24q3,3274988198.73
US,United States,Industrial,Transport,2024,24q4,3265293201.77
US,United States,Industrial,Transport,2025,25Q1,3303605961.51
US,United States,Industrial,Transport,2025,25q2,3380172930.38
US,United States,Media & Telecommunications,Media,2010,10Q1,241646713.7145
US,United States,Media & Telecommunications,Media,2010,10Q2,257355077.197
US,United States,Media & Telecommunications,Media,2010,10Q3,256864899.555
US,United States,Media & Telecommunications,Media,2010,10Q4,255847680.7985
US,United States,Media & Telecommunications,Media,2011,11Q1,285386867.7045
US,United States,Media & Telecommunications,Media,2011,11Q2,334821785.1775
US,United States,Media & Telecommunications,Media,2011,11Q3,333483019.0575
US,United States,Media & Telecommunications,Media,2011,11Q4,332953873.985
US,United States,Media & Telecommunications,Media,2012,12Q1,331150456.845
US,United States,Media & Telecommunications,Media,2012,12Q2,451249532.07
US,United States,Media & Telecommunications,Media,2012,12Q3,450840441.27
US,United States,Media & Telecommunications,Media,2012,12Q4,529145204.67
US,United States,Media & Telecommunications,Media,2013,13Q1,375365554.8
US,United States,Media & Telecommunications,Media,2013,13Q2,549878925.355
US,United States,Media & Telecommunications,Media,2013,13Q3,551616219.315
US,United States,Media & Telecommunications,Media,2013,13Q4,550148293.365
US,United States,Media & Telecommunications,Media,2014,14Q1,559281258.155
US,United States,Media & Telecommunications,Media,2014,14Q2,727877984.17
US,United States,Media & Telecommunications,Media,2014,14Q3,652907839.34
US,United States,Media & Telecommunications,Media,2014,14Q4,648965039.99
US,United States,Media & Telecommunications,Media,2015,15Q1,653076548.29
US,United States,Media & Telecommunications,Media,2015,15Q2,705697199.46
US,United States,Media & Telecommunications,Media,2015,15Q3,704188664.52
US,United States,Media & Telecommunications,Media,2015,15Q4,741179319.84
US,United States,Media & Telecommunications,Media,2016,16Q1,705074356
US,United States,Media & Telecommunications,Media,2016,16Q2,883116716
US,United States,Media & Telecommunications,Media,2016,16Q3,851485637.475
US,United States,Media & Telecommunications,Media,2016,16Q4,883243097.725
US,United States,Media & Telecommunications,Media,2017,17Q1,855849851.295
US,United States,Media & Telecommunications,Media,2017,17Q2,983825755.885
US,United States,Media & Telecommunications,Media,2017,17Q3,939666229.305
US,United States,Media & Telecommunications,Media,2017,17Q4,975963575.165
US,United States,Media & Telecommunications,Media,2018,18Q1,949080742.935
US,United States,Media & Telecommunications,Media,2018,18Q2,1132888262.91
US,United States,Media & Telecommunications,Media,2018,18Q3,1085741602.33
US,United States,Media & Telecommunications,Media,2018,18Q4,1116469190.06
US,United States,Media & Telecommunications,Media,2019,19Q1,1083056296.775
US,United States,Media & Telecommunications,Media,2019,19Q2,1366075302.725
US,United States,Media & Telecommunications,Media,2019,19q3,2766310262.61
US,United States,Media & Telecommunications,Media,2019,19Q4,1367454220.1
US,United States,Media & Telecommunications,Media,2020,20Q1,2780685506.735
US,United States,Media & Telecommunications,Media,2020,20Q2,1463776516.59
US,United States,Media & Telecommunications,Media,2020,20Q3,1287205142.85
US,United States,Media & Telecommunications,Media,2020,20Q4,1516740006.875
US,United States,Media & Telecommunications,Media,2021,21Q1,1345490939.43
US,United States,Media & Telecommunications,Media,2021,21q2,1626519432.74
US,United States,Media & Telecommunications,Media,2021,21q3,1588234602.98
US,United States,Media & Telecommunications,Media,2021,21Q4,1483464520.01
US,United States,Media & Telecommunications,Media,2022,22q1,1576890254.22
US,United States,Media & Telecommunications,Media,2022,22Q2,1562218158.61
US,United States,Media & Telecommunications,Media,2022,22Q3,1636543558.49
US,United States,Media & Telecommunications,Media,2022,22Q4,1511847509.11
US,United States,Media & Telecommunications,Media,2023,23Q1,1612990696.03
US,United States,Media & Telecommunications,Media,2023,23Q2,1571826490.45
US,United States,Media & Telecommunications,Media,2023,23Q3,1643893271.92
US,United States,Media & Telecommunications,Media,2023,23q4,1539820497.65
US,United States,Media & Telecommunications,Media,2024,24q1,3425951119.46
US,United States,Media & Telecommunications,Media,2024,24q2,5333330142.73
US,United States,Media & Telecommunications,Media,2024,24q3,6219117926.76
US,United States,Media & Telecommunications,Media,2024,24q4,5293732154.95
US,United States,Media & Telecommunications,Media,2025,25Q1,6336562102.8
US,United States,Media & Telecommunications,Media,2025,25q2,5519901470.89
US,United States,Media & Telecommunications,Telecoms,2010,10Q1,2479767100
US,United States,Media & Telecommunications,Telecoms,2010,10Q2,3821569172.01
US,United States,Media & Telecommunications,Telecoms,2010,10Q3,3824482302.275
US,United States,Media & Telecommunications,Telecoms,2010,10Q4,3859836532.6125
US,United States,Media & Telecommunications,Telecoms,2011,11Q1,3919356532.6125
US,United States,Media & Telecommunications,Telecoms,2011,11Q2,3921092005.775
US,United States,Media & Telecommunications,Telecoms,2011,11Q3,3926368174.125
US,United States,Media & Telecommunications,Telecoms,2011,11Q4,3963725328
US,United States,Media & Telecommunications,Telecoms,2012,12Q1,4022985328
US,United States,Media & Telecommunications,Telecoms,2012,12Q2,4029167031.64
US,United States,Media & Telecommunications,Telecoms,2012,12Q3,4004158437.5
US,United States,Media & Telecommunications,Telecoms,2012,12Q4,4008128667.645
US,United States,Media & Telecommunications,Telecoms,2013,13Q1,4025768667.645
US,United States,Media & Telecommunications,Telecoms,2013,13Q2,3360426193.96
US,United States,Media & Telecommunications,Telecoms,2013,13Q3,3360698546.56
US,United States,Media & Telecommunications,Telecoms,2013,13Q4,3906677903.86
US,United States,Media & Telecommunications,Telecoms,2014,14Q1,3940007903.86
US,United States,Media & Telecommunications,Telecoms,2014,14Q2,4592588446.04
US,United States,Media & Telecommunications,Telecoms,2014,14Q3,4584373030.49
US,United States,Media & Telecommunications,Telecoms,2014,14Q4,4669748038.3
US,United States,Media & Telecommunications,Telecoms,2015,15Q1,4720238038.3
US,United States,Media & Telecommunications,Telecoms,2015,15Q2,4682546782.16
US,United States,Media & Telecommunications,Telecoms,2015,15Q3,4676840307.4
US,United States,Media & Telecommunications,Telecoms,2015,15Q4,5189883322.405
US,United States,Media & Telecommunications,Telecoms,2016,16Q1,5251873322.405
US,United States,Media & Telecommunications,Telecoms,2016,16Q2,5256790279.395
US,United States,Media & Telecommunications,Telecoms,2016,16Q3,5257990535.645
US,United States,Media & Telecommunications,Telecoms,2016,16Q4,5307216107.28
US,United States,Media & Telecommunications,Telecoms,2017,17Q1,5363346107.28
US,United States,Media & Telecommunications,Telecoms,2017,17Q2,5365205179.0225
US,United States,Media & Telecommunications,Telecoms,2017,17Q3,5368378094.59
US,United States,Media & Telecommunications,Telecoms,2017,17Q4,5415470093.24
US,United States,Media & Telecommunications,Telecoms,2018,18Q1,5476370093.24
US,United States,Media & Telecommunications,Telecoms,2018,18Q2,5509963985.72
US,United States,Media & Telecommunications,Telecoms,2018,18Q3,5508342007.54
US,United States,Media & Telecommunications,Telecoms,2018,18Q4,6120539098.3525
US,United States,Media & Telecommunications,Telecoms,2019,19Q1,6201319098.3525
US,United States,Media & Telecommunications,Telecoms,2019,19Q2,6213996963.405
US,United States,Media & Telecommunications,Telecoms,2019,19q3,6213845663.8325
US,United States,Media & Telecommunications,Telecoms,2019,19Q4,6270077288.535
US,United States,Media & Telecommunications,Telecoms,2020,20Q1,6342107288.535
US,United States,Media & Telecommunications,Telecoms,2020,20Q2,6280082105.835
US,United States,Media & Telecommunications,Telecoms,2020,20Q3,6280118061.81
US,United States,Media & Telecommunications,Telecoms,2020,20Q4,6301654215.2925
US,United States,Media & Telecommunications,Telecoms,2021,21Q1,6302174215.2925
US,United States,Media & Telecommunications,Telecoms,2021,21q2,6306409457.6275
US,United States,Media & Telecommunications,Telecoms,2021,21q3,6310722794.3925
US,United States,Media & Telecommunications,Telecoms,2021,21Q4,6362504893.44
US,United States,Media & Telecommunications,Telecoms,2022,22q1,6399375269.76
US,United States,Media & Telecommunications,Telecoms,2022,22Q2,4669924704.2675
US,United States,Media & Telecommunications,Telecoms,2022,22Q3,4665282392.64
US,United States,Media & Telecommunications,Telecoms,2022,22Q4,4717845884.1675
US,United States,Media & Telecommunications,Telecoms,2023,23Q1,4718123384.1675
US,United States,Media & Telecommunications,Telecoms,2023,23Q2,4725600809.325
US,United States,Media & Telecommunications,Telecoms,2023,23Q3,4726983590.2125
US,United States,Media & Telecommunications,Telecoms,2023,23q4,5531283892.235
US,United States,Media & Telecommunications,Telecoms,2024,24q1,5551322109.73
US,United States,Media & Telecommunications,Telecoms,2024,24q2,5545759623.0675
US,United States,Media & Telecommunications,Telecoms,2024,24q3,5547461235.15
US,United States,Media & Telecommunications,Telecoms,2024,24q4,5868462422.1975
US,United States,Media & Telecommunications,Telecoms,2025,25Q1,5846428030.9175
US,United States,Media & Telecommunications,Telecoms,2025,25q2,5847650181.775
US,United States,Mining & Chemicals,Mining & Chemicals,2010,10Q1,712879386.6425
US,United States,Mining & Chemicals,Mining & Chemicals,2010,10Q2,753362740.0425
US,United States,Mining & Chemicals,Mining & Chemicals,2010,10Q3,850971108.2275
US,United States,Mining & Chemicals,Mining & Chemicals,2010,10Q4,1334070441.4905
US,United States,Mining & Chemicals,Mining & Chemicals,2011,11Q1,1002283603.9
US,United States,Mining & Chemicals,Mining & Chemicals,2011,11Q2,1621704764.458
US,United States,Mining & Chemicals,Mining & Chemicals,2011,11Q3,1274651450.22125
US,United States,Mining & Chemicals,Mining & Chemicals,2011,11Q4,3899756808.7275
US,United States,Mining & Chemicals,Mining & Chemicals,2012,12Q1,1315562787.30625
US,United States,Mining & Chemicals,Mining & Chemicals,2012,12Q2,1493110430.445
US,United States,Mining & Chemicals,Mining & Chemicals,2012,12Q3,1507493254.845
US,United States,Mining & Chemicals,Mining & Chemicals,2012,12Q4,3556680713.4425
US,United States,Mining & Chemicals,Mining & Chemicals,2013,13Q1,1402504902.0025
US,United States,Mining & Chemicals,Mining & Chemicals,2013,13Q2,1647064476.695
US,United States,Mining & Chemicals,Mining & Chemicals,2013,13Q3,2272831840.415
US,United States,Mining & Chemicals,Mining & Chemicals,2013,13Q4,2005637432.6775
US,United States,Mining & Chemicals,Mining & Chemicals,2014,14Q1,1724511187.1215
US,United States,Mining & Chemicals,Mining & Chemicals,2014,14Q2,1738643435.285
US,United States,Mining & Chemicals,Mining & Chemicals,2014,14Q3,1739116629.54
US,United States,Mining & Chemicals,Mining & Chemicals,2014,14Q4,1766611198.9125
US,United States,Mining & Chemicals,Mining & Chemicals,2015,15Q1,1792025142.485
US,United States,Mining & Chemicals,Mining & Chemicals,2015,15Q2,1588119070.295
US,United States,Mining & Chemicals,Mining & Chemicals,2015,15Q3,1696049862.2265
US,United States,Mining & Chemicals,Mining & Chemicals,2015,15Q4,1594614781.046
US,United States,Mining & Chemicals,Mining & Chemicals,2016,16Q1,1566644502.7965
US,United States,Mining & Chemicals,Mining & Chemicals,2016,16Q2,1613083838.6115
US,United States,Mining & Chemicals,Mining & Chemicals,2016,16Q3,1611846731.9978
US,United States,Mining & Chemicals,Mining & Chemicals,2016,16Q4,1644497115.4246
US,United States,Mining & Chemicals,Mining & Chemicals,2017,17Q1,1661783268.6268
US,United States,Mining & Chemicals,Mining & Chemicals,2017,17Q2,1702650700.2112
US,United States,Mining & Chemicals,Mining & Chemicals,2017,17Q3,1743968353.3825
US,United States,Mining & Chemicals,Mining & Chemicals,2017,17Q4,2642061945.21
US,United States,Mining & Chemicals,Mining & Chemicals,2018,18Q1,2736722274.4
US,United States,Mining & Chemicals,Mining & Chemicals,2018,18Q2,2850191313.0225
US,United States,Mining & Chemicals,Mining & Chemicals,2018,18Q3,2865887165.05
US,United States,Mining & Chemicals,Mining & Chemicals,2018,18Q4,2874556218.075
US,United States,Mining & Chemicals,Mining & Chemicals,2019,19Q1,2905359890.375
US,United States,Mining & Chemicals,Mining & Chemicals,2019,19Q2,3454829334.24
US,United States,Mining & Chemicals,Mining & Chemicals,2019,19q3,3409362626.32
US,United States,Mining & Chemicals,Mining & Chemicals,2019,19Q4,3340195683.1625
US,United States,Mining & Chemicals,Mining & Chemicals,2020,20Q1,3176943631.5525
US,United States,Mining & Chemicals,Mining & Chemicals,2020,20Q2,3225906502.41
US,United States,Mining & Chemicals,Mining & Chemicals,2020,20Q3,3232307691.9725
US,United States,Mining & Chemicals,Mining & Chemicals,2020,20Q4,3363245908.175
US,United States,Mining & Chemicals,Mining & Chemicals,2021,21Q1,3515131705.0525
US,United States,Mining & Chemicals,Mining & Chemicals,2021,21q2,3800053168.46
US,United States,Mining & Chemicals,Mining & Chemicals,2021,21q3,3835266768.7075
US,United States,Mining & Chemicals,Mining & Chemicals,2021,21Q4,3806764637.64
US,United States,Mining & Chemicals,Mining & Chemicals,2022,22q1,3980888331.945
US,United States,Mining & Chemicals,Mining & Chemicals,2022,22Q2,5741725829.1225
US,United States,Mining & Chemicals,Mining & Chemicals,2022,22Q3,4061946647.4225
US,United States,Mining & Chemicals,Mining & Chemicals,2022,22Q4,4038570921.4845
US,United States,Mining & Chemicals,Mining & Chemicals,2023,23Q1,3939049283.8195
US,United States,Mining & Chemicals,Mining & Chemicals,2023,23Q2,3994291765.97
US,United States,Mining & Chemicals,Mining & Chemicals,2023,23Q3,4021957085.5475
US,United States,Mining & Chemicals,Mining & Chemicals,2023,23q4,4808990958.1275
US,United States,Mining & Chemicals,Mining & Chemicals,2024,24q1,5498219224.45
US,United States,Mining & Chemicals,Mining & Chemicals,2024,24q2,5143326136.015
US,United States,Mining & Chemicals,Mining & Chemicals,2024,24q3,5061060269.795
US,United States,Mining & Chemicals,Mining & Chemicals,2024,24q4,5058048886.32
US,United States,Mining & Chemicals,Mining & Chemicals,2025,25Q1,5034920737.1524
US,United States,Mining & Chemicals,Mining & Chemicals,2025,25q2,5606446064.4782
US,United States,"Oil, Gas & Energy","Oil, Gas & Energy",2010,10Q1,5186450260.84
US,United States,"Oil, Gas & Energy","Oil, Gas & Energy",2010,10Q2,5405963942.48
US,United States,"Oil, Gas & Energy","Oil, Gas & Energy",2010,10Q3,5619673516.63
US,United States,"Oil, Gas & Energy","Oil, Gas & Energy",2010,10Q4,5560708497.685
US,United States,"Oil, Gas & Energy","Oil, Gas & Energy",2011,11Q1,5779578501.8944
US,United States,"Oil, Gas & Energy","Oil, Gas & Energy",2011,11Q2,6239290431.505
US,United States,"Oil, Gas & Energy","Oil, Gas & Energy",2011,11Q3,6318375987.8
US,United States,"Oil, Gas & Energy","Oil, Gas & Energy",2011,11Q4,6403889142.815
US,United States,"Oil, Gas & Energy","Oil, Gas & Energy",2012,12Q1,6395902487.10875
US,United States,"Oil, Gas & Energy","Oil, Gas & Energy",2012,12Q2,7110977130.26
US,United States,"Oil, Gas & Energy","Oil, Gas & Energy",2012,12Q3,7239956714.17375
US,United States,"Oil, Gas & Energy","Oil, Gas & Energy",2012,12Q4,7757119911.6375
US,United States,"Oil, Gas & Energy","Oil, Gas & Energy",2013,13Q1,6925253087.75392
US,United States,"Oil, Gas & Energy","Oil, Gas & Energy",2013,13Q2,8064743978.75784
US,United States,"Oil, Gas & Energy","Oil, Gas & Energy",2013,13Q3,8190210804.49071
US,United States,"Oil, Gas & Energy","Oil, Gas & Energy",2013,13Q4,8135059978.29997
US,United States,"Oil, Gas & Energy","Oil, Gas & Energy",2014,14Q1,8114196878.26695
US,United States,"Oil, Gas & Energy","Oil, Gas & Energy",2014,14Q2,8823825339.67186
US,United States,"Oil, Gas & Energy","Oil, Gas & Energy",2014,14Q3,8968787854.32785
US,United States,"Oil, Gas & Energy","Oil, Gas & Energy",2014,14Q4,8997624005.61125
US,United States,"Oil, Gas & Energy","Oil, Gas & Energy",2015,15Q1,9027721740.4618
US,United States,"Oil, Gas & Energy","Oil, Gas & Energy",2015,15Q2,9947005473.89192
US,United States,"Oil, Gas & Energy","Oil, Gas & Energy",2015,15Q3,10069721230.085
US,United States,"Oil, Gas & Energy","Oil, Gas & Energy",2015,15Q4,10167932351.8125
US,United States,"Oil, Gas & Energy","Oil, Gas & Energy",2016,16Q1,8720490168.3075
US,United States,"Oil, Gas & Energy","Oil, Gas & Energy",2016,16Q2,8838985165.8675
US,United States,"Oil, Gas & Energy","Oil, Gas & Energy",2016,16Q3,8528827308.2375
US,United States,"Oil, Gas & Energy","Oil, Gas & Energy",2016,16Q4,8634968965.7025
US,United States,"Oil, Gas & Energy","Oil, Gas & Energy",2017,17Q1,8801443239.1675
US,United States,"Oil, Gas & Energy","Oil, Gas & Energy",2017,17Q2,9015471121.675
US,United States,"Oil, Gas & Energy","Oil, Gas & Energy",2017,17Q3,9191041398.88
US,United States,"Oil, Gas & Energy","Oil, Gas & Energy",2017,17Q4,9184816273.0725
US,United States,"Oil, Gas & Energy","Oil, Gas & Energy",2018,18Q1,9402213332.385
US,United States,"Oil, Gas & Energy","Oil, Gas & Energy",2018,18Q2,9848566734.45
US,United States,"Oil, Gas & Energy","Oil, Gas & Energy",2018,18Q3,9855343621.35
US,United States,"Oil, Gas & Energy","Oil, Gas & Energy",2018,18Q4,10148950130.615
US,United States,"Oil, Gas & Energy","Oil, Gas & Energy",2019,19Q1,10403605521.3075
US,United States,"Oil, Gas & Energy","Oil, Gas & Energy",2019,19Q2,10800317234.34
US,United States,"Oil, Gas & Energy","Oil, Gas & Energy",2019,19q3,10823997735.6662
US,United States,"Oil, Gas & Energy","Oil, Gas & Energy",2019,19Q4,10943616267.17
US,United States,"Oil, Gas & Energy","Oil, Gas & Energy",2020,20Q1,11349956397.0362
US,United States,"Oil, Gas & Energy","Oil, Gas & Energy",2020,20Q2,11095814469.7788
US,United States,"Oil, Gas & Energy","Oil, Gas & Energy",2020,20Q3,9908604745.195
US,United States,"Oil, Gas & Energy","Oil, Gas & Energy",2020,20Q4,10020095174.7
US,United States,"Oil, Gas & Energy","Oil, Gas & Energy",2021,21Q1,10321114964.79
US,United States,"Oil, Gas & Energy","Oil, Gas & Energy",2021,21q2,10537103105.4438
US,United States,"Oil, Gas & Energy","Oil, Gas & Energy",2021,21q3,11239874859.3163
US,United States,"Oil, Gas & Energy","Oil, Gas & Energy",2021,21Q4,12757592745.6025
US,United States,"Oil, Gas & Energy","Oil, Gas & Energy",2022,22q1,13548116068.6575
US,United States,"Oil, Gas & Energy","Oil, Gas & Energy",2022,22Q2,15337684085.0475
US,United States,"Oil, Gas & Energy","Oil, Gas & Energy",2022,22Q3,15318606906.1775
US,United States,"Oil, Gas & Energy","Oil, Gas & Energy",2022,22Q4,16251001925.6325
US,United States,"Oil, Gas & Energy","Oil, Gas & Energy",2023,23Q1,14765829019.94
US,United States,"Oil, Gas & Energy","Oil, Gas & Energy",2023,23Q2,13339593895.1275
US,United States,"Oil, Gas & Energy","Oil, Gas & Energy",2023,23Q3,12971907393.0875
US,United States,"Oil, Gas & Energy","Oil, Gas & Energy",2023,23q4,14827822634.1425
US,United States,"Oil, Gas & Energy","Oil, Gas & Energy",2024,24q1,13516163157.3375
US,United States,"Oil, Gas & Energy","Oil, Gas & Energy",2024,24q2,13460894303.6025
US,United States,"Oil, Gas & Energy","Oil, Gas & Energy",2024,24q3,13744010803.7825
US,United States,"Oil, Gas & Energy","Oil, Gas & Energy",2024,24q4,13806859448.0075
US,United States,"Oil, Gas & Energy","Oil, Gas & Energy",2025,25Q1,13561671388.9375
US,United States,"Oil, Gas & Energy","Oil, Gas & Energy",2025,25q2,14231085871.375
US,United States,Property,Property,2010,10Q1,841808539.728
US,United States,Property,Property,2010,10Q2,798243224.025438
US,United States,Property,Property,2010,10Q3,1674969883.34125
US,United States,Property,Property,2010,10Q4,860185402.039375
US,United States,Property,Property,2011,11Q1,1135220469.20825
US,United States,Property,Property,2011,11Q2,1028416020.58694
US,United States,Property,Property,2011,11Q3,1098847382.04615
US,United States,Property,Property,2011,11Q4,1156034894.31431
US,United States,Property,Property,2012,12Q1,462884608.2315
US,United States,Property,Property,2012,12Q2,279427409.453375
US,United States,Property,Property,2012,12Q3,280820309.859125
US,United States,Property,Property,2012,12Q4,321105474.015188
US,United States,Property,Property,2013,13Q1,548947373.636242
US,United States,Property,Property,2013,13Q2,457162790.813276
US,United States,Property,Property,2013,13Q3,457600988.75745
US,United States,Property,Property,2013,13Q4,461667345.561444
US,United States,Property,Property,2014,14Q1,715163455.773806
US,United States,Property,Property,2014,14Q2,180539601
US,United States,Property,Property,2014,14Q3,180601537.5
US,United States,Property,Property,2014,14Q4,180871336
US,United States,Property,Property,2015,15Q1,870130631.5
US,United States,Property,Property,2015,15Q2,200998559.0925
US,United States,Property,Property,2015,15Q3,201103792.6625
US,United States,Property,Property,2015,15Q4,201155450.3075
US,United States,Property,Property,2016,16Q1,3314357838.335
US,United States,Property,Property,2016,16Q2,183940082.51125
US,United States,Property,Property,2016,16Q3,184121701.51375
US,United States,Property,Property,2016,16Q4,1280817202.89375
US,United States,Property,Property,2017,17Q1,525611102.97725
US,United States,Property,Property,2017,17Q2,590460190.41325
US,United States,Property,Property,2017,17Q3,592070145.8542
US,United States,Property,Property,2017,17Q4,604160439.21775
US,United States,Property,Property,2018,18Q2,48803557
US,United States,Property,Property,2018,18Q3,48806994.5
US,United States,Property,Property,2018,18Q4,49004215.7
US,United States,Property,Property,2020,20Q1,4186280678.9145
US,United States,Property,Property,2020,20Q2,4662721661.1155
US,United States,Property,Property,2020,20Q3,5070798235.7625
US,United States,Property,Property,2020,20Q4,4919632327.4785
US,United States,Property,Property,2021,21Q1,5918594047.318
US,United States,Property,Property,2021,21q2,5631739801.9335
US,United States,Property,Property,2021,21q3,6242765366.2005
US,United States,Property,Property,2021,21Q4,6052589802.4855
US,United States,Property,Property,2022,22q1,7896156309.5445
US,United States,Property,Property,2022,22Q2,6975323564.2265
US,United States,Property,Property,2022,22Q3,7148216907.432
US,United States,Property,Property,2022,22Q4,7136289451.088
US,United States,Property,Property,2023,23Q1,9163404057.2985
US,United States,Property,Property,2023,23Q2,8275082195.3255
US,United States,Property,Property,2023,23Q3,8942086136.9985
US,United States,Property,Property,2023,23q4,8924100148.437
US,United States,Property,Property,2024,24q1,10164707692.0575
US,United States,Property,Property,2024,24q2,9685378490.255
US,United States,Property,Property,2024,24q3,9783772925.6975
US,United States,Property,Property,2024,24q4,9453957757.473
US,United States,Property,Property,2025,25Q1,9978882118.4195
US,United States,Property,Property,2025,25q2,10510520450.4803
US,United States,Technology,IT Hardware,2010,10Q1,284837034.545
US,United States,Technology,IT Hardware,2010,10Q2,283482685.295
US,United States,Technology,IT Hardware,2010,10Q3,282666886.255
US,United States,Technology,IT Hardware,2010,10Q4,452650624.03
US,United States,Technology,IT Hardware,2011,11Q1,96154691.63
US,United States,Technology,IT Hardware,2011,11Q2,601224399.94
US,United States,Technology,IT Hardware,2011,11Q3,675410063.065
US,United States,Technology,IT Hardware,2011,11Q4,773969832.895
US,United States,Technology,IT Hardware,2012,12Q1,765371924.995
US,United States,Technology,IT Hardware,2012,12Q2,879837276.615
US,United States,Technology,IT Hardware,2012,12Q3,3382338017.52
US,United States,Technology,IT Hardware,2012,12Q4,4600790034.798
US,United States,Technology,IT Hardware,2013,13Q1,2984152904.622
US,United States,Technology,IT Hardware,2013,13Q2,4337381474.846
US,United States,Technology,IT Hardware,2013,13Q3,4323205423.9476
US,United States,Technology,IT Hardware,2013,13Q4,4331110318.1999
US,United States,Technology,IT Hardware,2014,14Q1,4303475141.1271
US,United States,Technology,IT Hardware,2014,14Q2,4473255018.9107
US,United States,Technology,IT Hardware,2014,14Q3,4542184837.61
US,United States,Technology,IT Hardware,2014,14Q4,4497143754.3
US,United States,Technology,IT Hardware,2015,15Q1,4486653722.985
US,United States,Technology,IT Hardware,2015,15Q2,4855603732.675
US,United States,Technology,IT Hardware,2015,15Q3,4844923253.8885
US,United States,Technology,IT Hardware,2015,15Q4,4780132328.167
US,United States,Technology,IT Hardware,2016,16Q1,4775309306.4415
US,United States,Technology,IT Hardware,2016,16Q2,5238688777.0815
US,United States,Technology,IT Hardware,2016,16Q3,5178176095.3615
US,United States,Technology,IT Hardware,2016,16Q4,5160797684.108
US,United States,Technology,IT Hardware,2017,17Q1,5174921916.7984
US,United States,Technology,IT Hardware,2017,17Q2,5612194902.222
US,United States,Technology,IT Hardware,2017,17Q3,5577296852.5353
US,United States,Technology,IT Hardware,2017,17Q4,5552102365.6917
US,United States,Technology,IT Hardware,2018,18Q1,5583611767.4941
US,United States,Technology,IT Hardware,2018,18Q2,6125135346.2288
US,United States,Technology,IT Hardware,2018,18Q3,6134244022.7494
US,United States,Technology,IT Hardware,2018,18Q4,6024335851.9969
US,United States,Technology,IT Hardware,2019,19Q1,6019242923.7989
US,United States,Technology,IT Hardware,2019,19Q2,6168071870.2063
US,United States,Technology,IT Hardware,2019,19q3,6071136604.9168
US,United States,Technology,IT Hardware,2019,19Q4,6006604455.2228
US,United States,Technology,IT Hardware,2020,20Q1,6008012554.8108
US,United States,Technology,IT Hardware,2020,20Q2,6226529783.2578
US,United States,Technology,IT Hardware,2020,20Q3,6021355129.3286
US,United States,Technology,IT Hardware,2020,20Q4,5998861557.237
US,United States,Technology,IT Hardware,2021,21Q1,6000690420.0556
US,United States,Technology,IT Hardware,2021,21q2,6282692017.3634
US,United States,Technology,IT Hardware,2021,21q3,6240796521.5124
US,United States,Technology,IT Hardware,2021,21Q4,6370742415.2594
US,United States,Technology,IT Hardware,2022,22q1,6471813042.53
US,United States,Technology,IT Hardware,2022,22Q2,6737072287.52
US,United States,Technology,IT Hardware,2022,22Q3,6659094590.85
US,United States,Technology,IT Hardware,2022,22Q4,6603397415.62
US,United States,Technology,IT Hardware,2023,23Q1,6615381192.03
US,United States,Technology,IT Hardware,2023,23Q2,6804242765.905
US,United States,Technology,IT Hardware,2023,23Q3,6771498068.005
US,United States,Technology,IT Hardware,2023,23q4,6745954933.1575
US,United States,Technology,IT Hardware,2024,24q1,6973831519.6944
US,United States,Technology,IT Hardware,2024,24q2,7172079260.9654
US,United States,Technology,IT Hardware,2024,24q3,7070629368.5816
US,United States,Technology,IT Hardware,2024,24q4,7173886686.1394
US,United States,Technology,IT Hardware,2025,25Q1,6946942915.0484
US,United States,Technology,IT Hardware,2025,25q2,7437963735.8426
US,United States,Technology,Semiconductors,2010,10Q1,1324648587.601
US,United States,Technology,Semiconductors,2010,10Q2,1370516925.942
US,United States,Technology,Semiconductors,2010,10Q3,1381204583.069
US,United States,Technology,Semiconductors,2010,10Q4,1466237891.062
US,United States,Technology,Semiconductors,2011,11Q1,1476828245.48
US,United States,Technology,Semiconductors,2011,11Q2,1554508615.839
US,United States,Technology,Semiconductors,2011,11Q3,1720847795.792
US,United States,Technology,Semiconductors,2011,11Q4,1689357722.6
US,United States,Technology,Semiconductors,2012,12Q1,1887607780.286
US,United States,Technology,Semiconductors,2012,12Q2,2046980174.48
US,United States,Technology,Semiconductors,2012,12Q3,2080569925.713
US,United States,Technology,Semiconductors,2012,12Q4,2281168649.06
US,United States,Technology,Semiconductors,2013,13Q1,2178824567.646
US,United States,Technology,Semiconductors,2013,13Q2,2536121341.142
US,United States,Technology,Semiconductors,2013,13Q3,2500339282.748
US,United States,Technology,Semiconductors,2013,13Q4,2520051109.052
US,United States,Technology,Semiconductors,2014,14Q1,2536896253.71
US,United States,Technology,Semiconductors,2014,14Q2,2677430842.3735
US,United States,Technology,Semiconductors,2014,14Q3,2713109288.953
US,United States,Technology,Semiconductors,2014,14Q4,5444595983.7275
US,United States,Technology,Semiconductors,2015,15Q1,2816062470.571
US,United States,Technology,Semiconductors,2015,15Q2,2896540444.065
US,United States,Technology,Semiconductors,2015,15Q3,2967782487.762
US,United States,Technology,Semiconductors,2015,15Q4,2879464013.2005
US,United States,Technology,Semiconductors,2016,16Q1,3085690363.169
US,United States,Technology,Semiconductors,2016,16Q2,3195069949.2685
US,United States,Technology,Semiconductors,2016,16Q3,3160961306.67
US,United States,Technology,Semiconductors,2016,16Q4,3456986119.6815
US,United States,Technology,Semiconductors,2017,17Q1,3615921417.325
US,United States,Technology,Semiconductors,2017,17Q2,3694216799.1755
US,United States,Technology,Semiconductors,2017,17Q3,3632926443.508
US,United States,Technology,Semiconductors,2017,17Q4,4132707621.0175
US,United States,Technology,Semiconductors,2018,18Q1,4367037624.833
US,United States,Technology,Semiconductors,2018,18Q2,4614047670.6505
US,United States,Technology,Semiconductors,2018,18Q3,4547589246.302
US,United States,Technology,Semiconductors,2018,18Q4,4975895466.668
US,United States,Technology,Semiconductors,2019,19Q1,4832693290.555
US,United States,Technology,Semiconductors,2019,19Q2,3945657513.2915
US,United States,Technology,Semiconductors,2019,19q3,4986389679.74
US,United States,Technology,Semiconductors,2019,19Q4,6383953747.049
US,United States,Technology,Semiconductors,2020,20Q1,5392476344.327
US,United States,Technology,Semiconductors,2020,20Q2,5407262078.5025
US,United States,Technology,Semiconductors,2020,20Q3,5442023057.4
US,United States,Technology,Semiconductors,2020,20Q4,5678189236.158
US,United States,Technology,Semiconductors,2021,21Q1,5816791747.86
US,United States,Technology,Semiconductors,2021,21q2,5892608539.8345
US,United States,Technology,Semiconductors,2021,21q3,5988013305.302
US,United States,Technology,Semiconductors,2021,21Q4,6459793226.814
US,United States,Technology,Semiconductors,2022,22q1,6670365411.0695
US,United States,Technology,Semiconductors,2022,22Q2,6833221342.38
US,United States,Technology,Semiconductors,2022,22Q3,6891428492.152
US,United States,Technology,Semiconductors,2022,22Q4,7270296102.135
US,United States,Technology,Semiconductors,2023,23Q1,7319236753.516
US,United States,Technology,Semiconductors,2023,23Q2,6474510222.456
US,United States,Technology,Semiconductors,2023,23Q3,6496884844.49
US,United States,Technology,Semiconductors,2023,23q4,7176555592.811
US,United States,Technology,Semiconductors,2024,24q1,7190697420.824
US,United States,Technology,Semiconductors,2024,24q2,7262957127.632
US,United States,Technology,Semiconductors,2024,24q3,7276629394.142
US,United States,Technology,Semiconductors,2024,24q4,7644527314.96
US,United States,Technology,Semiconductors,2025,25Q1,6914482672.735
US,United States,Technology,Semiconductors,2025,25q2,7535053685.233
US,United States,Technology,Software & IT Services,2010,10Q1,1863571435.18
US,United States,Technology,Software & IT Services,2010,10Q2,2212619337.425
US,United States,Technology,Software & IT Services,2010,10Q3,1945628715.51
US,United States,Technology,Software & IT Services,2010,10Q4,2751706617.16
US,United States,Technology,Software & IT Services,2011,11Q1,2152717036.19
US,United States,Technology,Software & IT Services,2011,11Q2,3013913612.05
US,United States,Technology,Software & IT Services,2011,11Q3,2237003468.62
US,United States,Technology,Software & IT Services,2011,11Q4,3044850780.075
US,United States,Technology,Software & IT Services,2012,12Q1,2607425827.34
US,United States,Technology,Software & IT Services,2012,12Q2,3140561613.405
US,United States,Technology,Software & IT Services,2012,12Q3,2692764925.26
US,United States,Technology,Software & IT Services,2012,12Q4,3461328975.87
US,United States,Technology,Software & IT Services,2013,13Q1,2938017936.37
US,United States,Technology,Software & IT Services,2013,13Q2,3750381934.38
US,United States,Technology,Software & IT Services,2013,13Q3,3112519118.58
US,United States,Technology,Software & IT Services,2013,13Q4,4789630173.04
US,United States,Technology,Software & IT Services,2014,14Q1,4054687866.33
US,United States,Technology,Software & IT Services,2014,14Q2,4846394368.26
US,United States,Technology,Software & IT Services,2014,14Q3,4097247513.09
US,United States,Technology,Software & IT Services,2014,14Q4,5155653577.85
US,United States,Technology,Software & IT Services,2015,15Q1,4333123651.58
US,United States,Technology,Software & IT Services,2015,15Q2,5426196732.28
US,United States,Technology,Software & IT Services,2015,15Q3,4575340347.85
US,United States,Technology,Software & IT Services,2015,15Q4,5838967564.65
US,United States,Technology,Software & IT Services,2016,16Q1,7547831396.3
US,United States,Technology,Software & IT Services,2016,16Q2,5813990486.755
US,United States,Technology,Software & IT Services,2016,16Q3,4885619338.87
US,United States,Technology,Software & IT Services,2016,16Q4,5907523339.83
US,United States,Technology,Software & IT Services,2017,17Q1,5094786721.28
US,United States,Technology,Software & IT Services,2017,17Q2,6224150050.125
US,United States,Technology,Software & IT Services,2017,17Q3,5409422403.325
US,United States,Technology,Software & IT Services,2017,17Q4,6506634334.015
US,United States,Technology,Software & IT Services,2018,18Q1,5673372429.69
US,United States,Technology,Software & IT Services,2018,18Q2,6601700713.67
US,United States,Technology,Software & IT Services,2018,18Q3,5672848374.83
US,United States,Technology,Software & IT Services,2018,18Q4,6894982419.035
US,United States,Technology,Software & IT Services,2019,19Q1,5922849191.235
US,United States,Technology,Software & IT Services,2019,19Q2,7042371831.045
US,United States,Technology,Software & IT Services,2019,19q3,6026657620.595
US,United States,Technology,Software & IT Services,2019,19Q4,6962532312.8
US,United States,Technology,Software & IT Services,2020,20Q1,14147526824.57
US,United States,Technology,Software & IT Services,2020,20Q2,6931740896.635
US,United States,Technology,Software & IT Services,2020,20Q3,6909971006.955
US,United States,Technology,Software & IT Services,2020,20Q4,7342313239.635
US,United States,Technology,Software & IT Services,2021,21Q1,7327384561.39
US,United States,Technology,Software & IT Services,2021,21q2,7559682428.87
US,United States,Technology,Software & IT Services,2021,21q3,7526330782.205
US,United States,Technology,Software & IT Services,2021,21Q4,8030772002.995
US,United States,Technology,Software & IT Services,2022,22q1,8026227268.975
US,United States,Technology,Software & IT Services,2022,22Q2,8031255759.43
US,United States,Technology,Software & IT Services,2022,22Q3,8022517811.955
US,United States,Technology,Software & IT Services,2022,22Q4,8617901558.615
US,United States,Technology,Software & IT Services,2023,23Q1,8614338939.72
US,United States,Technology,Software & IT Services,2023,23Q2,8845700917
US,United States,Technology,Software & IT Services,2023,23Q3,8926029746.41
US,United States,Technology,Software & IT Services,2023,23q4,9608313038.68
US,United States,Technology,Software & IT Services,2024,24q1,9585457613.955
US,United States,Technology,Software & IT Services,2024,24q2,10037542247.155
US,United States,Technology,Software & IT Services,2024,24q3,10044815586.545
US,United States,Technology,Software & IT Services,2024,24q4,10809256482.66
US,United States,Technology,Software & IT Services,2025,25Q1,10849487171.38
US,United States,Technology,Software & IT Services,2025,25q2,11235215598.12
US,United States,Utilities,Utilities,2010,10Q1,2799960743.36
US,United States,Utilities,Utilities,2010,10Q2,2870565828.425
US,United States,Utilities,Utilities,2010,10Q3,2880432206.69
US,United States,Utilities,Utilities,2010,10Q4,2958825693.45
US,United States,Utilities,Utilities,2011,11Q1,3023047605.16
US,United States,Utilities,Utilities,2011,11Q2,3064901111.8425
US,United States,Utilities,Utilities,2011,11Q3,3075947291.8475
US,United States,Utilities,Utilities,2011,11Q4,3185913372.8175
US,United States,Utilities,Utilities,2012,12Q1,3258820287.9175
US,United States,Utilities,Utilities,2012,12Q2,3376558722.944
US,United States,Utilities,Utilities,2012,12Q3,3618736738.368
US,United States,Utilities,Utilities,2012,12Q4,3682220222.4015
US,United States,Utilities,Utilities,2013,13Q1,3671964974.67
US,United States,Utilities,Utilities,2013,13Q2,3778439116.4475
US,United States,Utilities,Utilities,2013,13Q3,3817256915.8875
US,United States,Utilities,Utilities,2013,13Q4,3846383845.2635
US,United States,Utilities,Utilities,2014,14Q1,3868769779.316
US,United States,Utilities,Utilities,2014,14Q2,3922866561.9025
US,United States,Utilities,Utilities,2014,14Q3,3947853591.59
US,United States,Utilities,Utilities,2014,14Q4,3976767944.275
US,United States,Utilities,Utilities,2015,15Q1,4104018422.08
US,United States,Utilities,Utilities,2015,15Q2,4131639755.175
US,United States,Utilities,Utilities,2015,15Q3,4151797184.35771
US,United States,Utilities,Utilities,2015,15Q4,4208402241.7975
US,United States,Utilities,Utilities,2016,16Q1,4356080723.022
US,United States,Utilities,Utilities,2016,16Q2,4382724661.831
US,United States,Utilities,Utilities,2016,16Q3,4441539443.8067
US,United States,Utilities,Utilities,2016,16Q4,4501362499.0241
US,United States,Utilities,Utilities,2017,17Q1,4693594686.2609
US,United States,Utilities,Utilities,2017,17Q2,4754234525.1754
US,United States,Utilities,Utilities,2017,17Q3,4820218598.4471
US,United States,Utilities,Utilities,2017,17Q4,4853876386.2281
US,United States,Utilities,Utilities,2018,18Q1,4970867855.126
US,United States,Utilities,Utilities,2018,18Q2,5063963869.1913
US,United States,Utilities,Utilities,2018,18Q3,5119926304.4235
US,United States,Utilities,Utilities,2018,18Q4,5188779935.171
US,United States,Utilities,Utilities,2019,19Q1,5716256749.353
US,United States,Utilities,Utilities,2019,19Q2,5804250672.4565
US,United States,Utilities,Utilities,2019,19q3,5840719807.5519
US,United States,Utilities,Utilities,2019,19Q4,6266129917.8607
US,United States,Utilities,Utilities,2020,20Q1,6583808905.9532
US,United States,Utilities,Utilities,2020,20Q2,6642950998.1812
US,United States,Utilities,Utilities,2020,20Q3,6673513004.3968
US,United States,Utilities,Utilities,2020,20Q4,6275558255.0064
US,United States,Utilities,Utilities,2021,21Q1,7004151646.9164
US,United States,Utilities,Utilities,2021,21q2,7105154465.7751
US,United States,Utilities,Utilities,2021,21q3,7139375762.0943
US,United States,Utilities,Utilities,2021,21Q4,7165807500.3199
US,United States,Utilities,Utilities,2022,22q1,7402712692.1024
US,United States,Utilities,Utilities,2022,22Q2,7311878762.1588
US,United States,Utilities,Utilities,2022,22Q3,7373159785.65
US,United States,Utilities,Utilities,2022,22Q4,7453819597.858
US,United States,Utilities,Utilities,2023,23Q1,7884120813.0155
US,United States,Utilities,Utilities,2023,23Q2,7999299498.0745
US,United States,Utilities,Utilities,2023,23Q3,8023333103.0737
US,United States,Utilities,Utilities,2023,23q4,7935166662.2847
US,United States,Utilities,Utilities,2024,24q1,8232482977.4832
US,United States,Utilities,Utilities,2024,24q2,8521152222.9168
US,United States,Utilities,Utilities,2024,24q3,8560578771.146
US,United States,Utilities,Utilities,2024,24q4,8636133611.1945
US,United States,Utilities,Utilities,2025,25Q1,8573956084.982
US,United States,Utilities,Utilities,2025,25q2,9108008195.762
